date,rainfall_mm,lga,temp_celsius
2021-01-01,0.0,Ilorin_West,27.89405466715499
2021-01-02,0.0,Ilorin_West,28.344206746419275
2021-01-03,0.0,Ilorin_West,28.468466695149743
2021-01-04,0.0,Ilorin_West,29.17333819071456
2021-01-05,0.0,Ilorin_West,28.56958414713546
2021-01-06,0.0,Ilorin_West,28.95464413960775
2021-01-07,0.0,Ilorin_West,28.761403656005882
2021-01-08,0.0,Ilorin_West,28.59743461608889
2021-01-09,0.0,Ilorin_West,27.99382870992025
2021-01-10,0.0,Ilorin_West,27.63875796000167
2021-01-11,0.0,Ilorin_West,27.978863652547204
2021-01-12,0.0,Ilorin_West,27.891236241658532
2021-01-13,0.0,Ilorin_West,27.518311436971032
2021-01-14,0.0,Ilorin_West,27.270959472656273
2021-01-15,0.0,Ilorin_West,27.264194742838583
2021-01-16,0.0,Ilorin_West,27.233128484090173
2021-01-17,0.0,Ilorin_West,27.45738245646163
2021-01-18,0.0,Ilorin_West,27.79048309326174
2021-01-19,0.0,Ilorin_West,27.738238271077478
2021-01-20,0.0,Ilorin_West,27.027322387695335
2021-01-21,0.0,Ilorin_West,27.055069859822595
2021-01-22,0.0,Ilorin_West,26.34532953898116
2021-01-23,0.0,Ilorin_West,26.732341384887718
2021-01-24,0.0,Ilorin_West,27.790240859985374
2021-01-25,0.0,Ilorin_West,27.005766169230185
2021-01-26,0.0,Ilorin_West,27.55544560750326
2021-01-27,0.0,Ilorin_West,27.658064142862997
2021-01-28,0.0,Ilorin_West,27.803565597534202
2021-01-29,0.0,Ilorin_West,28.470309829711937
2021-01-30,0.0,Ilorin_West,28.32916412353518
2021-01-31,0.0,Ilorin_West,27.832627868652366
2021-02-01,0.0,Ilorin_West,28.1127919514974
2021-02-02,0.0,Ilorin_West,28.535061772664392
2021-02-03,0.0,Ilorin_West,28.950060780843103
2021-02-04,0.0,Ilorin_West,29.073725001017294
2021-02-05,0.0,Ilorin_West,28.665928141276083
2021-02-06,0.0,Ilorin_West,29.014693832397484
2021-02-07,0.0,Ilorin_West,29.110312398274743
2021-02-08,0.0,Ilorin_West,29.034293746948265
2021-02-09,0.0,Ilorin_West,28.658281580607138
2021-02-10,0.0,Ilorin_West,29.27067591349288
2021-02-11,0.0,Ilorin_West,29.994225438435876
2021-02-12,0.0,Ilorin_West,29.768289184570335
2021-02-13,0.0,Ilorin_West,29.49441045125326
2021-02-14,0.0,Ilorin_West,29.83981285095217
2021-02-15,0.0,Ilorin_West,30.225043869018577
2021-02-16,0.0,Ilorin_West,30.16800778706869
2021-02-17,0.0,Ilorin_West,28.90313301086428
2021-02-18,0.0,Ilorin_West,26.889568583170615
2021-02-19,0.0,Ilorin_West,25.045418675740564
2021-02-20,0.0,Ilorin_West,25.608577982584677
2021-02-21,0.0,Ilorin_West,26.957278823852562
2021-02-22,0.0,Ilorin_West,27.369339879353845
2021-02-23,0.0,Ilorin_West,27.87455012003585
2021-02-24,0.0,Ilorin_West,29.168763097127282
2021-02-25,0.0,Ilorin_West,29.623049672444665
2021-02-26,0.0,Ilorin_West,29.79921684265139
2021-02-27,0.0,Ilorin_West,29.370594278971396
2021-02-28,0.0,Ilorin_West,29.804406738281273
2021-03-01,0.0,Ilorin_West,30.111187235514365
2021-03-02,0.0,Ilorin_West,29.93315213521322
2021-03-03,0.0,Ilorin_West,30.076708094279013
2021-03-04,0.0,Ilorin_West,29.93728408813479
2021-03-05,0.0,Ilorin_West,30.47994956970217
2021-03-06,0.0,Ilorin_West,30.930122629801474
2021-03-07,1.8531641960144043,Ilorin_West,30.992067591349326
2021-03-08,0.0,Ilorin_West,30.92729975382491
2021-03-09,0.0,Ilorin_West,30.336925125122093
2021-03-10,3.7063283920288086,Ilorin_West,29.91410153706869
2021-03-11,2.6692779064178467,Ilorin_West,29.15376752217611
2021-03-12,5.338555812835693,Ilorin_West,28.88506215413412
2021-03-13,5.338555812835693,Ilorin_West,28.379703140258812
2021-03-14,2.6692779064178467,Ilorin_West,28.94716351826986
2021-03-15,0.0,Ilorin_West,29.418504969279013
2021-03-16,6.63115930557251,Ilorin_West,28.840957895914755
2021-03-17,0.0,Ilorin_West,27.942390696207724
2021-03-18,13.26231861114502,Ilorin_West,27.67881800333663
2021-03-19,0.0,Ilorin_West,27.607474899292015
2021-03-20,6.63115930557251,Ilorin_West,27.796097056071005
2021-03-21,3.0794668197631836,Ilorin_West,28.18846791585287
2021-03-22,0.0,Ilorin_West,28.744202550252282
2021-03-23,3.0794668197631836,Ilorin_West,28.82125816345217
2021-03-24,3.0794668197631836,Ilorin_West,28.433537419637048
2021-03-25,0.0,Ilorin_West,28.504174168904626
2021-03-26,0.0,Ilorin_West,29.65846977233889
2021-03-27,0.0,Ilorin_West,29.42474772135421
2021-03-28,0.0,Ilorin_West,29.342648442586267
2021-03-29,0.0,Ilorin_West,29.539850489298544
2021-03-30,0.0,Ilorin_West,30.10788497924807
2021-03-31,0.0,Ilorin_West,30.213335291544638
2021-04-01,0.0,Ilorin_West,30.4549550374349
2021-04-02,0.0,Ilorin_West,30.347261047363304
2021-04-03,0.0,Ilorin_West,30.584809239705407
2021-04-04,0.0,Ilorin_West,30.75430831909182
2021-04-05,0.0,Ilorin_West,30.774627939860068
2021-04-06,4.015750885009766,Ilorin_West,30.995687103271507
2021-04-07,0.0,Ilorin_West,31.19321212768557
2021-04-08,8.031501770019531,Ilorin_West,31.425487136840843
2021-04-09,12.047252655029297,Ilorin_West,29.884751892089866
2021-04-10,4.015750885009766,Ilorin_West,30.574003473917685
2021-04-11,13.24381160736084,Ilorin_West,29.41362597147628
2021-04-12,0.0,Ilorin_West,30.286332066853845
2021-04-13,13.24381160736084,Ilorin_West,29.485535558064782
2021-04-14,0.0,Ilorin_West,30.142736689249716
2021-04-15,13.24381160736084,Ilorin_West,29.809530512491904
2021-04-16,4.094638347625732,Ilorin_West,29.529031372070335
2021-04-17,0.0,Ilorin_West,28.69851137797042
2021-04-18,8.189276695251465,Ilorin_West,29.644623692830407
2021-04-19,0.0,Ilorin_West,29.96448987325033
2021-04-20,0.0,Ilorin_West,29.817215220133505
2021-04-21,2.308533191680908,Ilorin_West,30.076470947265648
2021-04-22,9.234132766723633,Ilorin_West,29.035899098714196
2021-04-23,2.308533191680908,Ilorin_West,29.84458249409994
2021-04-24,4.617066383361816,Ilorin_West,29.318421300252282
2021-04-25,4.617066383361816,Ilorin_West,29.366513824462913
2021-04-26,2.395625114440918,Ilorin_West,30.14476102193197
2021-04-27,2.395625114440918,Ilorin_West,29.916658020019554
2021-04-28,4.791250228881836,Ilorin_West,29.27993736267092
2021-04-29,0.0,Ilorin_West,29.858757909139
2021-04-30,0.0,Ilorin_West,29.712742106119833
2021-05-01,0.0,Ilorin_West,30.27649332682296
2021-05-02,0.0,Ilorin_West,30.277906672159872
2021-05-03,0.0,Ilorin_West,28.465142822265648
2021-05-04,14.88050365447998,Ilorin_West,28.802410380045615
2021-05-05,0.0,Ilorin_West,29.149958546956384
2021-05-06,11.22567367553711,Ilorin_West,28.99053535461428
2021-05-07,16.838512420654297,Ilorin_West,27.586321131388388
2021-05-08,0.0,Ilorin_West,28.16765619913741
2021-05-09,11.22567367553711,Ilorin_West,26.77481867472335
2021-05-10,0.0,Ilorin_West,27.339369074503622
2021-05-11,0.0,Ilorin_West,28.938718414306663
2021-05-12,0.0,Ilorin_West,28.779794947306357
2021-05-13,0.0,Ilorin_West,28.349130884806357
2021-05-14,0.0,Ilorin_West,29.04275792439779
2021-05-15,9.974529266357422,Ilorin_West,28.83089154561361
2021-05-16,0.0,Ilorin_West,29.01666666666671
2021-05-17,7.326220512390137,Ilorin_West,28.663826243082724
2021-05-18,7.326220512390137,Ilorin_West,28.536601638793968
2021-05-19,7.326220512390137,Ilorin_West,29.241083399454794
2021-05-20,3.6631102561950684,Ilorin_West,28.094368235270224
2021-05-21,0.0,Ilorin_West,28.736933644612634
2021-05-22,12.258031845092773,Ilorin_West,27.238373057047568
2021-05-23,0.0,Ilorin_West,28.494071578979515
2021-05-24,0.0,Ilorin_West,29.315514500935876
2021-05-25,0.0,Ilorin_West,29.122383371988974
2021-05-26,0.0,Ilorin_West,29.24624150594076
2021-05-27,0.0,Ilorin_West,29.08328781127932
2021-05-28,6.0012054443359375,Ilorin_West,29.162327067057333
2021-05-29,6.0012054443359375,Ilorin_West,28.813057200113974
2021-05-30,6.0012054443359375,Ilorin_West,28.714811579386435
2021-05-31,6.0012054443359375,Ilorin_West,29.14159228007003
2021-06-01,19.432666778564453,Ilorin_West,28.491077677408896
2021-06-02,0.0,Ilorin_West,28.843571599324548
2021-06-03,0.0,Ilorin_West,29.51703478495284
2021-06-04,19.432666778564453,Ilorin_West,27.188872273763025
2021-06-05,6.477556228637695,Ilorin_West,26.67979520161947
2021-06-06,0.0,Ilorin_West,27.41387011210128
2021-06-07,0.0,Ilorin_West,28.15603853861495
2021-06-08,19.514005661010742,Ilorin_West,28.64762649536135
2021-06-09,0.0,Ilorin_West,27.28247985839846
2021-06-10,0.0,Ilorin_West,28.272158559163415
2021-06-11,0.0,Ilorin_West,27.741901016235374
2021-06-12,7.284416198730469,Ilorin_West,28.19220886230471
2021-06-13,0.0,Ilorin_West,28.133410390218103
2021-06-14,0.0,Ilorin_West,28.02800585428878
2021-06-15,14.568832397460938,Ilorin_West,27.481628036499046
2021-06-16,3.30614972114563,Ilorin_West,26.367365137736044
2021-06-17,0.0,Ilorin_West,26.845814641316736
2021-06-18,0.0,Ilorin_West,27.55588811238607
2021-06-19,0.0,Ilorin_West,27.240705744425497
2021-06-20,16.53074836730957,Ilorin_West,24.558189646403036
2021-06-21,5.717008590698242,Ilorin_West,25.41242116292318
2021-06-22,17.151025772094727,Ilorin_West,25.266142781575525
2021-06-23,11.434017181396484,Ilorin_West,25.234725570678734
2021-06-24,0.0,Ilorin_West,26.397353108723962
2021-06-25,0.0,Ilorin_West,26.762136077880882
2021-06-26,10.60788631439209,Ilorin_West,24.978803888956747
2021-06-27,0.0,Ilorin_West,26.392713801066122
2021-06-28,7.071924686431885,Ilorin_West,26.448117828369163
2021-06-29,0.0,Ilorin_West,25.796291605631552
2021-06-30,7.071924686431885,Ilorin_West,26.17315508524581
2021-07-01,4.169426918029785,Ilorin_West,25.736622746785486
2021-07-02,0.0,Ilorin_West,26.320378239949548
2021-07-03,8.33885383605957,Ilorin_West,25.542329406738304
2021-07-04,0.0,Ilorin_West,25.586209233601892
2021-07-05,0.0,Ilorin_West,26.807259496053064
2021-07-06,10.059588432312012,Ilorin_West,26.222582753499353
2021-07-07,0.0,Ilorin_West,25.771192169189476
2021-07-08,0.0,Ilorin_West,26.379582977294945
2021-07-09,0.0,Ilorin_West,24.989709472656273
2021-07-10,0.0,Ilorin_West,25.563843027750693
2021-07-11,7.351623058319092,Ilorin_West,25.615202840169275
2021-07-12,14.703246116638184,Ilorin_West,25.27606035868331
2021-07-13,0.0,Ilorin_West,26.282657241821312
2021-07-14,0.0,Ilorin_West,26.306148783365927
2021-07-15,0.0,Ilorin_West,26.11748402913412
2021-07-16,4.914388656616211,Ilorin_West,24.55939318339034
2021-07-17,0.0,Ilorin_West,25.316722488403343
2021-07-18,0.0,Ilorin_West,25.97036705017092
2021-07-19,0.0,Ilorin_West,25.430926895141624
2021-07-20,0.0,Ilorin_West,25.579904810587607
2021-07-21,0.0,Ilorin_West,25.99060719807943
2021-07-22,0.0,Ilorin_West,26.252557373046898
2021-07-23,0.0,Ilorin_West,26.58398844401046
2021-07-24,0.0,Ilorin_West,26.009434000651083
2021-07-25,0.0,Ilorin_West,26.18163642883303
2021-07-26,0.0,Ilorin_West,23.78830235799154
2021-07-27,0.0,Ilorin_West,24.197175598144554
2021-07-28,0.0,Ilorin_West,25.729758199055993
2021-07-29,0.0,Ilorin_West,26.598179753621423
2021-07-30,0.0,Ilorin_West,25.312484359741234
2021-07-31,0.0,Ilorin_West,25.851857757568382
2021-08-01,0.0,Ilorin_West,26.594714101155603
2021-08-02,8.212213516235352,Ilorin_West,25.78604405721029
2021-08-03,4.106106758117676,Ilorin_West,25.845599746704124
2021-08-04,4.106106758117676,Ilorin_West,25.43012962341311
2021-08-05,0.0,Ilorin_West,24.499721781412802
2021-08-06,0.0,Ilorin_West,25.911278661092126
2021-08-07,14.677586555480957,Ilorin_West,24.206735865275107
2021-08-08,22.01637840270996,Ilorin_West,23.134046808878622
2021-08-09,0.0,Ilorin_West,24.0945818583171
2021-08-10,0.0,Ilorin_West,24.634297943115257
2021-08-11,29.38900375366211,Ilorin_West,23.921700414021814
2021-08-12,0.0,Ilorin_West,24.387410736084007
2021-08-13,9.796334266662598,Ilorin_West,23.743148422241234
2021-08-14,0.0,Ilorin_West,24.460422770182333
2021-08-15,0.0,Ilorin_West,24.79823710123702
2021-08-16,7.703384876251221,Ilorin_West,23.450046157836937
2021-08-17,15.406769752502441,Ilorin_West,24.210558827718103
2021-08-18,0.0,Ilorin_West,23.21590385437014
2021-08-19,7.703384876251221,Ilorin_West,22.90067825317385
2021-08-20,23.11015510559082,Ilorin_West,24.565450922648154
2021-08-21,0.0,Ilorin_West,24.08346837361654
2021-08-22,14.130597114562988,Ilorin_West,24.68813285827639
2021-08-23,14.130597114562988,Ilorin_West,24.53446985880538
2021-08-24,28.261194229125977,Ilorin_West,24.39291343688967
2021-08-25,14.130597114562988,Ilorin_West,24.803166961669945
2021-08-26,23.0156307220459,Ilorin_West,23.407593027750693
2021-08-27,7.671876907348633,Ilorin_West,23.311838404337607
2021-08-28,0.0,Ilorin_West,25.046997324625693
2021-08-29,23.0156307220459,Ilorin_West,25.015834426879906
2021-08-30,15.343753814697266,Ilorin_West,23.57285588582357
2021-08-31,0.0,Ilorin_West,25.673669433593773
2021-09-01,35.060264587402344,Ilorin_West,25.48129234313967
2021-09-02,11.686755180358887,Ilorin_West,23.537905629475915
2021-09-03,23.373510360717773,Ilorin_West,24.58128954569503
2021-09-04,0.0,Ilorin_West,24.492456054687523
2021-09-05,0.0,Ilorin_West,25.206709798177087
2021-09-06,0.0,Ilorin_West,24.305321629842126
2021-09-07,12.76831340789795,Ilorin_West,25.557583745320642
2021-09-08,12.76831340789795,Ilorin_West,24.941263453165732
2021-09-09,38.30493927001953,Ilorin_West,25.970018641154013
2021-09-10,25.5366268157959,Ilorin_West,25.459135945638025
2021-09-11,7.0093159675598145,Ilorin_West,24.82049967447921
2021-09-12,14.018631935119629,Ilorin_West,26.618419265747093
2021-09-13,21.0279483795166,Ilorin_West,24.936245854695642
2021-09-14,14.018631935119629,Ilorin_West,24.33842811584475
2021-09-15,7.0093159675598145,Ilorin_West,24.98230578104659
2021-09-16,6.867926120758057,Ilorin_West,24.95997581481936
2021-09-17,6.867926120758057,Ilorin_West,24.953998184204124
2021-09-18,13.735852241516113,Ilorin_West,25.41097793579104
2021-09-19,6.867926120758057,Ilorin_West,25.635020828247093
2021-09-20,13.735852241516113,Ilorin_West,25.976207351684593
2021-09-21,21.97553825378418,Ilorin_West,25.23268089294436
2021-09-22,10.98776912689209,Ilorin_West,23.648936208089196
2021-09-23,0.0,Ilorin_West,24.79416173299154
2021-09-24,3.6625895500183105,Ilorin_West,25.765500640869163
2021-09-25,3.6625895500183105,Ilorin_West,25.024510320027673
2021-09-26,0.0,Ilorin_West,25.513693110148154
2021-09-27,0.0,Ilorin_West,25.314537302653036
2021-09-28,3.5556888580322266,Ilorin_West,25.707084274292015
2021-09-29,10.66706657409668,Ilorin_West,25.21195755004885
2021-09-30,7.111377716064453,Ilorin_West,24.582370376586937
2021-10-01,0.0,Ilorin_West,25.32186660766604
2021-10-02,12.757951736450195,Ilorin_West,26.530047988891624
2021-10-03,0.0,Ilorin_West,25.828525797526083
2021-10-04,0.0,Ilorin_West,26.250410334269247
2021-10-05,25.51590347290039,Ilorin_West,26.866874313354515
2021-10-06,5.4265570640563965,Ilorin_West,25.56937179565432
2021-10-07,10.853114128112793,Ilorin_West,25.8898915608724
2021-10-08,0.0,Ilorin_West,26.72174669901534
2021-10-09,16.27967071533203,Ilorin_West,26.596925989786826
2021-10-10,10.853114128112793,Ilorin_West,26.582479095459007
2021-10-11,0.0,Ilorin_West,27.133131281534872
2021-10-12,0.0,Ilorin_West,27.70705947875979
2021-10-13,7.303521633148193,Ilorin_West,27.304661051432333
2021-10-14,0.0,Ilorin_West,26.845573043823265
2021-10-15,3.6517608165740967,Ilorin_West,26.982548650105798
2021-10-16,0.0,Ilorin_West,26.951683934529626
2021-10-17,11.112665176391602,Ilorin_West,26.704629516601585
2021-10-18,2.7781662940979004,Ilorin_West,25.888202285766624
2021-10-19,5.556332588195801,Ilorin_West,26.785536702473962
2021-10-20,8.33449935913086,Ilorin_West,25.558699544270837
2021-10-21,0.0,Ilorin_West,26.03213017781576
2021-10-22,7.469378471374512,Ilorin_West,25.519213612874353
2021-10-23,14.938756942749023,Ilorin_West,23.756536102294945
2021-10-24,0.0,Ilorin_West,25.87638880411788
2021-10-25,0.0,Ilorin_West,27.210207239786826
2021-10-26,0.0,Ilorin_West,26.46381212870284
2021-10-27,7.029906272888184,Ilorin_West,26.380080159505212
2021-10-28,0.0,Ilorin_West,26.416153208414755
2021-10-29,0.0,Ilorin_West,27.400607681274437
2021-10-30,0.0,Ilorin_West,27.021955744425497
2021-10-31,7.029906272888184,Ilorin_West,27.19340540568038
2021-11-01,2.0669829845428467,Ilorin_West,27.1336659749349
2021-11-02,4.133965969085693,Ilorin_West,26.78381754557296
2021-11-03,0.0,Ilorin_West,27.325636164347372
2021-11-04,4.133965969085693,Ilorin_West,27.573327636718773
2021-11-05,2.0669829845428467,Ilorin_West,27.225935236612997
2021-11-06,0.0,Ilorin_West,27.464541371663415
2021-11-07,0.0,Ilorin_West,27.726347859700525
2021-11-08,0.0,Ilorin_West,27.639624532063806
2021-11-09,0.0,Ilorin_West,27.74627265930178
2021-11-10,2.0929834842681885,Ilorin_West,27.058463668823265
2021-11-11,0.34229594469070435,Ilorin_West,27.75603319803878
2021-11-12,0.17114797234535217,Ilorin_West,27.599586105346702
2021-11-13,0.0,Ilorin_West,27.460322316487634
2021-11-14,0.17114797234535217,Ilorin_West,27.662257766723656
2021-11-15,0.0,Ilorin_West,27.938993708292685
2021-11-16,0.0,Ilorin_West,27.732251739501976
2021-11-17,0.0,Ilorin_West,28.160285568237327
2021-11-18,0.0,Ilorin_West,28.419098790486657
2021-11-19,0.0,Ilorin_West,28.68887863159182
2021-11-20,0.0,Ilorin_West,28.257489140828454
2021-11-21,0.0,Ilorin_West,27.741579945882165
2021-11-22,0.0,Ilorin_West,27.97829144795736
2021-11-23,0.0,Ilorin_West,28.26359647115072
2021-11-24,0.0,Ilorin_West,28.550459798177087
2021-11-25,0.0,Ilorin_West,28.784317906697595
2021-11-26,0.0,Ilorin_West,28.686565653483115
2021-11-27,0.0,Ilorin_West,28.09802080790206
2021-11-28,0.0,Ilorin_West,28.425895309448265
2021-11-29,0.0,Ilorin_West,28.025299962361657
2021-11-30,0.0,Ilorin_West,28.278750991821312
2021-12-01,0.0,Ilorin_West,27.776632563273154
2021-12-02,0.0,Ilorin_West,28.0388008117676
2021-12-03,0.0,Ilorin_West,28.01696357727053
2021-12-04,0.0,Ilorin_West,28.14835128784182
2021-12-05,0.0,Ilorin_West,29.21925315856936
2021-12-06,0.0,Ilorin_West,29.490966415405296
2021-12-07,0.0,Ilorin_West,28.398274993896507
2021-12-08,0.0,Ilorin_West,27.681680297851585
2021-12-09,0.0,Ilorin_West,27.18769543965658
2021-12-10,0.0,Ilorin_West,27.779716110229515
2021-12-11,0.0,Ilorin_West,27.321874872843466
2021-12-12,0.0,Ilorin_West,27.57893333435061
2021-12-13,0.0,Ilorin_West,27.80616467793783
2021-12-14,0.0,Ilorin_West,28.11517740885421
2021-12-15,0.0,Ilorin_West,27.75956815083822
2021-12-16,3.205045461654663,Ilorin_West,26.704597091674827
2021-12-17,0.0,Ilorin_West,26.815644836425804
2021-12-18,0.0,Ilorin_West,25.45670089721682
2021-12-19,0.0,Ilorin_West,25.368422444661462
2021-12-20,0.0,Ilorin_West,25.576092020670615
2021-12-21,0.0,Ilorin_West,26.266084289550804
2021-12-22,0.0,Ilorin_West,27.177713648478232
2021-12-23,0.0,Ilorin_West,28.30290247599288
2021-12-24,0.0,Ilorin_West,28.834958648681663
2021-12-25,0.0,Ilorin_West,27.698598480224632
2021-12-26,0.0,Ilorin_West,28.10241279602053
2021-12-27,0.0,Ilorin_West,27.552018102010095
2021-12-28,2.1624526977539062,Ilorin_West,27.46963717142745
2021-12-29,0.0,Ilorin_West,27.50835444132491
2021-12-30,0.0,Ilorin_West,27.17705561319991
2021-12-31,0.0,Ilorin_West,27.544556554158532
2022-01-01,0.0,Ilorin_West,27.247338231404626
2022-01-02,0.0,Ilorin_West,27.087230300903343
2022-01-03,0.0,Ilorin_West,26.573197301228845
2022-01-04,0.0,Ilorin_West,27.172074254353845
2022-01-05,0.0,Ilorin_West,27.220385487874353
2022-01-06,0.0,Ilorin_West,28.19355417887374
2022-01-07,0.0,Ilorin_West,28.54940312703451
2022-01-08,0.0,Ilorin_West,28.463548278808616
2022-01-09,0.0,Ilorin_West,28.214090601603232
2022-01-10,0.0,Ilorin_West,28.15987103780111
2022-01-11,0.0,Ilorin_West,27.67450612386068
2022-01-12,0.0,Ilorin_West,28.390796915690146
2022-01-13,0.0,Ilorin_West,28.5124336242676
2022-01-14,0.0,Ilorin_West,28.42627868652346
2022-01-15,0.0,Ilorin_West,28.038005447387718
2022-01-16,0.0,Ilorin_West,27.822403844197595
2022-01-17,0.0,Ilorin_West,26.64527537027999
2022-01-18,0.0,Ilorin_West,25.66117375691732
2022-01-19,0.0,Ilorin_West,25.743310546875023
2022-01-20,0.0,Ilorin_West,26.024465179443382
2022-01-21,0.0,Ilorin_West,26.16938171386721
2022-01-22,0.0,Ilorin_West,26.570367431640648
2022-01-23,0.0,Ilorin_West,26.855578358968103
2022-01-24,0.0,Ilorin_West,26.740696207682333
2022-01-25,0.0,Ilorin_West,26.29071642557784
2022-01-26,0.0,Ilorin_West,26.22204170227053
2022-01-27,0.0,Ilorin_West,26.648355102539085
2022-01-28,0.0,Ilorin_West,26.88750546773275
2022-01-29,0.0,Ilorin_West,26.314474360148154
2022-01-30,0.0,Ilorin_West,25.220050430297874
2022-01-31,0.0,Ilorin_West,25.11187578837081
2022-02-01,0.0,Ilorin_West,25.57142791748049
2022-02-02,0.0,Ilorin_West,26.321023559570335
2022-02-03,0.0,Ilorin_West,26.24242299397787
2022-02-04,0.0,Ilorin_West,26.658518727620446
2022-02-05,0.0,Ilorin_West,26.825589116414392
2022-02-06,0.0,Ilorin_West,27.270342763264978
2022-02-07,0.0,Ilorin_West,27.5029286702474
2022-02-08,0.0,Ilorin_West,27.863400395711267
2022-02-09,0.0,Ilorin_West,28.053597386678064
2022-02-10,0.0,Ilorin_West,28.455454762776696
2022-02-11,0.0,Ilorin_West,28.494069035847986
2022-02-12,0.0,Ilorin_West,27.96550839742025
2022-02-13,0.0,Ilorin_West,28.845537439982138
2022-02-14,0.0,Ilorin_West,29.490845616658532
2022-02-15,0.0,Ilorin_West,28.733159637451195
2022-02-16,0.0,Ilorin_West,29.115256245930993
2022-02-17,0.0,Ilorin_West,29.346588389078818
2022-02-18,0.0,Ilorin_West,30.103730138142907
2022-02-19,0.0,Ilorin_West,29.697494125366234
2022-02-20,0.0,Ilorin_West,29.09829991658529
2022-02-21,0.0,Ilorin_West,28.612495676676474
2022-02-22,0.0,Ilorin_West,29.020181910196982
2022-02-23,0.0,Ilorin_West,29.24559682210287
2022-02-24,0.0,Ilorin_West,29.576341247558616
2022-02-25,0.0,Ilorin_West,29.58377291361495
2022-02-26,0.0,Ilorin_West,29.724970753987634
2022-02-27,0.0,Ilorin_West,29.751079813639365
2022-02-28,0.0,Ilorin_West,30.260258611043298
2022-03-01,0.0,Ilorin_West,30.62984428405764
2022-03-02,3.3011057376861572,Ilorin_West,30.320884958903036
2022-03-03,3.3011057376861572,Ilorin_West,30.347826894124353
2022-03-04,3.3011057376861572,Ilorin_West,28.86248613993331
2022-03-05,4.951658248901367,Ilorin_West,28.85973192850753
2022-03-06,1.0370876789093018,Ilorin_West,29.55923678080245
2022-03-07,0.0,Ilorin_West,29.63763326009115
2022-03-08,0.0,Ilorin_West,30.840533828735374
2022-03-09,0.0,Ilorin_West,31.304433441162132
2022-03-10,0.0,Ilorin_West,31.10066630045577
2022-03-11,6.040176868438721,Ilorin_West,30.40768203735354
2022-03-12,3.0200884342193604,Ilorin_West,30.231249109904013
2022-03-13,0.0,Ilorin_West,29.48316663106283
2022-03-14,0.0,Ilorin_West,30.398909505208337
2022-03-15,0.0,Ilorin_West,30.37676900227865
2022-03-16,0.0,Ilorin_West,30.361081695556663
2022-03-17,0.0,Ilorin_West,31.02178090413412
2022-03-18,0.0,Ilorin_West,30.894562021891318
2022-03-19,0.0,Ilorin_West,30.738233820597372
2022-03-20,2.250943660736084,Ilorin_West,30.73111178080245
2022-03-21,2.1920509338378906,Ilorin_West,30.88840255737307
2022-03-22,1.0960254669189453,Ilorin_West,30.62204513549807
2022-03-23,2.1920509338378906,Ilorin_West,30.289256032307946
2022-03-24,1.0960254669189453,Ilorin_West,30.316955184936546
2022-03-25,0.0,Ilorin_West,31.24821243286135
2022-03-26,0.0,Ilorin_West,31.30080947875979
2022-03-27,0.0,Ilorin_West,31.11854260762533
2022-03-28,0.0,Ilorin_West,31.023686345418298
2022-03-29,0.0,Ilorin_West,30.88374290466311
2022-03-30,0.0,Ilorin_West,30.805343246459984
2022-03-31,0.0,Ilorin_West,30.575066502889
2022-04-01,5.7738471031188965,Ilorin_West,30.728537495930993
2022-04-02,0.0,Ilorin_West,29.73800938924154
2022-04-03,0.0,Ilorin_West,30.37642885843917
2022-04-04,2.8869235515594482,Ilorin_West,29.62079772949221
2022-04-05,8.660770416259766,Ilorin_West,30.306071853637718
2022-04-06,5.998966217041016,Ilorin_West,30.769161478678427
2022-04-07,0.0,Ilorin_West,29.933095550537132
2022-04-08,8.998449325561523,Ilorin_West,29.975598907470726
2022-04-09,2.999483108520508,Ilorin_West,29.660736338297568
2022-04-10,0.0,Ilorin_West,30.121173477172874
2022-04-11,0.0,Ilorin_West,29.83029454549154
2022-04-12,5.117069721221924,Ilorin_West,28.625586446126306
2022-04-13,0.0,Ilorin_West,27.770711517334007
2022-04-14,0.0,Ilorin_West,28.62602831522628
2022-04-15,15.351208686828613,Ilorin_West,27.686428324381552
2022-04-16,0.0,Ilorin_West,28.22212689717611
2022-04-17,14.939202308654785,Ilorin_West,27.676879501342796
2022-04-18,11.204402923583984,Ilorin_West,25.448262786865257
2022-04-19,3.7348005771636963,Ilorin_West,27.8393544514974
2022-04-20,7.469601154327393,Ilorin_West,28.337531661987327
2022-04-21,9.383781433105469,Ilorin_West,26.85737253824874
2022-04-22,0.0,Ilorin_West,28.601694997151696
2022-04-23,0.0,Ilorin_West,29.178819910685263
2022-04-24,15.639636039733887,Ilorin_West,28.667552566528343
2022-04-25,0.0,Ilorin_West,28.7559588114421
2022-04-26,0.0,Ilorin_West,28.533125813802087
2022-04-27,7.287941932678223,Ilorin_West,28.110810852050804
2022-04-28,0.0,Ilorin_West,28.393947219848656
2022-04-29,3.6439709663391113,Ilorin_West,28.067295328776083
2022-04-30,0.0,Ilorin_West,28.406645075480185
2022-05-01,0.0,Ilorin_West,28.836719767252646
2022-05-02,13.500699996948242,Ilorin_West,28.591966883341513
2022-05-03,0.0,Ilorin_West,28.611343638102255
2022-05-04,6.750349998474121,Ilorin_West,28.609138107299827
2022-05-05,0.0,Ilorin_West,28.666461563110374
2022-05-06,7.766288757324219,Ilorin_West,27.342336273193382
2022-05-07,0.0,Ilorin_West,28.630601501464866
2022-05-08,0.0,Ilorin_West,29.639033253987634
2022-05-09,7.766288757324219,Ilorin_West,27.96514790852865
2022-05-10,0.0,Ilorin_West,27.74778836568197
2022-05-11,0.0,Ilorin_West,28.869985198974632
2022-05-12,0.0,Ilorin_West,29.082067743937216
2022-05-13,19.518028259277344,Ilorin_West,28.43970324198409
2022-05-14,0.0,Ilorin_West,28.408701197306357
2022-05-15,0.0,Ilorin_West,28.400488154093466
2022-05-16,0.0,Ilorin_West,28.44276898701986
2022-05-17,0.0,Ilorin_West,28.881150817871116
2022-05-18,0.0,Ilorin_West,28.771074549357138
2022-05-19,3.0282857418060303,Ilorin_West,27.274580256144247
2022-05-20,6.0565714836120605,Ilorin_West,27.205897903442406
2022-05-21,30.266490936279297,Ilorin_West,26.13796195983889
2022-05-22,0.0,Ilorin_West,26.921540832519554
2022-05-23,0.0,Ilorin_West,25.957938766479515
2022-05-24,0.0,Ilorin_West,26.631991958618187
2022-05-25,0.0,Ilorin_West,27.00721384684249
2022-05-26,0.0,Ilorin_West,26.78763033548995
2022-05-27,0.0,Ilorin_West,27.103356933593773
2022-05-28,0.0,Ilorin_West,27.91692250569662
2022-05-29,0.0,Ilorin_West,27.781337356567406
2022-05-30,0.0,Ilorin_West,27.69393692016604
2022-05-31,11.261466026306152,Ilorin_West,27.202598826090536
2022-06-01,4.947154998779297,Ilorin_West,27.98904190063479
2022-06-02,0.0,Ilorin_West,28.566945012410486
2022-06-03,0.0,Ilorin_West,28.340884780883812
2022-06-04,0.0,Ilorin_West,27.970984395345056
2022-06-05,9.894309997558594,Ilorin_West,26.77685699462893
2022-06-06,0.0,Ilorin_West,26.795881525675497
2022-06-07,4.879266738891602,Ilorin_West,27.647652562459314
2022-06-08,0.0,Ilorin_West,28.297379430135095
2022-06-09,0.0,Ilorin_West,27.186982091267907
2022-06-10,14.637800216674805,Ilorin_West,26.476277923584007
2022-06-11,19.408342361450195,Ilorin_West,23.283518727620446
2022-06-12,0.0,Ilorin_West,26.11750500996908
2022-06-13,3.2347238063812256,Ilorin_West,26.8283515930176
2022-06-14,6.469447612762451,Ilorin_West,24.771750386555993
2022-06-15,0.0,Ilorin_West,25.018612162272177
2022-06-16,7.088788032531738,Ilorin_West,24.375444666544638
2022-06-17,8.694859504699707,Ilorin_West,24.94831809997561
2022-06-18,2.9992153644561768,Ilorin_West,25.21229260762533
2022-06-19,1.4342525005340576,Ilorin_West,25.449587758382165
2022-06-20,2.5790603160858154,Ilorin_West,26.17481956481936
2022-06-21,30.2938175201416,Ilorin_West,25.514486567179404
2022-06-22,0.0,Ilorin_West,24.40338732401534
2022-06-23,0.0,Ilorin_West,25.383152898152673
2022-06-24,20.195877075195312,Ilorin_West,25.62401606241866
2022-06-25,0.0,Ilorin_West,25.430191294352255
2022-06-26,9.04227352142334,Ilorin_West,25.204899724324548
2022-06-27,4.52113676071167,Ilorin_West,25.146951293945335
2022-06-28,0.0,Ilorin_West,25.765098826090536
2022-06-29,9.04227352142334,Ilorin_West,25.38245544433596
2022-06-30,4.52113676071167,Ilorin_West,23.53980662027999
2022-07-01,8.110916137695312,Ilorin_West,23.86876513163253
2022-07-02,8.110916137695312,Ilorin_West,24.911836242675804
2022-07-03,0.0,Ilorin_West,26.04426727294924
2022-07-04,8.110916137695312,Ilorin_West,25.130745188395224
2022-07-05,8.110916137695312,Ilorin_West,24.122929509480798
2022-07-06,0.0,Ilorin_West,25.79706408182784
2022-07-07,3.566262722015381,Ilorin_West,26.103141403198265
2022-07-08,3.566262722015381,Ilorin_West,25.466860707600915
2022-07-09,0.0,Ilorin_West,25.303477859497093
2022-07-10,0.0,Ilorin_West,25.597188568115257
2022-07-11,0.0,Ilorin_West,25.301590220133505
2022-07-12,0.0,Ilorin_West,25.689678446451865
2022-07-13,12.604013442993164,Ilorin_West,24.510989761352562
2022-07-14,0.0,Ilorin_West,25.227528508504236
2022-07-15,0.0,Ilorin_West,25.594811375935876
2022-07-16,0.0,Ilorin_West,24.719068145751976
2022-07-17,0.0,Ilorin_West,25.32103055318197
2022-07-18,0.0,Ilorin_West,25.829490915934286
2022-07-19,0.0,Ilorin_West,25.558548863728845
2022-07-20,0.0,Ilorin_West,25.08932456970217
2022-07-21,0.0,Ilorin_West,25.090280787150107
2022-07-22,10.437948226928711,Ilorin_West,23.336219406127952
2022-07-23,5.2189741134643555,Ilorin_West,23.418948745727562
2022-07-24,5.2189741134643555,Ilorin_West,25.0031620025635
2022-07-25,0.0,Ilorin_West,24.93732604980471
2022-07-26,8.792960166931152,Ilorin_West,24.654360071818076
2022-07-27,0.0,Ilorin_West,24.735828653971396
2022-07-28,17.585920333862305,Ilorin_West,24.562429046630882
2022-07-29,0.0,Ilorin_West,24.696714019775413
2022-07-30,17.585920333862305,Ilorin_West,23.5578386942546
2022-07-31,8.792960166931152,Ilorin_West,23.750233586629236
2022-08-01,0.0,Ilorin_West,23.58021697998049
2022-08-02,0.0,Ilorin_West,23.80752525329592
2022-08-03,0.0,Ilorin_West,24.288202540079794
2022-08-04,0.0,Ilorin_West,24.457013066609704
2022-08-05,0.0,Ilorin_West,24.993110911051474
2022-08-06,0.0,Ilorin_West,25.211990610758505
2022-08-07,5.480900287628174,Ilorin_West,25.489692306518577
2022-08-08,5.480900287628174,Ilorin_West,25.381376520792685
2022-08-09,0.0,Ilorin_West,25.443943913777673
2022-08-10,0.0,Ilorin_West,25.669813410441122
2022-08-11,16.328962326049805,Ilorin_West,24.38368695576986
2022-08-12,0.0,Ilorin_West,22.69883244832357
2022-08-13,0.0,Ilorin_West,24.551706568400107
2022-08-14,32.65792465209961,Ilorin_West,22.14598172505697
2022-08-15,0.0,Ilorin_West,22.442682520548544
2022-08-16,0.0,Ilorin_West,24.088460540771507
2022-08-17,0.0,Ilorin_West,24.667225774129236
2022-08-18,13.262468338012695,Ilorin_West,25.48592592875167
2022-08-19,19.893701553344727,Ilorin_West,23.044215774536156
2022-08-20,0.0,Ilorin_West,24.296272532145224
2022-08-21,0.0,Ilorin_West,25.12479489644369
2022-08-22,34.425899505615234,Ilorin_West,24.353272374471032
2022-08-23,0.0,Ilorin_West,23.232755915323935
2022-08-24,0.0,Ilorin_West,23.93776346842452
2022-08-25,0.0,Ilorin_West,24.65686632792159
2022-08-26,41.6700439453125,Ilorin_West,23.299136734008812
2022-08-27,13.890015602111816,Ilorin_West,22.94215863545736
2022-08-28,0.0,Ilorin_West,23.9274892171224
2022-08-29,0.0,Ilorin_West,23.787011082967126
2022-08-30,0.0,Ilorin_West,22.547907765706384
2022-08-31,27.780031204223633,Ilorin_West,23.624049758911156
2022-09-01,0.0,Ilorin_West,23.753821945190452
2022-09-02,18.007781982421875,Ilorin_West,23.192849731445335
2022-09-03,0.0,Ilorin_West,23.748184458414755
2022-09-04,0.0,Ilorin_West,24.450871404012048
2022-09-05,18.007781982421875,Ilorin_West,25.06571222941085
2022-09-06,0.0,Ilorin_West,25.059742863972986
2022-09-07,0.0,Ilorin_West,24.17243601481124
2022-09-08,0.0,Ilorin_West,24.23807805379232
2022-09-09,0.0,Ilorin_West,24.693957901001
2022-09-10,0.0,Ilorin_West,24.385227457682333
2022-09-11,10.93958568572998,Ilorin_West,23.33124440511068
2022-09-12,10.93958568572998,Ilorin_West,22.69266026814779
2022-09-13,0.0,Ilorin_West,24.06780586242678
2022-09-14,0.0,Ilorin_West,24.847767766316736
2022-09-15,21.87917137145996,Ilorin_West,23.285199101765954
2022-09-16,0.0,Ilorin_West,24.803103383382165
2022-09-17,0.0,Ilorin_West,24.65964024861654
2022-09-18,0.0,Ilorin_West,23.47481816609701
2022-09-19,32.30423355102539,Ilorin_West,22.463012949625693
2022-09-20,0.0,Ilorin_West,22.87959696451827
2022-09-21,19.889423370361328,Ilorin_West,24.061245854695642
2022-09-22,0.0,Ilorin_West,24.323518371582054
2022-09-23,0.0,Ilorin_West,24.065247472127282
2022-09-24,0.0,Ilorin_West,25.326083755493187
2022-09-25,19.889423370361328,Ilorin_West,25.479874547322595
2022-09-26,7.337580680847168,Ilorin_West,24.216342544555687
2022-09-27,8.942858695983887,Ilorin_West,24.08054440816244
2022-09-28,28.822160720825195,Ilorin_West,23.896696980794275
2022-09-29,12.39104175567627,Ilorin_West,25.10114123026534
2022-09-30,19.193300247192383,Ilorin_West,22.957599258422874
2022-10-01,7.907613754272461,Ilorin_West,23.91818008422854
2022-10-02,7.907613754272461,Ilorin_West,25.148707962036156
2022-10-03,0.0,Ilorin_West,25.60632476806643
2022-10-04,3.9538068771362305,Ilorin_West,25.4712959289551
2022-10-05,7.907613754272461,Ilorin_West,25.32644933064779
2022-10-06,24.5688419342041,Ilorin_West,23.04967397054037
2022-10-07,0.0,Ilorin_West,24.109633382161462
2022-10-08,0.0,Ilorin_West,24.687544123331747
2022-10-09,8.18961238861084,Ilorin_West,23.869392649332724
2022-10-10,8.18961238861084,Ilorin_West,24.486290868123376
2022-10-11,0.0,Ilorin_West,25.4684775034587
2022-10-12,8.438405990600586,Ilorin_West,25.60607045491537
2022-10-13,8.438405990600586,Ilorin_West,23.685655848185263
2022-10-14,8.438405990600586,Ilorin_West,24.849991099039755
2022-10-15,0.0,Ilorin_West,24.68914629618331
2022-10-16,0.0,Ilorin_West,25.53530654907229
2022-10-17,0.0,Ilorin_West,25.920217132568382
2022-10-18,2.665570020675659,Ilorin_West,26.403626378377282
2022-10-19,0.0,Ilorin_West,26.326955413818382
2022-10-20,0.0,Ilorin_West,26.362851715087913
2022-10-21,6.397831916809082,Ilorin_West,26.15979156494143
2022-10-22,6.397831916809082,Ilorin_West,26.91738408406576
2022-10-23,6.397831916809082,Ilorin_West,27.208869552612327
2022-10-24,6.397831916809082,Ilorin_West,27.304980214436853
2022-10-25,6.397831916809082,Ilorin_West,25.862732187906943
2022-10-26,0.0,Ilorin_West,26.67596015930178
2022-10-27,0.0,Ilorin_West,26.691508865356468
2022-10-28,0.0,Ilorin_West,26.395853296915732
2022-10-29,0.0,Ilorin_West,26.154159164428734
2022-10-30,0.0,Ilorin_West,26.962403233846032
2022-10-31,0.0,Ilorin_West,26.89445012410482
2022-11-01,0.823336660861969,Ilorin_West,27.410522715250693
2022-11-02,0.0,Ilorin_West,27.45006586710616
2022-11-03,0.0,Ilorin_West,27.49682451883956
2022-11-04,0.823336660861969,Ilorin_West,27.222016270955407
2022-11-05,0.823336660861969,Ilorin_West,27.05580101013186
2022-11-06,0.0,Ilorin_West,27.149820582071982
2022-11-07,0.0,Ilorin_West,27.63186607360842
2022-11-08,0.0,Ilorin_West,27.098898824055993
2022-11-09,0.0,Ilorin_West,27.778744633992517
2022-11-10,0.0,Ilorin_West,27.622603352864587
2022-11-11,0.1141912043094635,Ilorin_West,27.12123260498049
2022-11-12,0.1141912043094635,Ilorin_West,27.531023279825888
2022-11-13,0.0,Ilorin_West,27.7321551005046
2022-11-14,0.0,Ilorin_West,27.3616659800212
2022-11-15,0.0,Ilorin_West,26.296381251017294
2022-11-16,0.0,Ilorin_West,26.581065114339196
2022-11-17,0.0,Ilorin_West,26.683609898885095
2022-11-18,0.0,Ilorin_West,26.832007344563806
2022-11-19,0.0,Ilorin_West,27.368842697143577
2022-11-20,0.0,Ilorin_West,27.781301116943382
2022-11-21,0.0,Ilorin_West,27.757913208007835
2022-11-22,0.0,Ilorin_West,27.48688341776534
2022-11-23,0.0,Ilorin_West,27.603544489542685
2022-11-24,0.0,Ilorin_West,26.997450129191122
2022-11-25,0.0,Ilorin_West,26.92354291280111
2022-11-26,0.0,Ilorin_West,26.904025650024437
2022-11-27,0.0,Ilorin_West,27.676147715250693
2022-11-28,0.0,Ilorin_West,27.468558883667015
2022-11-29,0.0,Ilorin_West,27.455381011962913
2022-11-30,0.0,Ilorin_West,27.228995895385765
2022-12-01,0.0,Ilorin_West,28.086134847005212
2022-12-02,0.0,Ilorin_West,28.372511164347372
2022-12-03,0.0,Ilorin_West,28.532397206624353
2022-12-04,0.0,Ilorin_West,28.43958435058596
2022-12-05,0.0,Ilorin_West,28.81525319417318
2022-12-06,0.0,Ilorin_West,27.57528203328451
2022-12-07,0.0,Ilorin_West,27.603698984781943
2022-12-08,0.0,Ilorin_West,27.678747431437216
2022-12-09,0.0,Ilorin_West,27.20986709594729
2022-12-10,0.0,Ilorin_West,27.121779378255212
2022-12-11,0.0,Ilorin_West,26.86136906941732
2022-12-12,0.0,Ilorin_West,26.553602472941122
2022-12-13,0.0,Ilorin_West,27.45319201151534
2022-12-14,0.0,Ilorin_West,27.094357426961267
2022-12-15,0.0,Ilorin_West,26.77122014363607
2022-12-16,0.0,Ilorin_West,27.567545191446982
2022-12-17,2.2867629528045654,Ilorin_West,27.73580449422201
2022-12-18,4.573525905609131,Ilorin_West,26.066997782389365
2022-12-19,0.0,Ilorin_West,26.249549484252952
2022-12-20,0.0,Ilorin_West,26.50120569864913
2022-12-21,0.0,Ilorin_West,25.894623057047568
2022-12-22,0.0,Ilorin_West,25.143581644694052
2022-12-23,0.0,Ilorin_West,24.924629465738974
2022-12-24,0.0,Ilorin_West,24.384893035888695
2022-12-25,0.0,Ilorin_West,24.28215624491378
2022-12-26,0.0,Ilorin_West,25.013375218709314
2022-12-27,0.0,Ilorin_West,26.185774739583337
2022-12-28,0.0,Ilorin_West,25.886485036214196
2022-12-29,0.0,Ilorin_West,25.838766352335654
2022-12-30,0.0,Ilorin_West,25.2197090148926
2022-12-31,0.0,Ilorin_West,24.39932022094729
2023-01-01,0.0,Ilorin_West,24.620290374755882
2023-01-02,0.0,Ilorin_West,25.285283660888695
2023-01-03,0.0,Ilorin_West,25.811443583170615
2023-01-04,0.0,Ilorin_West,26.567849731445335
2023-01-05,0.0,Ilorin_West,26.73079325358077
2023-01-06,1.593126893043518,Ilorin_West,27.24415995279952
2023-01-07,0.0,Ilorin_West,26.92290077209475
2023-01-08,0.0,Ilorin_West,26.785856501261435
2023-01-09,0.0,Ilorin_West,26.230227406819665
2023-01-10,0.0,Ilorin_West,25.438584899902366
2023-01-11,0.0,Ilorin_West,25.05338058471682
2023-01-12,0.0,Ilorin_West,25.763667043050134
2023-01-13,0.0,Ilorin_West,26.23385581970217
2023-01-14,0.0,Ilorin_West,26.325189208984398
2023-01-15,0.0,Ilorin_West,26.25369224548342
2023-01-16,0.0,Ilorin_West,26.319205856323265
2023-01-17,0.0,Ilorin_West,26.38899701436361
2023-01-18,0.0,Ilorin_West,26.556836700439476
2023-01-19,0.0,Ilorin_West,27.114249801635765
2023-01-20,0.0,Ilorin_West,27.390407180786156
2023-01-21,0.0,Ilorin_West,28.144397354126
2023-01-22,0.0,Ilorin_West,28.42796923319503
2023-01-23,0.0,Ilorin_West,28.83894055684408
2023-01-24,0.0,Ilorin_West,28.873084640502952
2023-01-25,0.0,Ilorin_West,28.457086817423544
2023-01-26,0.0,Ilorin_West,28.310132598876976
2023-01-27,1.9202052354812622,Ilorin_West,28.982129669189476
2023-01-28,0.9601026177406311,Ilorin_West,29.079749043782556
2023-01-29,1.9202052354812622,Ilorin_West,28.3625478108724
2023-01-30,0.0,Ilorin_West,29.293361282348656
2023-01-31,0.0,Ilorin_West,28.83565483093264
2023-02-01,0.0,Ilorin_West,28.972807184855185
2023-02-02,0.0,Ilorin_West,29.126316324869833
2023-02-03,0.0,Ilorin_West,29.762939707438193
2023-02-04,0.0,Ilorin_West,29.527616755167685
2023-02-05,0.0,Ilorin_West,29.65535952250167
2023-02-06,1.5016117095947266,Ilorin_West,29.708687718709314
2023-02-07,0.0,Ilorin_West,29.283248519897484
2023-02-08,0.0,Ilorin_West,29.40482864379885
2023-02-09,0.0,Ilorin_West,28.895897165934286
2023-02-10,0.0,Ilorin_West,29.350609079996786
2023-02-11,0.0,Ilorin_West,29.343881861368857
2023-02-12,0.0,Ilorin_West,29.22258656819662
2023-02-13,0.0,Ilorin_West,28.59209276835128
2023-02-14,0.0,Ilorin_West,27.927395757039392
2023-02-15,0.0,Ilorin_West,27.23095855712893
2023-02-16,0.0,Ilorin_West,26.583326594034872
2023-02-17,0.0,Ilorin_West,26.6572147369385
2023-02-18,0.0,Ilorin_West,27.492882664998376
2023-02-19,0.0,Ilorin_West,28.16341107686361
2023-02-20,0.0,Ilorin_West,28.84981816609701
2023-02-21,0.0,Ilorin_West,29.402465438842796
2023-02-22,0.0,Ilorin_West,29.01615168253585
2023-02-23,0.0,Ilorin_West,30.311091359456384
2023-02-24,0.0,Ilorin_West,30.4929189046224
2023-02-25,0.0,Ilorin_West,30.31254666646322
2023-02-26,0.0,Ilorin_West,30.147578175862634
2023-02-27,1.1759812831878662,Ilorin_West,30.725513712565146
2023-02-28,3.5279438495635986,Ilorin_West,30.360691960652673
2023-03-01,0.0,Ilorin_West,30.80165061950686
2023-03-02,3.2809865474700928,Ilorin_West,30.308057403564476
2023-03-03,0.0,Ilorin_West,28.65202420552572
2023-03-04,0.0,Ilorin_West,28.961471176147484
2023-03-05,3.2809865474700928,Ilorin_West,29.921413675944052
2023-03-06,5.758606910705566,Ilorin_West,29.526327387491904
2023-03-07,11.517213821411133,Ilorin_West,29.84370892842611
2023-03-08,2.879303455352783,Ilorin_West,29.271876907348656
2023-03-09,5.758606910705566,Ilorin_West,29.731075541178427
2023-03-10,2.879303455352783,Ilorin_West,30.22111536661788
2023-03-11,0.0,Ilorin_West,29.650579071044945
2023-03-12,1.8917598724365234,Ilorin_West,30.283683395385765
2023-03-13,0.0,Ilorin_West,29.12601242065432
2023-03-14,0.0,Ilorin_West,29.548368708292685
2023-03-15,0.0,Ilorin_West,29.958505884806357
2023-03-16,0.0,Ilorin_West,29.91021308898928
2023-03-17,0.0,Ilorin_West,30.030770238240564
2023-03-18,0.0,Ilorin_West,29.79245274861654
2023-03-19,2.7472198009490967,Ilorin_West,29.00633265177413
2023-03-20,0.0,Ilorin_West,29.221714909871423
2023-03-21,5.388225555419922,Ilorin_West,27.640734608968103
2023-03-22,2.694112777709961,Ilorin_West,26.209818140665732
2023-03-23,8.082338333129883,Ilorin_West,27.549085235595726
2023-03-24,5.388225555419922,Ilorin_West,28.99842542012533
2023-03-25,0.0,Ilorin_West,28.32767003377279
2023-03-26,12.934260368347168,Ilorin_West,28.10472768147787
2023-03-27,0.0,Ilorin_West,27.567345555623376
2023-03-28,0.0,Ilorin_West,29.657640075683616
2023-03-29,4.311420440673828,Ilorin_West,30.261525726318382
2023-03-30,4.311420440673828,Ilorin_West,29.83395665486654
2023-03-31,0.0,Ilorin_West,30.142744318644247
2023-04-01,0.0,Ilorin_West,30.33284721374514
2023-04-02,0.0,Ilorin_West,30.624663289388025
2023-04-03,1.9472607374191284,Ilorin_West,30.239270782470726
2023-04-04,1.9472607374191284,Ilorin_West,30.291654841105185
2023-04-05,0.0,Ilorin_West,30.377170181274437
2023-04-06,0.0,Ilorin_West,30.197729365030966
2023-04-07,4.234423637390137,Ilorin_West,29.913908259073935
2023-04-08,12.70327091217041,Ilorin_West,28.098221079508505
2023-04-09,12.70327091217041,Ilorin_West,28.394812520345056
2023-04-10,0.0,Ilorin_West,29.65861282348635
2023-04-11,7.708917617797852,Ilorin_West,29.804311370849632
2023-04-12,3.854458808898926,Ilorin_West,29.256443913777673
2023-04-13,0.0,Ilorin_West,30.714194234212243
2023-04-14,0.0,Ilorin_West,30.965049997965536
2023-04-15,11.563376426696777,Ilorin_West,29.290886815389
2023-04-16,6.3989787101745605,Ilorin_West,29.843686676025413
2023-04-17,6.3989787101745605,Ilorin_West,28.67329114278158
2023-04-18,0.0,Ilorin_West,29.757338460286462
2023-04-19,9.598467826843262,Ilorin_West,29.065859095255576
2023-04-20,0.0,Ilorin_West,29.59077097574874
2023-04-21,0.0,Ilorin_West,29.368307367960654
2023-04-22,0.0,Ilorin_West,29.10429471333822
2023-04-23,11.360583305358887,Ilorin_West,28.110304768880212
2023-04-24,5.680291652679443,Ilorin_West,29.146914418538415
2023-04-25,5.680291652679443,Ilorin_West,30.748763020833337
2023-04-26,0.0,Ilorin_West,29.232890701293968
2023-04-27,20.808673858642578,Ilorin_West,25.321574783325218
2023-04-28,0.0,Ilorin_West,27.906575775146507
2023-04-29,0.0,Ilorin_West,27.647780354817712
2023-04-30,0.0,Ilorin_West,27.435243860880576
2023-05-01,0.0,Ilorin_West,27.875223414103232
2023-05-02,0.0,Ilorin_West,28.23293838500979
2023-05-03,7.892430305480957,Ilorin_West,28.89944419860842
2023-05-04,23.677289962768555,Ilorin_West,28.24864794413253
2023-05-05,7.892430305480957,Ilorin_West,27.945794677734398
2023-05-06,0.0,Ilorin_West,28.669255828857445
2023-05-07,11.045130729675293,Ilorin_West,28.717088317871116
2023-05-08,16.567697525024414,Ilorin_West,29.261945978800497
2023-05-09,0.0,Ilorin_West,29.433014806111657
2023-05-10,0.0,Ilorin_West,29.5507694244385
2023-05-11,0.0,Ilorin_West,29.49294497172042
2023-05-12,7.004464149475098,Ilorin_West,29.71555099487307
2023-05-13,7.004464149475098,Ilorin_West,29.877141571044945
2023-05-14,7.004464149475098,Ilorin_West,27.858427937825525
2023-05-15,14.008928298950195,Ilorin_West,28.10969187418624
2023-05-16,0.0,Ilorin_West,28.579995727539085
2023-05-17,0.0,Ilorin_West,29.053748067220056
2023-05-18,21.472213745117188,Ilorin_West,27.57432072957357
2023-05-19,0.0,Ilorin_West,28.5567616780599
2023-05-20,5.368053436279297,Ilorin_West,28.034784571329794
2023-05-21,2.181154251098633,Ilorin_West,27.601270294189476
2023-05-22,8.724617004394531,Ilorin_West,27.9719011942546
2023-05-23,2.181154251098633,Ilorin_West,27.343762969970726
2023-05-24,6.543463230133057,Ilorin_West,27.840858078002952
2023-05-25,0.0,Ilorin_West,28.180407460530603
2023-05-26,3.1218202114105225,Ilorin_West,29.118554687500023
2023-05-27,12.48728084564209,Ilorin_West,28.394364293416345
2023-05-28,0.0,Ilorin_West,28.49882024129232
2023-05-29,6.243640422821045,Ilorin_West,27.334142939249716
2023-05-30,0.0,Ilorin_West,28.641084289550804
2023-05-31,6.243640422821045,Ilorin_West,28.167256927490257
2023-06-01,13.4601469039917,Ilorin_West,28.386644617716513
2023-06-02,0.0,Ilorin_West,27.707216517130576
2023-06-03,20.19021987915039,Ilorin_West,27.579422251383505
2023-06-04,0.0,Ilorin_West,28.229556020100915
2023-06-05,6.73007345199585,Ilorin_West,28.37419471740725
2023-06-06,50.48445129394531,Ilorin_West,27.647082265218103
2023-06-07,30.290672302246094,Ilorin_West,26.68450508117678
2023-06-08,0.0,Ilorin_West,26.469805018107138
2023-06-09,0.0,Ilorin_West,27.080108896891318
2023-06-10,10.096890449523926,Ilorin_West,26.683744684855185
2023-06-11,0.0,Ilorin_West,24.837897872924827
2023-06-12,0.0,Ilorin_West,26.422838465372763
2023-06-13,12.586865425109863,Ilorin_West,27.404868062337243
2023-06-14,25.173730850219727,Ilorin_West,26.0943319956462
2023-06-15,25.173730850219727,Ilorin_West,24.835357920328818
2023-06-16,0.0,Ilorin_West,26.331794993082724
2023-06-17,11.211705207824707,Ilorin_West,27.77769495646163
2023-06-18,22.423410415649414,Ilorin_West,27.041925684611044
2023-06-19,0.0,Ilorin_West,26.635753250122093
2023-06-20,33.63511657714844,Ilorin_West,26.81938514709475
2023-06-21,5.424543857574463,Ilorin_West,27.361367797851585
2023-06-22,16.273632049560547,Ilorin_West,24.60089263916018
2023-06-23,5.424543857574463,Ilorin_West,26.256747817993187
2023-06-24,10.849087715148926,Ilorin_West,22.88532091776534
2023-06-25,0.0,Ilorin_West,24.616742070515954
2023-06-26,7.627619743347168,Ilorin_West,25.250527954101585
2023-06-27,7.627619743347168,Ilorin_West,25.971499379475915
2023-06-28,3.813809871673584,Ilorin_West,23.878679529825888
2023-06-29,0.0,Ilorin_West,24.966969426472986
2023-06-30,3.813809871673584,Ilorin_West,25.06948305765792
2023-07-01,0.0,Ilorin_West,25.703889465332054
2023-07-02,4.115554332733154,Ilorin_West,25.84090131123861
2023-07-03,0.0,Ilorin_West,26.397747294108115
2023-07-04,12.346662521362305,Ilorin_West,26.381500498453818
2023-07-05,4.115554332733154,Ilorin_West,26.03349647521975
2023-07-06,4.333477020263672,Ilorin_West,26.127716954549157
2023-07-07,4.333477020263672,Ilorin_West,25.95840670267745
2023-07-08,4.333477020263672,Ilorin_West,25.899310048421228
2023-07-09,8.666954040527344,Ilorin_West,23.521770095825218
2023-07-10,0.0,Ilorin_West,25.800754801432333
2023-07-11,15.685132026672363,Ilorin_West,26.096688206990564
2023-07-12,0.0,Ilorin_West,24.861749267578148
2023-07-13,15.685132026672363,Ilorin_West,24.958366012573265
2023-07-14,15.685132026672363,Ilorin_West,25.25709177652999
2023-07-15,0.0,Ilorin_West,25.816023127237997
2023-07-16,0.0,Ilorin_West,26.032542800903343
2023-07-17,8.096290588378906,Ilorin_West,25.890410359700525
2023-07-18,16.192581176757812,Ilorin_West,25.536031341552757
2023-07-19,16.192581176757812,Ilorin_West,26.036831156412802
2023-07-20,0.0,Ilorin_West,25.806253687540732
2023-07-21,11.77086353302002,Ilorin_West,25.914182281494163
2023-07-22,17.656293869018555,Ilorin_West,24.944907124837243
2023-07-23,11.77086353302002,Ilorin_West,24.988809839884482
2023-07-24,0.0,Ilorin_West,24.65717150370284
2023-07-25,0.0,Ilorin_West,26.338475163777673
2023-07-26,0.0,Ilorin_West,26.017936325073265
2023-07-27,0.0,Ilorin_West,26.31383539835616
2023-07-28,11.740767478942871,Ilorin_West,25.979475275675497
2023-07-29,35.2223014831543,Ilorin_West,24.977429962158226
2023-07-30,0.0,Ilorin_West,25.590892410278343
2023-07-31,23.481534957885742,Ilorin_West,25.659956232706747
2023-08-01,18.11768341064453,Ilorin_West,23.22734667460128
2023-08-02,0.0,Ilorin_West,24.862786865234398
2023-08-03,0.0,Ilorin_West,25.13036689758303
2023-08-04,0.0,Ilorin_West,25.664215342203818
2023-08-05,0.0,Ilorin_West,25.952291107177757
2023-08-06,0.0,Ilorin_West,25.452813720703148
2023-08-07,0.0,Ilorin_West,24.329413986206077
2023-08-08,0.0,Ilorin_West,24.80596822102865
2023-08-09,0.0,Ilorin_West,24.21028544108077
2023-08-10,3.659219980239868,Ilorin_West,25.117702738444052
2023-08-11,0.0,Ilorin_West,24.513448333740257
2023-08-12,0.0,Ilorin_West,24.7606025695801
2023-08-13,0.0,Ilorin_West,23.051242446899437
2023-08-14,0.0,Ilorin_West,23.07366205851241
2023-08-15,0.0,Ilorin_West,25.12480761210128
2023-08-16,23.234024047851562,Ilorin_West,25.62394739786788
2023-08-17,7.744675159454346,Ilorin_West,25.467590586344443
2023-08-18,7.744675159454346,Ilorin_West,25.736779785156273
2023-08-19,15.489350318908691,Ilorin_West,26.02450523376467
2023-08-20,0.0,Ilorin_West,24.15217552185061
2023-08-21,0.0,Ilorin_West,25.770598347981775
2023-08-22,0.0,Ilorin_West,26.345299021403036
2023-08-23,28.74424934387207,Ilorin_West,25.145592625935876
2023-08-24,0.0,Ilorin_West,25.011977132161462
2023-08-25,14.372124671936035,Ilorin_West,26.187284723917685
2023-08-26,0.0,Ilorin_West,26.296719487508142
2023-08-27,13.643366813659668,Ilorin_West,24.72177658081057
2023-08-28,0.0,Ilorin_West,25.25874481201174
2023-08-29,0.0,Ilorin_West,26.56708424886068
2023-08-30,40.93009948730469,Ilorin_West,24.019819513956747
2023-08-31,0.0,Ilorin_West,25.223175303141318
2023-09-01,16.951805114746094,Ilorin_West,25.546221669514978
2023-09-02,16.951805114746094,Ilorin_West,24.514568583170615
2023-09-03,0.0,Ilorin_West,24.12662531534835
2023-09-04,0.0,Ilorin_West,24.12362950642904
2023-09-05,0.0,Ilorin_West,24.20104242960616
2023-09-06,0.0,Ilorin_West,25.568370437622093
2023-09-07,0.0,Ilorin_West,26.141115442911826
2023-09-08,24.81230354309082,Ilorin_West,24.729571914672874
2023-09-09,0.0,Ilorin_West,24.83827616373702
2023-09-10,0.0,Ilorin_West,25.167809422810876
2023-09-11,0.0,Ilorin_West,26.35209426879885
2023-09-12,24.28351402282715,Ilorin_West,25.060689544677757
2023-09-13,0.0,Ilorin_West,25.288386281331384
2023-09-14,0.0,Ilorin_West,25.8277304331462
2023-09-15,24.28351402282715,Ilorin_West,25.946635818481468
2023-09-16,10.991596221923828,Ilorin_West,25.308478927612327
2023-09-17,0.0,Ilorin_West,24.643734232584677
2023-09-18,21.983192443847656,Ilorin_West,25.02241477966311
2023-09-19,0.0,Ilorin_West,25.681216176350915
2023-09-20,0.0,Ilorin_West,25.51199874877932
2023-09-21,7.487959384918213,Ilorin_West,25.23675435384115
2023-09-22,7.487959384918213,Ilorin_West,25.833084996541345
2023-09-23,7.487959384918213,Ilorin_West,24.96787541707357
2023-09-24,14.975918769836426,Ilorin_West,25.14153378804525
2023-09-25,14.975918769836426,Ilorin_West,26.27591985066732
2023-09-26,14.70080852508545,Ilorin_West,26.868987019856775
2023-09-27,29.4016170501709,Ilorin_West,27.100118255615257
2023-09-28,14.70080852508545,Ilorin_West,26.935671742757165
2023-09-29,0.0,Ilorin_West,25.358442560831747
2023-09-30,0.0,Ilorin_West,26.83633639017745
2023-10-01,4.603395938873291,Ilorin_West,26.17180468241378
2023-10-02,0.0,Ilorin_West,25.920024490356468
2023-10-03,9.206791877746582,Ilorin_West,24.071257527669275
2023-10-04,9.206791877746582,Ilorin_West,25.950973129272484
2023-10-05,4.603395938873291,Ilorin_West,25.20192426045736
2023-10-06,0.0,Ilorin_West,25.76663487752279
2023-10-07,6.805176258087158,Ilorin_West,25.10320879618331
2023-10-08,6.805176258087158,Ilorin_West,26.251618321736657
2023-10-09,13.610352516174316,Ilorin_West,26.028343454996786
2023-10-10,6.805176258087158,Ilorin_West,26.62085558573409
2023-10-11,10.191569328308105,Ilorin_West,25.90066808064779
2023-10-12,3.3971896171569824,Ilorin_West,26.250456746419275
2023-10-13,3.3971896171569824,Ilorin_West,26.35964419047042
2023-10-14,6.794379234313965,Ilorin_West,26.057646687825525
2023-10-15,3.3971896171569824,Ilorin_West,26.573253250122093
2023-10-16,4.425378799438477,Ilorin_West,26.36131947835287
2023-10-17,0.0,Ilorin_West,25.084093348185263
2023-10-18,8.850757598876953,Ilorin_West,26.882904307047568
2023-10-19,8.850757598876953,Ilorin_West,26.95316340128585
2023-10-20,4.425378799438477,Ilorin_West,26.835099156697595
2023-10-21,0.0,Ilorin_West,27.206410980224632
2023-10-22,0.0,Ilorin_West,27.561536407470726
2023-10-23,0.0,Ilorin_West,27.43811632792159
2023-10-24,0.0,Ilorin_West,27.723568216959677
2023-10-25,0.0,Ilorin_West,27.419662094116234
2023-10-26,0.0,Ilorin_West,27.163091278076195
2023-10-27,12.755733489990234,Ilorin_West,27.397835667928064
2023-10-28,6.377866744995117,Ilorin_West,27.270910517374716
2023-10-29,0.0,Ilorin_West,27.894785181681357
2023-10-30,6.377866744995117,Ilorin_West,27.681001281738304
2023-10-31,0.0,Ilorin_West,27.53537521362307
2023-11-01,0.0,Ilorin_West,27.86590156555178
2023-11-02,0.0,Ilorin_West,27.95015360514327
2023-11-03,0.0,Ilorin_West,27.321228281656943
2023-11-04,0.0,Ilorin_West,27.248649215698265
2023-11-05,2.4233686923980713,Ilorin_West,28.10536346435549
2023-11-06,1.8886951208114624,Ilorin_West,27.418249384562216
2023-11-07,0.6295650005340576,Ilorin_West,27.661189015706384
2023-11-08,0.0,Ilorin_West,28.17688585917159
2023-11-09,0.0,Ilorin_West,28.254974619547568
2023-11-10,0.0,Ilorin_West,28.249979273478232
2023-11-11,0.0,Ilorin_West,27.76602706909182
2023-11-12,0.0,Ilorin_West,28.078034973144554
2023-11-13,0.0,Ilorin_West,28.442397054036462
2023-11-14,0.0,Ilorin_West,28.600278472900413
2023-11-15,0.0,Ilorin_West,27.122876739501976
2023-11-16,0.0,Ilorin_West,28.482896423339866
2023-11-17,0.0,Ilorin_West,29.178325907389365
2023-11-18,0.0,Ilorin_West,29.373543675740564
2023-11-19,0.0,Ilorin_West,28.263339614868187
2023-11-20,0.0,Ilorin_West,27.690286890665732
2023-11-21,0.0,Ilorin_West,27.785152689615927
2023-11-22,0.0,Ilorin_West,27.852069473266624
2023-11-23,0.0,Ilorin_West,28.355490620930993
2023-11-24,0.0,Ilorin_West,28.33911794026693
2023-11-25,0.0,Ilorin_West,26.923501586914085
2023-11-26,0.0,Ilorin_West,24.311964289347372
2023-11-27,0.0,Ilorin_West,27.64363822937014
2023-11-28,0.0,Ilorin_West,27.649417495727562
2023-11-29,0.0,Ilorin_West,28.02266400655111
2023-11-30,0.0,Ilorin_West,27.98393274943038
2023-12-01,0.0,Ilorin_West,28.051754252115927
2023-12-02,0.0,Ilorin_West,28.102703348795615
2023-12-03,0.0,Ilorin_West,27.730402882893884
2023-12-04,0.0,Ilorin_West,27.83939387003585
2023-12-05,0.0,Ilorin_West,27.621612803141318
2023-12-06,0.0,Ilorin_West,27.985792414347372
2023-12-07,0.0,Ilorin_West,27.962906138102255
2023-12-08,0.0,Ilorin_West,28.263820266723656
2023-12-09,0.0,Ilorin_West,27.765269851684593
2023-12-10,0.0,Ilorin_West,27.443166351318382
2023-12-11,4.73924446105957,Ilorin_West,27.025818761189782
2023-12-12,0.0,Ilorin_West,25.442483520507835
2023-12-13,0.0,Ilorin_West,25.23537979125979
2023-12-14,0.0,Ilorin_West,26.777924474080407
2023-12-15,0.0,Ilorin_West,27.705202992757165
2023-12-16,0.0,Ilorin_West,28.166960652669275
2023-12-17,0.0,Ilorin_West,27.926503117879236
2023-12-18,0.0,Ilorin_West,28.09038441975912
2023-12-19,0.0,Ilorin_West,28.442102050781273
2023-12-20,0.0,Ilorin_West,27.418583806355798
2023-12-21,0.0,Ilorin_West,27.46733881632491
2023-12-22,3.6940901279449463,Ilorin_West,28.29006411234542
2023-12-23,0.0,Ilorin_West,28.279595947265648
2023-12-24,0.0,Ilorin_West,27.41471951802572
2023-12-25,0.0,Ilorin_West,26.815142567952478
2023-12-26,0.0,Ilorin_West,26.414192454020224
2023-12-27,0.0,Ilorin_West,26.2146933237712
2023-12-28,0.0,Ilorin_West,27.395718510945642
2023-12-29,0.0,Ilorin_West,27.71385218302413
2023-12-30,0.0,Ilorin_West,27.487816747029626
2023-12-31,0.0,Ilorin_West,27.39824765523275
2024-01-01,0.0,Ilorin_West,28.379293696085654
2024-01-02,0.0,Ilorin_West,28.337011591593466
2024-01-03,0.0,Ilorin_West,28.80986048380538
2024-01-04,0.0,Ilorin_West,29.290787633260095
2024-01-05,0.0,Ilorin_West,28.91714693705245
2024-01-06,0.0,Ilorin_West,29.266405359904013
2024-01-07,0.0,Ilorin_West,29.360477066040062
2024-01-08,0.0,Ilorin_West,28.724845504760765
2024-01-09,0.0,Ilorin_West,28.649645741780603
2024-01-10,0.0,Ilorin_West,28.698845799764
2024-01-11,0.0,Ilorin_West,28.028538004557333
2024-01-12,0.0,Ilorin_West,27.704719161987327
2024-01-13,0.0,Ilorin_West,27.383672332763695
2024-01-14,0.0,Ilorin_West,26.90474090576174
2024-01-15,0.0,Ilorin_West,27.12762858072921
2024-01-16,0.0,Ilorin_West,26.309119796752952
2024-01-17,0.0,Ilorin_West,26.553756332397484
2024-01-18,0.0,Ilorin_West,26.547712580362997
2024-01-19,0.0,Ilorin_West,26.691196695963583
2024-01-20,0.0,Ilorin_West,27.461461003621423
2024-01-21,0.0,Ilorin_West,28.116664505004906
2024-01-22,0.0,Ilorin_West,27.73375027974447
2024-01-23,0.0,Ilorin_West,28.061585362752282
2024-01-24,0.0,Ilorin_West,28.805934524536156
2024-01-25,0.0,Ilorin_West,27.917703247070335
2024-01-26,0.0,Ilorin_West,27.32664578755697
2024-01-27,0.0,Ilorin_West,27.680664316813193
2024-01-28,0.0,Ilorin_West,27.348386383056663
2024-01-29,0.0,Ilorin_West,28.44298451741537
2024-01-30,0.0,Ilorin_West,29.229988988240564
2024-01-31,0.0,Ilorin_West,29.44771537780764
2024-02-01,3.3483002185821533,Ilorin_West,29.21770375569662
2024-02-02,0.0,Ilorin_West,28.408157602946005
2024-02-03,0.0,Ilorin_West,28.471815363566122
2024-02-04,0.0,Ilorin_West,28.066969172159872
2024-02-05,0.0,Ilorin_West,27.885715103149437
2024-02-06,0.0,Ilorin_West,27.91542460123702
2024-02-07,0.0,Ilorin_West,28.311707433064782
2024-02-08,0.0,Ilorin_West,28.885457611084007
2024-02-09,0.0,Ilorin_West,28.65224990844729
2024-02-10,0.0,Ilorin_West,29.432810719807946
2024-02-11,0.0,Ilorin_West,30.724065399169945
2024-02-12,0.0,Ilorin_West,31.356161371866904
2024-02-13,0.0,Ilorin_West,31.21213302612307
2024-02-14,0.0,Ilorin_West,31.18298937479659
2024-02-15,0.0,Ilorin_West,30.563232676188193
2024-02-16,0.0,Ilorin_West,29.99459292093917
2024-02-17,0.0,Ilorin_West,29.795786794026696
2024-02-18,0.0,Ilorin_West,31.277686691284202
2024-02-19,0.0,Ilorin_West,31.970671590169275
2024-02-20,5.122986793518066,Ilorin_West,31.95967508951827
2024-02-21,0.0,Ilorin_West,31.860333379109704
2024-02-22,0.0,Ilorin_West,31.6111776987712
2024-02-23,0.0,Ilorin_West,28.70868581136068
2024-02-24,0.0,Ilorin_West,28.54424120585128
2024-02-25,0.0,Ilorin_West,30.294651285807333
2024-02-26,0.0,Ilorin_West,31.25773391723635
2024-02-27,0.0,Ilorin_West,31.533463414510095
2024-02-28,0.0,Ilorin_West,31.799594497680687
2024-02-29,0.0,Ilorin_West,32.00800666809084
2024-03-01,0.0,Ilorin_West,30.633231735229515
2024-03-02,4.868043422698975,Ilorin_West,31.435992177327478
2024-03-03,1.6226810216903687,Ilorin_West,31.039654668172204
2024-03-04,1.6226810216903687,Ilorin_West,31.42043584187826
2024-03-05,1.6226810216903687,Ilorin_West,31.692025121053064
2024-03-06,4.685479164123535,Ilorin_West,31.363641357421898
2024-03-07,2.3427395820617676,Ilorin_West,30.657876586914085
2024-03-08,4.685479164123535,Ilorin_West,30.801800028483115
2024-03-09,2.3427395820617676,Ilorin_West,31.52809867858889
2024-03-10,0.0,Ilorin_West,32.38938929239913
2024-03-11,0.0,Ilorin_West,31.60357564290365
2024-03-12,0.0,Ilorin_West,31.62041562398275
2024-03-13,1.4107540845870972,Ilorin_West,31.956404622395837
2024-03-14,2.8215081691741943,Ilorin_West,30.527590688069665
2024-03-15,1.4107540845870972,Ilorin_West,29.36588058471682
2024-03-16,3.451416492462158,Ilorin_West,32.06933746337893
2024-03-17,0.0,Ilorin_West,32.336754735310876
2024-03-18,0.0,Ilorin_West,32.41666183471682
2024-03-19,0.0,Ilorin_West,32.15726496378585
2024-03-20,0.0,Ilorin_West,31.56285883585616
2024-03-21,1.6061041355133057,Ilorin_West,31.961941019694052
2024-03-22,1.6061041355133057,Ilorin_West,32.205290095011435
2024-03-23,1.6061041355133057,Ilorin_West,30.533550516764365
2024-03-24,0.0,Ilorin_West,31.64301770528158
2024-03-25,0.8030520677566528,Ilorin_West,31.140887832641624
2024-03-26,0.0,Ilorin_West,31.06629079182943
2024-03-27,0.0,Ilorin_West,32.03186442057296
2024-03-28,1.3656456470489502,Ilorin_West,32.70731124877932
2024-03-29,1.3656456470489502,Ilorin_West,32.62768135070803
2024-03-30,0.0,Ilorin_West,31.941916402180993
2024-03-31,0.0,Ilorin_West,31.90579503377279
2024-04-01,0.0,Ilorin_West,30.87587127685549
2024-04-02,5.449869632720947,Ilorin_West,32.33388989766439
2024-04-03,2.7249348163604736,Ilorin_West,31.14119110107424
2024-04-04,0.0,Ilorin_West,30.928495661417685
2024-04-05,2.7249348163604736,Ilorin_West,28.910127258300804
2024-04-06,9.48127555847168,Ilorin_West,30.077023442586267
2024-04-07,14.22191333770752,Ilorin_West,31.20555712382003
2024-04-08,9.48127555847168,Ilorin_West,30.44495290120443
2024-04-09,4.74063777923584,Ilorin_West,30.574563598632835
2024-04-10,4.74063777923584,Ilorin_West,31.038913981119833
2024-04-11,0.0,Ilorin_West,30.98286590576174
2024-04-12,5.693319797515869,Ilorin_West,29.563115056355798
2024-04-13,1.108747124671936,Ilorin_West,29.64351870218917
2024-04-14,19.44829750061035,Ilorin_West,28.563687260945642
2024-04-15,0.0,Ilorin_West,30.634783681233728
2024-04-16,3.140044689178467,Ilorin_West,31.20034561157229
2024-04-17,3.140044689178467,Ilorin_West,31.32220039367678
2024-04-18,0.0,Ilorin_West,31.918553288777673
2024-04-19,0.0,Ilorin_West,31.417668914794945
2024-04-20,1.5700223445892334,Ilorin_West,31.422573979695642
2024-04-21,14.628591537475586,Ilorin_West,30.548535919189476
2024-04-22,2.5040512084960938,Ilorin_West,31.579509353637718
2024-04-23,11.145593643188477,Ilorin_West,28.4899676005046
2024-04-24,0.0,Ilorin_West,29.90971972147628
2024-04-25,0.0,Ilorin_West,30.117944335937523
2024-04-26,4.5334882736206055,Ilorin_West,30.216966247558616
2024-04-27,4.5334882736206055,Ilorin_West,30.947122828165732
2024-04-28,4.5334882736206055,Ilorin_West,31.346893564860068
2024-04-29,4.5334882736206055,Ilorin_West,30.6580800374349
2024-04-30,4.5334882736206055,Ilorin_West,31.899079895019554
2024-05-01,5.100456237792969,Ilorin_West,30.191789881388388
2024-05-02,0.0,Ilorin_West,30.10347455342611
2024-05-03,5.100456237792969,Ilorin_West,30.068845367431663
2024-05-04,0.0,Ilorin_West,30.43779589335128
2024-05-05,5.100456237792969,Ilorin_West,30.61727358500167
2024-05-06,11.798336029052734,Ilorin_West,29.771599706014
2024-05-07,0.0,Ilorin_West,29.710764185587607
2024-05-08,0.0,Ilorin_West,30.332482910156273
2024-05-09,0.0,Ilorin_West,30.694344456990564
2024-05-10,0.0,Ilorin_West,30.652445093790732
2024-05-11,6.169588565826416,Ilorin_West,30.539486185709677
2024-05-12,6.169588565826416,Ilorin_West,29.53234697977706
2024-05-13,24.678354263305664,Ilorin_West,28.932485198974632
2024-05-14,0.0,Ilorin_West,29.511241531372093
2024-05-15,0.0,Ilorin_West,29.42330894470217
2024-05-16,9.359546661376953,Ilorin_West,27.457096989949548
2024-05-17,21.415626525878906,Ilorin_West,29.58499107360842
2024-05-18,0.0,Ilorin_West,30.33592249552413
2024-05-19,4.564053535461426,Ilorin_West,30.295900599161826
2024-05-20,0.7949046492576599,Ilorin_West,30.513905461629236
2024-05-21,3.4730117321014404,Ilorin_West,30.163305536905966
2024-05-22,10.419035911560059,Ilorin_West,29.17715733846029
2024-05-23,0.0,Ilorin_West,29.535718536376976
2024-05-24,6.946023464202881,Ilorin_West,28.87372423807784
2024-05-25,6.946023464202881,Ilorin_West,28.35009918212893
2024-05-26,0.0,Ilorin_West,29.48467280069991
2024-05-27,0.0,Ilorin_West,29.01045633951827
2024-05-28,0.0,Ilorin_West,29.291060384114587
2024-05-29,0.0,Ilorin_West,29.76144180297854
2024-05-30,0.0,Ilorin_West,29.40586179097494
2024-05-31,0.0,Ilorin_West,28.46636543273928
2024-06-01,0.0,Ilorin_West,28.67587814331057
2024-06-02,26.92255973815918,Ilorin_West,27.39278691609701
2024-06-03,0.0,Ilorin_West,29.07367350260421
2024-06-04,0.0,Ilorin_West,28.491565958658896
2024-06-05,0.0,Ilorin_West,29.624620056152366
2024-06-06,13.291657447814941,Ilorin_West,27.833544667561853
2024-06-07,0.0,Ilorin_West,27.862523015340173
2024-06-08,0.0,Ilorin_West,28.02662620544436
2024-06-09,0.0,Ilorin_West,28.37616373697921
2024-06-10,0.0,Ilorin_West,27.99923985799154
2024-06-11,4.087430477142334,Ilorin_West,26.95787073771163
2024-06-12,9.576560020446777,Ilorin_West,27.16201235453292
2024-06-13,0.4794444739818573,Ilorin_West,28.315819040934286
2024-06-14,5.629775047302246,Ilorin_West,28.107745742797874
2024-06-15,1.645742416381836,Ilorin_West,26.127226130167685
2024-06-16,0.0,Ilorin_West,26.629580434163415
2024-06-17,0.0,Ilorin_West,27.577806727091513
2024-06-18,6.838939189910889,Ilorin_West,27.678182856241904
2024-06-19,6.838939189910889,Ilorin_West,28.09247487386068
2024-06-20,0.0,Ilorin_West,27.580361938476585
2024-06-21,10.647977828979492,Ilorin_West,27.200847244262718
2024-06-22,0.0,Ilorin_West,28.126727676391624
2024-06-23,0.0,Ilorin_West,28.259114837646507
2024-06-24,10.647977828979492,Ilorin_West,27.570348993937216
2024-06-25,10.647977828979492,Ilorin_West,24.922451273600302
2024-06-26,19.91118621826172,Ilorin_West,26.65526479085287
2024-06-27,0.0,Ilorin_West,26.904941813151083
2024-06-28,19.91118621826172,Ilorin_West,27.218680953979515
2024-06-29,0.0,Ilorin_West,26.40467542012533
2024-06-30,0.0,Ilorin_West,26.315759277343773
2024-07-01,0.0,Ilorin_West,27.517097727457724
2024-07-02,12.678821563720703,Ilorin_West,26.380076344807946
2024-07-03,12.678821563720703,Ilorin_West,24.51542689005538
2024-07-04,0.0,Ilorin_West,25.115787124633812
2024-07-05,6.339410781860352,Ilorin_West,25.749403889973962
2024-07-06,13.67994213104248,Ilorin_West,25.169480895996116
2024-07-07,4.559980869293213,Ilorin_West,25.57180239359542
2024-07-08,0.0,Ilorin_West,24.499391810099326
2024-07-09,0.0,Ilorin_West,25.871581649780296
2024-07-10,9.119961738586426,Ilorin_West,26.14161071777346
2024-07-11,6.998417854309082,Ilorin_West,24.781582768758142
2024-07-12,0.0,Ilorin_West,24.490916188557946
2024-07-13,0.0,Ilorin_West,25.95663223266604
2024-07-14,0.0,Ilorin_West,25.71211967468264
2024-07-15,0.0,Ilorin_West,25.58047447204592
2024-07-16,0.0,Ilorin_West,24.927168782552087
2024-07-17,19.797285079956055,Ilorin_West,25.075720723470056
2024-07-18,0.0,Ilorin_West,26.161666488647484
2024-07-19,6.599094867706299,Ilorin_West,25.8040761311849
2024-07-20,6.599094867706299,Ilorin_West,24.052604293823265
2024-07-21,0.0,Ilorin_West,25.52264302571615
2024-07-22,0.0,Ilorin_West,25.557160949707054
2024-07-23,0.0,Ilorin_West,26.035220718383812
2024-07-24,0.0,Ilorin_West,25.044221496582054
2024-07-25,0.0,Ilorin_West,25.616085942586267
2024-07-26,0.0,Ilorin_West,26.019711430867517
2024-07-27,0.0,Ilorin_West,25.97532742818197
2024-07-28,10.064278602600098,Ilorin_West,24.15737368265792
2024-07-29,10.064278602600098,Ilorin_West,25.311884180704794
2024-07-30,0.0,Ilorin_West,25.826846694946312
2024-07-31,0.0,Ilorin_West,25.96373583475753
2024-08-01,0.0,Ilorin_West,25.519347763061546
2024-08-02,1.9071656465530396,Ilorin_West,25.610641098022484
2024-08-03,0.0,Ilorin_West,25.951159413655603
2024-08-04,0.0,Ilorin_West,25.83718325297042
2024-08-05,0.0,Ilorin_West,26.17789230346682
2024-08-06,0.0,Ilorin_West,26.411207453409872
2024-08-07,0.0,Ilorin_West,25.623003260294638
2024-08-08,0.0,Ilorin_West,26.13011767069503
2024-08-09,0.0,Ilorin_West,26.107055918375693
2024-08-10,2.3463659286499023,Ilorin_West,26.40369822184249
2024-08-11,0.0,Ilorin_West,26.22266858418783
2024-08-12,0.0,Ilorin_West,25.6708974202474
2024-08-13,0.0,Ilorin_West,25.63193600972494
2024-08-14,0.0,Ilorin_West,26.274239476521814
2024-08-15,0.0,Ilorin_West,26.68585103352865
2024-08-16,0.0,Ilorin_West,24.944844818115257
2024-08-17,0.0,Ilorin_West,26.229838943481468
2024-08-18,0.0,Ilorin_West,27.02507044474288
2024-08-19,9.646805763244629,Ilorin_West,25.287062581380212
2024-08-20,0.0,Ilorin_West,22.483570988972986
2024-08-21,0.5303042531013489,Ilorin_West,24.962568537394247
2024-08-22,3.0067152976989746,Ilorin_West,24.96503346761068
2024-08-23,15.804563522338867,Ilorin_West,22.56026738484701
2024-08-24,2.7441563606262207,Ilorin_West,24.00702056884768
2024-08-25,2.6097421646118164,Ilorin_West,25.179132080078148
2024-08-26,4.524044513702393,Ilorin_West,24.821100489298544
2024-08-27,3.635377883911133,Ilorin_West,24.93775075276693
2024-08-28,1.0583266019821167,Ilorin_West,25.57782643636068
2024-08-29,1.6890593767166138,Ilorin_West,25.334326680501306
2024-08-30,17.827146530151367,Ilorin_West,23.27642720540365
2024-08-31,3.9663944244384766,Ilorin_West,23.979617055257165
2024-09-01,0.0,Ilorin_West,24.816430664062523
2024-09-02,0.0,Ilorin_West,25.26980107625326
2024-09-03,0.0,Ilorin_West,25.72393951416018
2024-09-04,0.0,Ilorin_West,25.861355717976892
2024-09-05,0.0,Ilorin_West,25.667127227783226
2024-09-06,12.736071586608887,Ilorin_West,25.207548395792685
2024-09-07,19.104108810424805,Ilorin_West,23.63718694051107
2024-09-08,0.0,Ilorin_West,25.19236272176107
2024-09-09,0.0,Ilorin_West,26.24529291788741
2024-09-10,12.736071586608887,Ilorin_West,25.32927729288741
2024-09-11,4.07538366317749,Ilorin_West,25.186075464884482
2024-09-12,0.7692457437515259,Ilorin_West,24.92138506571456
2024-09-13,7.14400577545166,Ilorin_West,24.870327885945642
2024-09-14,4.672515392303467,Ilorin_West,24.295829391479515
2024-09-15,4.013869285583496,Ilorin_West,25.217111841837607
2024-09-16,18.39577293395996,Ilorin_West,25.807892735799157
2024-09-17,0.0,Ilorin_West,25.365595118204794
2024-09-18,55.18732452392578,Ilorin_West,23.547174072265648
2024-09-19,18.39577293395996,Ilorin_West,24.861128107706747
2024-09-20,0.0,Ilorin_West,25.136382039388025
2024-09-21,11.700189590454102,Ilorin_West,24.10112024943038
2024-09-22,0.0,Ilorin_West,24.544286982218466
2024-09-23,0.0,Ilorin_West,25.185243860880576
2024-09-24,11.700189590454102,Ilorin_West,25.002449289957724
2024-09-25,0.0,Ilorin_West,24.65545552571615
2024-09-26,9.510392189025879,Ilorin_West,25.297262446085654
2024-09-27,19.020784378051758,Ilorin_West,25.98293011983236
2024-09-28,19.020784378051758,Ilorin_West,25.192580159505212
2024-09-29,0.0,Ilorin_West,24.699246342976892
2024-09-30,9.510392189025879,Ilorin_West,24.900144195556663
2024-10-01,8.532929420471191,Ilorin_West,24.527930831909202
2024-10-02,9.706623077392578,Ilorin_West,25.657983398437523
2024-10-03,9.741037368774414,Ilorin_West,24.896250025431357
2024-10-04,47.17545700073242,Ilorin_West,23.786628977457724
2024-10-05,22.287691116333008,Ilorin_West,23.355609512329124
2024-10-06,6.43698263168335,Ilorin_West,24.157279586792015
2024-10-07,6.43698263168335,Ilorin_West,24.230998611450218
2024-10-08,6.43698263168335,Ilorin_West,25.375732676188193
2024-10-09,12.8739652633667,Ilorin_West,25.31872965494796
2024-10-10,6.43698263168335,Ilorin_West,25.714676157633505
2024-10-11,12.527850151062012,Ilorin_West,25.608068720499716
2024-10-12,18.79177474975586,Ilorin_West,24.915046310424827
2024-10-13,0.0,Ilorin_West,25.01730626424154
2024-10-14,6.263925075531006,Ilorin_West,24.88897603352865
2024-10-15,0.0,Ilorin_West,25.50163866678878
2024-10-16,8.804304122924805,Ilorin_West,25.56085611979171
2024-10-17,17.60860824584961,Ilorin_West,24.926257069905603
2024-10-18,17.60860824584961,Ilorin_West,24.97894694010421
2024-10-19,0.0,Ilorin_West,26.064408238728845
2024-10-20,17.60860824584961,Ilorin_West,26.04101142883303
2024-10-21,7.519685745239258,Ilorin_West,25.91107584635421
2024-10-22,0.0,Ilorin_West,25.432700093587243
2024-10-23,0.0,Ilorin_West,26.23130823771163
2024-10-24,0.0,Ilorin_West,26.96868158976241
2024-10-25,15.039371490478516,Ilorin_West,26.29698969523116
2024-10-26,27.024578094482422,Ilorin_West,26.982965087890648
2024-10-27,0.0,Ilorin_West,27.41539789835616
2024-10-28,0.0,Ilorin_West,27.003360366821312
2024-10-29,0.0,Ilorin_West,27.130408223470056
2024-10-30,0.0,Ilorin_West,27.415928777058923
2024-10-31,0.0,Ilorin_West,27.647299067179404
2024-11-01,0.0,Ilorin_West,27.041137949625693
2024-11-02,1.9879419803619385,Ilorin_West,27.023971176147484
2024-11-03,3.975883960723877,Ilorin_West,27.049055353800497
2024-11-04,0.0,Ilorin_West,26.549012120564782
2024-11-05,0.0,Ilorin_West,26.111384328206384
2024-11-06,0.0,Ilorin_West,26.36231702168783
2024-11-07,0.0,Ilorin_West,27.319880421956384
2024-11-08,0.0,Ilorin_West,27.896253204345726
2024-11-09,0.0,Ilorin_West,28.111736551920615
2024-11-10,0.0,Ilorin_West,27.009165064493857
2024-11-11,0.0,Ilorin_West,27.316531753540062
2024-11-12,0.0,Ilorin_West,27.481713231404626
2024-11-13,0.0,Ilorin_West,28.312192535400413
2024-11-14,0.0,Ilorin_West,28.43180109659835
2024-11-15,0.0,Ilorin_West,27.807095464070642
2024-11-16,0.0,Ilorin_West,26.68094151814779
2024-11-17,0.0,Ilorin_West,26.123537953694665
2024-11-18,0.0,Ilorin_West,26.777064895629906
2024-11-19,0.0,Ilorin_West,27.661838150024437
2024-11-20,0.0,Ilorin_West,27.762462234497093
2024-11-21,0.0,Ilorin_West,27.19036699930831
2024-11-22,0.0,Ilorin_West,27.311278915405296
2024-11-23,0.0,Ilorin_West,26.932972208658896
2024-11-24,0.0,Ilorin_West,26.742177581787132
2024-11-25,0.0,Ilorin_West,26.909559504191122
2024-11-26,0.0,Ilorin_West,26.15325190226241
2024-11-27,0.0,Ilorin_West,26.73904190063479
2024-11-28,0.0,Ilorin_West,25.87427164713546
2024-11-29,0.0,Ilorin_West,25.818528747558616
2024-11-30,0.0,Ilorin_West,26.326593017578148
2024-12-01,0.0,Ilorin_West,27.66177584330245
2024-12-02,0.0,Ilorin_West,28.023381169637048
2024-12-03,0.0,Ilorin_West,27.680410003662132
2024-12-04,0.0,Ilorin_West,27.338313039143884
2024-12-05,0.0,Ilorin_West,26.887918726603232
2024-12-06,0.0,Ilorin_West,26.970334625244163
2024-12-07,0.0,Ilorin_West,27.6164267222087
2024-12-08,0.0,Ilorin_West,26.856872812906943
2024-12-09,0.0,Ilorin_West,27.36229731241866
2024-12-10,0.0,Ilorin_West,28.318659718831384
2024-12-11,0.0,Ilorin_West,28.647161102294945
2024-12-12,0.0,Ilorin_West,28.023538843790732
2024-12-13,3.591074228286743,Ilorin_West,27.888482666015648
2024-12-14,0.0,Ilorin_West,26.896464920043968
2024-12-15,0.0,Ilorin_West,26.019636408487997
2024-12-16,0.0,Ilorin_West,26.42707977294924
2024-12-17,0.0,Ilorin_West,27.051601664225302
2024-12-18,0.0,Ilorin_West,26.631759262084984
2024-12-19,0.0,Ilorin_West,25.419333394368493
2024-12-20,0.0,Ilorin_West,24.682455952962243
2024-12-21,0.0,Ilorin_West,25.002238845825218
2024-12-22,0.0,Ilorin_West,26.320917383829794
2024-12-23,0.0,Ilorin_West,26.96453755696615
2024-12-24,0.0,Ilorin_West,27.345660781860374
2024-12-25,0.0,Ilorin_West,27.759925460815452
2024-12-26,0.0,Ilorin_West,27.41462669372561
2024-12-27,0.0,Ilorin_West,27.751617685953818
2024-12-28,0.0,Ilorin_West,27.063076273600302
2024-12-29,0.0,Ilorin_West,28.105666097005212
2024-12-30,4.081737995147705,Ilorin_West,28.772990798950218
2024-12-31,0.0,Ilorin_West,29.095513916015648
2025-01-01,0.0,Ilorin_West,27.983890151977562
2025-01-02,0.0,Ilorin_West,28.096652603149437
2025-01-03,0.0,Ilorin_West,28.164566294352255
2025-01-04,0.0,Ilorin_West,27.95051727294924
2025-01-05,0.0,Ilorin_West,28.286513264973962
2025-01-06,0.0,Ilorin_West,28.329335149129236
2025-01-07,0.0,Ilorin_West,27.821424738566122
2025-01-08,0.0,Ilorin_West,26.951281483968103
2025-01-09,0.0,Ilorin_West,26.652385965983115
2025-01-10,0.0,Ilorin_West,25.894399261474632
2025-01-11,0.0,Ilorin_West,26.273764546712243
2025-01-12,0.0,Ilorin_West,26.508632914225302
2025-01-13,0.0,Ilorin_West,27.286191558837913
2025-01-14,0.0,Ilorin_West,27.311563746134482
2025-01-15,0.0,Ilorin_West,27.822267786661826
2025-01-16,0.0,Ilorin_West,28.748935317993187
2025-01-17,0.0,Ilorin_West,28.625576909383142
2025-01-18,0.0,Ilorin_West,28.41837081909182
2025-01-19,0.0,Ilorin_West,29.001629130045615
2025-01-20,0.0,Ilorin_West,29.345385487874353
2025-01-21,0.0,Ilorin_West,29.11505724589034
2025-01-22,0.027234191074967384,Ilorin_West,29.06342150370284
2025-01-23,0.14253844320774078,Ilorin_West,28.248800532023154
2025-01-24,1.4506778717041016,Ilorin_West,28.523629124959314
2025-01-25,0.05369730666279793,Ilorin_West,28.339057540893577
2025-01-26,0.0,Ilorin_West,27.758087412516318
2025-01-27,0.0,Ilorin_West,27.836530939737997
2025-01-28,0.0,Ilorin_West,28.22968699137374
2025-01-29,0.0,Ilorin_West,27.961255645751976
2025-01-30,0.0,Ilorin_West,27.99800071716311
2025-01-31,0.0,Ilorin_West,28.888000742594443
2025-02-01,0.0,Ilorin_West,29.33472340901693
2025-02-02,0.0,Ilorin_West,29.512247339884482
2025-02-03,0.0,Ilorin_West,29.92657368977865
2025-02-04,0.0,Ilorin_West,29.66699879964193
2025-02-05,0.0,Ilorin_West,29.486479059855185
2025-02-06,1.1055161952972412,Ilorin_West,29.91298065185549
2025-02-07,0.32858046889305115,Ilorin_West,30.98250287373861
2025-02-08,0.0,Ilorin_West,30.791802978515648
2025-02-09,0.0,Ilorin_West,30.34717458089193
2025-02-10,0.5049751996994019,Ilorin_West,30.319724019368493
2025-02-11,0.0,Ilorin_West,30.072183863321982
2025-02-12,0.0,Ilorin_West,29.879256820678734
2025-02-13,0.0,Ilorin_West,29.68453178405764
2025-02-14,0.0,Ilorin_West,29.526431020100915
2025-02-15,0.0,Ilorin_West,29.22363115946456
2025-02-16,0.0,Ilorin_West,29.49503606160482
2025-02-17,0.0,Ilorin_West,29.671121215820335
2025-02-18,0.0,Ilorin_West,29.819940821329794
2025-02-19,0.0,Ilorin_West,29.804139073689782
2025-02-20,0.0,Ilorin_West,30.56349334716799
2025-02-21,0.0,Ilorin_West,30.377640660603845
2025-02-22,4.032375812530518,Ilorin_West,29.200327173868857
2025-02-23,0.0,Ilorin_West,29.30316060384115
2025-02-24,2.016187906265259,Ilorin_West,31.016671117146814
2025-02-25,0.0,Ilorin_West,30.720354970296228
2025-02-26,2.3314602375030518,Ilorin_West,30.344153976440452
2025-02-27,0.0,Ilorin_West,30.742466227213583
2025-02-28,0.0,Ilorin_West,30.171800231933616
2025-03-01,0.0,Ilorin_West,30.733586247762048
2025-03-02,0.0,Ilorin_West,31.077945327758812
2025-03-03,0.0,Ilorin_West,30.925002034505212
2025-03-04,0.0,Ilorin_West,30.64312324523928
2025-03-05,0.0,Ilorin_West,30.246029154459677
2025-03-06,0.0,Ilorin_West,30.665718968709314
2025-03-07,0.0,Ilorin_West,31.163155492146814
2025-03-08,0.0,Ilorin_West,31.679084396362327
2025-03-09,0.0,Ilorin_West,31.408003107706747
2025-03-10,4.513216018676758,Ilorin_West,30.937082544962607
2025-03-11,6.875504016876221,Ilorin_West,30.409656778971396
2025-03-12,6.875504016876221,Ilorin_West,31.08324775695803
2025-03-13,3.4377520084381104,Ilorin_West,30.82955449422201
2025-03-14,3.4377520084381104,Ilorin_West,30.936935043334984
2025-03-15,0.0,Ilorin_West,31.00122985839846
2025-03-16,0.0,Ilorin_West,30.992805735270224
2025-03-17,2.3757400512695312,Ilorin_West,30.95729217529299
2025-03-18,0.0,Ilorin_West,30.924822107950888
2025-03-19,0.0,Ilorin_West,30.643578465779626
2025-03-20,2.3757400512695312,Ilorin_West,30.45303560892745
2025-03-21,7.548551559448242,Ilorin_West,30.67794570922854
2025-03-22,7.548551559448242,Ilorin_West,29.845184580485068
2025-03-23,2.516183853149414,Ilorin_West,30.122043863932333
2025-03-24,2.516183853149414,Ilorin_West,30.18228937784835
2025-03-25,5.032367706298828,Ilorin_West,29.156865692138695
2025-03-26,4.861270904541016,Ilorin_West,29.949491755167685
2025-03-27,0.0,Ilorin_West,29.71162885030111
2025-03-28,4.861270904541016,Ilorin_West,30.096497472127282
2025-03-29,4.861270904541016,Ilorin_West,30.379574712117517
2025-03-30,9.722541809082031,Ilorin_West,30.36358222961428
2025-03-31,4.861270904541016,Ilorin_West,29.71310958862307
2025-04-01,0.0,Ilorin_West,29.856533304850302
2025-04-02,9.48589038848877,Ilorin_West,28.18566474914553
2025-04-03,0.0,Ilorin_West,29.531348164876306
2025-04-04,0.0,Ilorin_West,30.25586853027346
2025-04-05,0.0,Ilorin_West,30.62320226033529
2025-04-06,0.0,Ilorin_West,30.063033040364587
2025-04-07,10.035940170288086,Ilorin_West,30.421325937906943
2025-04-08,0.0,Ilorin_West,30.192227300008142
2025-04-09,10.035940170288086,Ilorin_West,29.918073908487997
2025-04-10,10.035940170288086,Ilorin_West,29.568713124593103
2025-04-11,11.81877613067627,Ilorin_West,28.392870839436853
2025-04-12,5.909388065338135,Ilorin_West,30.047343826293968
2025-04-13,0.0,Ilorin_West,30.527014032999716
2025-04-14,0.0,Ilorin_West,30.12338536580404
2025-04-15,0.0,Ilorin_West,30.360328292846702
2025-04-16,2.6547205448150635,Ilorin_West,30.156630452473962
2025-04-17,5.309441089630127,Ilorin_West,30.108296966552757
2025-04-18,5.309441089630127,Ilorin_West,31.003354008992517
2025-04-19,0.0,Ilorin_West,29.998659388224326
2025-04-20,2.6547205448150635,Ilorin_West,29.604266738891624
2025-04-21,6.98165225982666,Ilorin_West,30.422086970011435
2025-04-22,13.96330451965332,Ilorin_West,29.67870165507003
2025-04-23,13.96330451965332,Ilorin_West,29.528113301595056
2025-04-24,0.0,Ilorin_West,29.8494697570801
2025-04-25,0.0,Ilorin_West,30.85892257690432
2025-04-26,15.013310432434082,Ilorin_West,28.931409454345726
2025-04-27,0.0,Ilorin_West,29.19905815124514
2025-04-28,5.004436492919922,Ilorin_West,29.70697428385421
2025-04-29,0.0,Ilorin_West,28.552491124471032
2025-04-30,5.004436492919922,Ilorin_West,28.690546925862634
2025-05-01,7.119844913482666,Ilorin_West,27.914211527506552
2025-05-02,9.49312686920166,Ilorin_West,27.519335047404013
2025-05-03,4.74656343460083,Ilorin_West,28.493952687581384
2025-05-04,0.0,Ilorin_West,28.878765360514365
2025-05-05,0.0,Ilorin_West,28.44543037414553
2025-05-06,3.935688018798828,Ilorin_West,28.789723332722986
2025-05-07,6.600035190582275,Ilorin_West,29.92716242472335
2025-05-08,4.754237174987793,Ilorin_West,29.771986262003622
2025-05-09,0.0,Ilorin_West,28.45198529561361
2025-05-10,0.0,Ilorin_West,29.337415313720726
2025-05-11,0.0,Ilorin_West,29.21386871337893
2025-05-12,2.1762778759002686,Ilorin_West,29.38893534342452
2025-05-13,0.0,Ilorin_West,28.445143000284872
2025-05-14,2.1762778759002686,Ilorin_West,28.76716257731124
2025-05-15,4.352555751800537,Ilorin_West,29.03536758422854
2025-05-16,0.07128062099218369,Ilorin_West,28.444661712646507
2025-05-17,5.938736915588379,Ilorin_West,25.830815251668298
2025-05-18,0.893299400806427,Ilorin_West,26.8011299133301
2025-05-19,0.44488057494163513,Ilorin_West,28.148288981119833
2025-05-20,0.41133958101272583,Ilorin_West,27.215247726440452
2025-05-21,0.0,Ilorin_West,27.442063903808616
2025-05-22,0.0,Ilorin_West,28.14600779215499
2025-05-23,13.943666458129883,Ilorin_West,27.257647450764978
2025-05-24,0.0,Ilorin_West,28.36043192545577
2025-05-25,0.0,Ilorin_West,28.255391693115257
2025-05-26,0.0,Ilorin_West,28.52053286234542
2025-05-27,7.266967296600342,Ilorin_West,28.323470052083337
2025-05-28,7.266967296600342,Ilorin_West,26.919338480631552
2025-05-29,7.266967296600342,Ilorin_West,24.162297185262048
2025-05-30,0.0,Ilorin_West,26.190658187866234
2025-05-31,0.0,Ilorin_West,27.56982256571456
2025-06-01,7.529480457305908,Ilorin_West,27.070286051432333
2025-06-02,0.0,Ilorin_West,27.397010421752952
2025-06-03,7.529480457305908,Ilorin_West,25.99387130737307
2025-06-04,0.0,Ilorin_West,24.915043767293298
2025-06-05,7.529480457305908,Ilorin_West,27.039514160156273
2025-06-06,12.256267547607422,Ilorin_West,26.994472757975302
2025-06-07,6.128133773803711,Ilorin_West,26.23843345642092
2025-06-08,6.128133773803711,Ilorin_West,26.40263710021975
2025-06-09,0.0,Ilorin_West,26.064346567789755
2025-06-10,0.0,Ilorin_West,26.49701588948568
2025-06-11,12.038674354553223,Ilorin_West,25.828305816650413
2025-06-12,0.67765212059021,Ilorin_West,26.921357091267907
2025-06-13,3.2968921661376953,Ilorin_West,27.253553644816122
2025-06-14,15.191449165344238,Ilorin_West,25.711015955607138
2025-06-15,4.830121040344238,Ilorin_West,26.51358311971029
2025-06-16,33.52758026123047,Ilorin_West,27.160569763183616
2025-06-17,8.381895065307617,Ilorin_West,27.019606526692712
2025-06-18,8.381895065307617,Ilorin_West,26.67140350341799
2025-06-19,0.0,Ilorin_West,26.58743820190432
2025-06-20,0.0,Ilorin_West,26.081932957967126
2025-06-21,0.0,Ilorin_West,25.68489227294924
2025-06-22,0.0,Ilorin_West,26.15667050679525
2025-06-23,0.0,Ilorin_West,26.331519699096702
2025-06-24,0.0,Ilorin_West,26.879466629028343
2025-06-25,0.0,Ilorin_West,26.7150811513265
2025-06-26,14.266321182250977,Ilorin_West,26.18291816711428
2025-06-27,0.0,Ilorin_West,25.93173751831057
2025-06-28,0.0,Ilorin_West,26.92513554890951
2025-06-29,0.0,Ilorin_West,26.29816843668624
2025-06-30,0.0,Ilorin_West,26.012319183349632
2025-07-01,16.640430450439453,Ilorin_West,25.72607828776046
2025-07-02,26.822696685791016,Ilorin_West,25.370100911458337
2025-07-03,20.692386627197266,Ilorin_West,24.017042414347372
2025-07-04,5.736959457397461,Ilorin_West,23.082154210408532
2025-07-05,5.697415828704834,Ilorin_West,24.290113703409872
2025-07-06,5.213911533355713,Ilorin_West,24.042253748575888
2025-07-07,5.213911533355713,Ilorin_West,24.285710906982445
2025-07-08,15.641735076904297,Ilorin_West,24.258648808797204
2025-07-09,5.213911533355713,Ilorin_West,23.876173273722372
2025-07-10,0.0,Ilorin_West,25.166940943400107
2025-07-11,0.0,Ilorin_West,25.047568257649743
2025-07-12,0.0,Ilorin_West,24.735121027628622
2025-07-13,0.0,Ilorin_West,24.530158615112327
2025-07-14,0.0,Ilorin_West,25.13066762288412
2025-07-15,0.0,Ilorin_West,25.462114588419638
2025-07-16,0.0,Ilorin_West,24.430579757690452
2025-07-17,0.0,Ilorin_West,24.32853024800619
2025-07-18,0.0,Ilorin_West,24.98730621337893
2025-07-19,0.0,Ilorin_West,25.611943181355798
2025-07-20,0.0,Ilorin_West,25.664076741536462
2025-07-21,8.232505798339844,Ilorin_West,24.90327606201174
2025-07-22,0.0,Ilorin_West,22.97629636128744
2025-07-23,0.0,Ilorin_West,24.7523183186849
2025-07-24,0.0,Ilorin_West,25.087939198811853
2025-07-25,0.0,Ilorin_West,25.327769215901696
2025-07-26,0.0,Ilorin_West,23.8637577056885
2025-07-27,0.0,Ilorin_West,24.333981450398767
2025-07-28,0.0,Ilorin_West,24.78919690450033
2025-07-29,0.0,Ilorin_West,25.620154953002952
2025-07-30,0.0,Ilorin_West,25.34171320597335
2025-07-31,0.0,Ilorin_West,24.793361918131552
2025-08-01,10.451812744140625,Ilorin_West,24.62399826049807
2025-08-02,0.0,Ilorin_West,25.47038294474288
2025-08-03,20.90362548828125,Ilorin_West,24.460666275024437
2025-08-04,0.0,Ilorin_West,22.429165140787802
2025-08-05,0.0,Ilorin_West,23.96625925699874
2025-08-06,0.0,Ilorin_West,24.08493576049807
2025-08-07,9.54267406463623,Ilorin_West,24.1984687805176
2025-08-08,0.0,Ilorin_West,24.29250869750979
2025-08-09,0.0,Ilorin_West,22.86604016621908
2025-08-10,0.0,Ilorin_West,24.612482325236044
2025-08-11,0.0,Ilorin_West,24.919233576456747
2025-08-12,0.0,Ilorin_West,24.24175351460775
2025-08-13,0.0,Ilorin_West,25.03899408976241
2025-08-14,8.100065231323242,Ilorin_West,24.731259918212913
2025-08-15,16.200130462646484,Ilorin_West,22.924881235758505
2025-08-16,0.0,Ilorin_West,21.612727101643884
2025-08-17,16.910539627075195,Ilorin_West,23.89718907674154
2025-08-18,0.0,Ilorin_West,24.469090398152673
2025-08-19,0.0,Ilorin_West,24.79532712300619
2025-08-20,0.0,Ilorin_West,24.57465769449874
2025-08-21,0.0,Ilorin_West,23.507833735148154
2025-08-22,0.0,Ilorin_West,24.320544179280603
2025-08-23,0.0,Ilorin_West,24.96848068237307
2025-08-24,0.0,Ilorin_West,24.87066548665365
2025-08-25,0.0,Ilorin_West,25.264353052775107
2025-08-26,0.0,Ilorin_West,23.864535903930687
2025-08-27,0.0,Ilorin_West,24.849694824218773
2025-08-28,0.0,Ilorin_West,24.82517331441244
2025-08-29,0.0,Ilorin_West,24.567461903889978
2025-08-30,0.0,Ilorin_West,24.37295811971029
2025-08-31,0.0,Ilorin_West,24.465686416626
2025-09-01,0.0,Ilorin_West,25.187160746256552
2025-09-02,13.436270713806152,Ilorin_West,25.349068578084314
2025-09-03,13.436270713806152,Ilorin_West,24.701469039917015
2025-09-04,0.0,Ilorin_West,24.910397466023767
2025-09-05,0.0,Ilorin_West,25.135614649454794
2025-09-06,10.07105827331543,Ilorin_West,25.24734268188479
2025-09-07,5.035529136657715,Ilorin_West,25.53704986572268
2025-09-08,10.07105827331543,Ilorin_West,24.904074605305993
2025-09-09,0.0,Ilorin_West,24.041756566365564
2025-09-10,0.0,Ilorin_West,25.683093007405603
2025-09-11,9.622434616088867,Ilorin_West,25.439225133260095
2025-09-12,0.0,Ilorin_West,23.38814188639327
2025-09-13,0.0,Ilorin_West,24.430141067504906
2025-09-14,0.0,Ilorin_West,25.263351058959984
2025-09-15,38.48973846435547,Ilorin_West,24.529503758748376
2025-09-16,10.147284507751465,Ilorin_West,24.674111938476585
2025-09-17,0.0,Ilorin_West,25.320054626464866
2025-09-18,30.44185447692871,Ilorin_West,25.001648839314782
2025-09-19,10.147284507751465,Ilorin_West,25.376357014973962
2025-09-20,30.44185447692871,Ilorin_West,25.18944384257003
2025-09-21,14.087360382080078,Ilorin_West,25.0345448811849
2025-09-22,14.087360382080078,Ilorin_West,25.426377868652366
2025-09-23,14.087360382080078,Ilorin_West,24.918443298339866
2025-09-24,7.043680191040039,Ilorin_West,25.39649925231936
2025-09-25,7.043680191040039,Ilorin_West,24.329236602783226
2025-09-26,10.841742515563965,Ilorin_West,25.43532269795736
2025-09-27,21.68348503112793,Ilorin_West,24.95274378458663
2025-09-28,32.525230407714844,Ilorin_West,25.03918609619143
2025-09-29,10.841742515563965,Ilorin_West,25.09011802673342
2025-09-30,0.0,Ilorin_West,25.771550750732445
2025-10-01,12.718754768371582,Ilorin_West,25.03459765116378
2025-10-02,0.0,Ilorin_West,25.321819559733115
2025-10-03,0.0,Ilorin_West,26.701498921712243
2025-10-04,12.718754768371582,Ilorin_West,26.214905039469443
2025-10-05,6.359377384185791,Ilorin_West,25.07956975301107
2025-10-06,1.0118788480758667,Ilorin_West,24.590419387817406
2025-10-07,8.159194946289062,Ilorin_West,23.14988225301107
2025-10-08,0.507028341293335,Ilorin_West,25.48675371805831
2025-10-09,0.0,Ilorin_West,25.871395365397177
2025-10-10,5.871268272399902,Ilorin_West,23.852669016520224
2025-10-11,6.964304447174072,Ilorin_West,24.739563878377282
2025-10-12,3.482152223587036,Ilorin_West,24.3372576395671
2025-10-13,6.964304447174072,Ilorin_West,24.715435282389365
2025-10-14,6.964304447174072,Ilorin_West,24.588307317097986
2025-10-15,10.446456909179688,Ilorin_West,25.423748906453454
2025-10-16,3.294947624206543,Ilorin_West,24.42402801513674
2025-10-17,0.0,Ilorin_West,25.262944157918298
2025-10-18,0.0,Ilorin_West,26.084361648559593
2025-10-19,0.0,Ilorin_West,26.822663879394554
2025-10-20,3.294947624206543,Ilorin_West,26.50811665852865
2025-10-21,0.0,Ilorin_West,26.95565312703451
2025-10-22,0.0,Ilorin_West,26.52778015136721
2025-10-23,0.0,Ilorin_West,26.946293767293298
2025-10-24,10.720250129699707,Ilorin_West,26.738601938883505
2025-10-25,0.0,Ilorin_West,26.81743202209475
2025-10-26,0.0,Ilorin_West,27.193565622965536
2025-10-27,0.0,Ilorin_West,27.43089383443197
2025-10-28,0.0,Ilorin_West,27.354898707071982
2025-10-29,3.6567349433898926,Ilorin_West,26.84954096476241
2025-10-30,0.0,Ilorin_West,27.14412078857424
2025-10-31,0.0,Ilorin_West,27.277985509236657
2025-11-01,0.0,Ilorin_West,27.36281547546389
2025-11-02,0.0,Ilorin_West,27.271304066975915
2025-11-03,0.0,Ilorin_West,26.958544031779013
2025-11-04,2.8280246257781982,Ilorin_West,27.133908208211267
2025-11-05,2.8280246257781982,Ilorin_West,27.08184394836428
2025-11-06,1.9717068672180176,Ilorin_West,27.36756032307943
2025-11-07,0.0,Ilorin_West,26.614820098876976
2025-11-08,0.0,Ilorin_West,27.64396692911788
2025-11-09,0.0,Ilorin_West,28.10913683573409
2025-11-10,0.0,Ilorin_West,28.29317754109701
2025-11-11,0.0,Ilorin_West,27.906681950887048
2025-11-12,0.11009599268436432,Ilorin_West,27.84031194051107
2025-11-13,0.22019198536872864,Ilorin_West,27.960541025797568
2025-11-14,0.0,Ilorin_West,28.241317367553734
2025-11-15,0.0,Ilorin_West,28.520731226603232
2025-11-16,0.0,Ilorin_West,28.253942743937216
2025-11-17,0.0,Ilorin_West,28.23531875610354
2025-11-18,0.0,Ilorin_West,28.053819910685263
2025-11-19,0.0,Ilorin_West,28.519560750325525
2025-11-20,0.0,Ilorin_West,28.818259175618493
2025-11-21,0.0,Ilorin_West,28.720461781819665
2025-11-22,0.0,Ilorin_West,28.955714797973656
2025-11-23,0.0,Ilorin_West,28.594326909383142
2025-11-24,0.0,Ilorin_West,28.57197532653811
2025-11-25,0.0,Ilorin_West,27.642798360188806
2025-11-26,0.0,Ilorin_West,28.81686172485354
2025-11-27,0.0,Ilorin_West,29.204529698689782
2025-11-28,0.0,Ilorin_West,29.148055013020837
2025-11-29,0.0,Ilorin_West,28.808928426106775
2025-11-30,0.0,Ilorin_West,28.835809961954794
2025-12-01,0.0,Ilorin_West,28.932192738850915
2025-12-02,0.0,Ilorin_West,28.939197794596396
2025-12-03,0.0,Ilorin_West,29.67195536295577
2025-12-04,0.0,Ilorin_West,29.41985918680831
2025-12-05,0.0,Ilorin_West,28.860739008585654
2025-12-06,0.0,Ilorin_West,28.810636774698935
2025-12-07,0.0,Ilorin_West,29.055698013305687
2025-12-08,0.0,Ilorin_West,28.809930419921898
2025-12-09,0.0,Ilorin_West,28.774061457316122
2025-12-10,0.0,Ilorin_West,28.488764063517294
2025-12-11,0.0,Ilorin_West,28.457676188151083
2025-12-12,0.0,Ilorin_West,28.861832555135095
2025-12-13,0.0,Ilorin_West,28.787544504801474
2025-12-14,0.0,Ilorin_West,29.2086171468099
2025-12-15,0.0,Ilorin_West,29.17156308492025
2025-12-16,5.085244178771973,Ilorin_West,28.16660079956057
2025-12-17,0.0,Ilorin_West,27.904307937622093
2025-12-18,0.0,Ilorin_West,28.434336598714196
2025-12-19,0.0,Ilorin_West,29.1431601206462
2025-12-20,0.0,Ilorin_West,29.434781010945642
2025-12-21,5.166682720184326,Ilorin_West,28.96643218994143
2025-12-22,0.0,Ilorin_West,28.67818730672201
2025-12-23,0.0,Ilorin_West,28.785986200968466
2025-12-24,0.0,Ilorin_West,29.04580650329592
2025-12-25,0.0,Ilorin_West,29.498495992024743
2025-12-26,0.0,Ilorin_West,29.938627497355185
2025-12-27,0.0,Ilorin_West,29.59615033467611
2025-12-28,0.0,Ilorin_West,29.57369511922201
2025-12-29,0.0,Ilorin_West,29.352664566040062
2025-12-30,0.0,Ilorin_West,29.240570958455407
2025-12-31,0.0,Ilorin_West,29.790551757812523
2021-01-01,0.0,Ilorin_East,28.18409372965499
2021-01-02,0.0,Ilorin_East,28.405079142252646
2021-01-03,0.0,Ilorin_East,28.676311747233115
2021-01-04,0.0,Ilorin_East,29.297443008422874
2021-01-05,0.0,Ilorin_East,28.731612141927087
2021-01-06,0.0,Ilorin_East,29.06328671773275
2021-01-07,0.0,Ilorin_East,28.876882171630882
2021-01-08,0.0,Ilorin_East,28.77565727233889
2021-01-09,0.0,Ilorin_East,28.11443417867025
2021-01-10,0.0,Ilorin_East,27.817875798543298
2021-01-11,0.0,Ilorin_East,28.10964164733889
2021-01-12,0.0,Ilorin_East,28.046835199991904
2021-01-13,0.0,Ilorin_East,27.660889561971032
2021-01-14,0.0,Ilorin_East,27.43249918619796
2021-01-15,0.0,Ilorin_East,27.331333414713583
2021-01-16,0.0,Ilorin_East,27.38343772888186
2021-01-17,0.0,Ilorin_East,27.578557586669945
2021-01-18,0.0,Ilorin_East,27.87886199951174
2021-01-19,0.0,Ilorin_East,27.75394465128585
2021-01-20,0.0,Ilorin_East,27.20058085123702
2021-01-21,0.0,Ilorin_East,27.24859199523928
2021-01-22,0.0,Ilorin_East,26.430127716064476
2021-01-23,0.0,Ilorin_East,26.769613520304404
2021-01-24,0.0,Ilorin_East,27.76647783915206
2021-01-25,0.0,Ilorin_East,27.130522028605185
2021-01-26,0.0,Ilorin_East,27.46739222208663
2021-01-27,0.0,Ilorin_East,27.861433283487997
2021-01-28,0.0,Ilorin_East,27.960710779825888
2021-01-29,0.0,Ilorin_East,28.48845761617025
2021-01-30,0.0,Ilorin_East,28.324444071451865
2021-01-31,0.0,Ilorin_East,27.903835550944052
2021-02-01,0.0,Ilorin_East,28.3107899983724
2021-02-02,0.0,Ilorin_East,28.674466069539392
2021-02-03,0.0,Ilorin_East,29.004015858968103
2021-02-04,0.0,Ilorin_East,28.973383204142294
2021-02-05,0.0,Ilorin_East,28.661859130859398
2021-02-06,0.0,Ilorin_East,29.058964665730798
2021-02-07,0.0,Ilorin_East,29.217245992024743
2021-02-08,0.0,Ilorin_East,29.05105806986495
2021-02-09,0.0,Ilorin_East,28.839840825398767
2021-02-10,0.0,Ilorin_East,29.313726043701195
2021-02-11,0.0,Ilorin_East,30.115726089477562
2021-02-12,0.0,Ilorin_East,29.80450337727865
2021-02-13,0.0,Ilorin_East,29.54909795125326
2021-02-14,0.0,Ilorin_East,29.927133814493857
2021-02-15,0.0,Ilorin_East,30.321967697143577
2021-02-16,0.0,Ilorin_East,30.200641250610374
2021-02-17,0.0,Ilorin_East,29.079565302530966
2021-02-18,0.0,Ilorin_East,27.13647613525393
2021-02-19,0.0,Ilorin_East,25.239591852823935
2021-02-20,0.0,Ilorin_East,25.948340352376306
2021-02-21,0.0,Ilorin_East,26.665286636352562
2021-02-22,0.0,Ilorin_East,27.28893623352053
2021-02-23,0.0,Ilorin_East,27.939410146077478
2021-02-24,0.0,Ilorin_East,29.230367914835654
2021-02-25,0.0,Ilorin_East,29.691490427653036
2021-02-26,0.0,Ilorin_East,29.839337285359704
2021-02-27,0.0,Ilorin_East,29.57795104980471
2021-02-28,0.0,Ilorin_East,29.91174723307296
2021-03-01,0.0,Ilorin_East,30.326437886555993
2021-03-02,0.0,Ilorin_East,30.046840286254906
2021-03-03,0.0,Ilorin_East,30.077603276570642
2021-03-04,0.0,Ilorin_East,29.948677317301474
2021-03-05,0.0,Ilorin_East,30.58663902282717
2021-03-06,0.0,Ilorin_East,31.096545155843103
2021-03-07,0.0,Ilorin_East,31.172894414265954
2021-03-08,0.0,Ilorin_East,31.107312774658226
2021-03-09,0.0,Ilorin_East,30.646739578247093
2021-03-10,6.592752933502197,Ilorin_East,30.359820938110374
2021-03-11,2.3536622524261475,Ilorin_East,29.457315699259482
2021-03-12,4.707324504852295,Ilorin_East,29.25005238850912
2021-03-13,4.707324504852295,Ilorin_East,28.763329442342126
2021-03-14,2.3536622524261475,Ilorin_East,29.25526898701986
2021-03-15,2.3536622524261475,Ilorin_East,29.647753016154013
2021-03-16,5.364343166351318,Ilorin_East,29.246149953206384
2021-03-17,0.0,Ilorin_East,28.338630930582724
2021-03-18,10.728686332702637,Ilorin_East,28.12893193562826
2021-03-19,0.0,Ilorin_East,28.065238571167015
2021-03-20,10.728686332702637,Ilorin_East,28.23489913940432
2021-03-21,4.288299083709717,Ilorin_East,28.622224426269554
2021-03-22,0.0,Ilorin_East,29.209697341918968
2021-03-23,2.1441495418548584,Ilorin_East,29.195118840535486
2021-03-24,2.1441495418548584,Ilorin_East,28.86672426859542
2021-03-25,0.0,Ilorin_East,28.860782241821312
2021-03-26,0.0,Ilorin_East,29.91774711608889
2021-03-27,0.0,Ilorin_East,29.690942382812523
2021-03-28,0.0,Ilorin_East,29.368201828002952
2021-03-29,0.0,Ilorin_East,29.69935569763186
2021-03-30,0.0,Ilorin_East,30.326797739664755
2021-03-31,0.0,Ilorin_East,30.473426437377952
2021-04-01,0.0,Ilorin_East,30.609170532226585
2021-04-02,0.0,Ilorin_East,30.524263000488304
2021-04-03,0.0,Ilorin_East,30.74602343241378
2021-04-04,0.0,Ilorin_East,30.952713267008505
2021-04-05,0.0,Ilorin_East,30.992238616943382
2021-04-06,3.7924766540527344,Ilorin_East,31.206543223063193
2021-04-07,0.0,Ilorin_East,31.513606007893884
2021-04-08,7.584953308105469,Ilorin_East,31.79137255350753
2021-04-09,15.169906616210938,Ilorin_East,30.288234965006552
2021-04-10,3.7924766540527344,Ilorin_East,31.010608291626
2021-04-11,18.01111602783203,Ilorin_East,29.971568679809593
2021-04-12,0.0,Ilorin_East,30.704544957478845
2021-04-13,6.0037055015563965,Ilorin_East,29.961121495564782
2021-04-14,0.0,Ilorin_East,30.50316963195803
2021-04-15,12.007411003112793,Ilorin_East,30.294882074991904
2021-04-16,0.0,Ilorin_East,29.99550272623702
2021-04-17,0.0,Ilorin_East,29.069686508178734
2021-04-18,12.482266426086426,Ilorin_East,30.078461583455407
2021-04-19,0.0,Ilorin_East,30.3659384409587
2021-04-20,0.0,Ilorin_East,30.22452316284182
2021-04-21,3.084554433822632,Ilorin_East,30.438612874348962
2021-04-22,12.338217735290527,Ilorin_East,29.386078135172568
2021-04-23,0.0,Ilorin_East,30.255145645141624
2021-04-24,3.084554433822632,Ilorin_East,29.763408279418968
2021-04-25,6.169108867645264,Ilorin_East,29.832822418212913
2021-04-26,3.6581599712371826,Ilorin_East,30.547267532348656
2021-04-27,3.6581599712371826,Ilorin_East,30.37938588460287
2021-04-28,3.6581599712371826,Ilorin_East,29.79190025329592
2021-04-29,0.0,Ilorin_East,30.324822362264
2021-04-30,0.0,Ilorin_East,30.098972574869833
2021-05-01,0.0,Ilorin_East,30.714074707031273
2021-05-02,0.0,Ilorin_East,30.6415948232015
2021-05-03,0.0,Ilorin_East,28.934625244140648
2021-05-04,16.826993942260742,Ilorin_East,29.254477437337243
2021-05-05,0.0,Ilorin_East,29.595271046956384
2021-05-06,19.035696029663086,Ilorin_East,29.361547724405966
2021-05-07,12.690464973449707,Ilorin_East,27.789446131388388
2021-05-08,0.0,Ilorin_East,28.45647455851241
2021-05-09,12.690464973449707,Ilorin_East,27.11295344034835
2021-05-10,0.0,Ilorin_East,27.76677792867025
2021-05-11,0.0,Ilorin_East,29.35172297159835
2021-05-12,0.0,Ilorin_East,29.19003257751467
2021-05-13,0.0,Ilorin_East,28.760914738972986
2021-05-14,0.0,Ilorin_East,29.34362055460616
2021-05-15,10.792313575744629,Ilorin_East,29.204996363321982
2021-05-16,0.0,Ilorin_East,29.460351562500023
2021-05-17,8.56280517578125,Ilorin_East,29.083015696207724
2021-05-18,8.56280517578125,Ilorin_East,28.840475336710654
2021-05-19,8.56280517578125,Ilorin_East,29.584752019246423
2021-05-20,4.281402587890625,Ilorin_East,28.55172500610354
2021-05-21,0.0,Ilorin_East,29.107376352946005
2021-05-22,10.641289710998535,Ilorin_East,27.637380218505882
2021-05-23,0.0,Ilorin_East,28.8953573862712
2021-05-24,0.0,Ilorin_East,29.770022964477562
2021-05-25,0.0,Ilorin_East,29.587715403238974
2021-05-26,0.0,Ilorin_East,29.59251429239913
2021-05-27,0.0,Ilorin_East,29.420852915446005
2021-05-28,7.424046993255615,Ilorin_East,29.499648030598962
2021-05-29,7.424046993255615,Ilorin_East,29.24380264282229
2021-05-30,0.0,Ilorin_East,29.15361366271975
2021-05-31,7.424046993255615,Ilorin_East,29.555817540486657
2021-06-01,19.37468910217285,Ilorin_East,28.824573771158896
2021-06-02,0.0,Ilorin_East,29.18105532328292
2021-06-03,6.458230018615723,Ilorin_East,29.85004259745284
2021-06-04,19.37468910217285,Ilorin_East,27.52155456542971
2021-06-05,6.458230018615723,Ilorin_East,27.13007189432784
2021-06-06,0.0,Ilorin_East,27.836558914184593
2021-06-07,0.0,Ilorin_East,28.53396822611495
2021-06-08,22.747621536254883,Ilorin_East,29.185386912028036
2021-06-09,0.0,Ilorin_East,27.649260457356775
2021-06-10,0.0,Ilorin_East,28.6661201477051
2021-06-11,5.354172229766846,Ilorin_East,28.10355466206869
2021-06-12,10.708344459533691,Ilorin_East,28.516590372721396
2021-06-13,0.0,Ilorin_East,28.50979385375979
2021-06-14,0.0,Ilorin_East,28.37419726053878
2021-06-15,10.708344459533691,Ilorin_East,27.846292750040732
2021-06-16,3.2118842601776123,Ilorin_East,26.747980372111044
2021-06-17,0.0,Ilorin_East,27.233754094441736
2021-06-18,0.0,Ilorin_East,27.916158294677757
2021-06-19,0.0,Ilorin_East,27.591454442342126
2021-06-20,16.05942153930664,Ilorin_East,24.857994333903036
2021-06-21,10.689430236816406,Ilorin_East,25.68121999104818
2021-06-22,10.689430236816406,Ilorin_East,25.468372599283896
2021-06-23,10.689430236816406,Ilorin_East,25.515243148803734
2021-06-24,0.0,Ilorin_East,26.595513916015648
2021-06-25,0.0,Ilorin_East,27.021169281005882
2021-06-26,11.895588874816895,Ilorin_East,25.237592951456747
2021-06-27,0.0,Ilorin_East,26.705783462524437
2021-06-28,7.930392742156982,Ilorin_East,26.72782160441085
2021-06-29,0.0,Ilorin_East,26.018459574381552
2021-06-30,7.930392742156982,Ilorin_East,26.44927813212081
2021-07-01,0.0,Ilorin_East,25.991749699910486
2021-07-02,0.0,Ilorin_East,26.708561833699548
2021-07-03,11.008589744567871,Ilorin_East,25.777436828613304
2021-07-04,0.0,Ilorin_East,25.894070561726892
2021-07-05,0.0,Ilorin_East,27.058561579386435
2021-07-06,8.950739860534668,Ilorin_East,26.563647206624353
2021-07-07,0.0,Ilorin_East,26.05008214314779
2021-07-08,0.0,Ilorin_East,26.671086883544945
2021-07-09,0.0,Ilorin_East,25.23816324869796
2021-07-10,0.0,Ilorin_East,25.770955657959007
2021-07-11,0.0,Ilorin_East,25.78040466308596
2021-07-12,16.963327407836914,Ilorin_East,25.49700762430831
2021-07-13,0.0,Ilorin_East,26.458275731404626
2021-07-14,0.0,Ilorin_East,26.568518575032556
2021-07-15,0.0,Ilorin_East,26.41020863850912
2021-07-16,6.184599876403809,Ilorin_East,24.82493680318197
2021-07-17,0.0,Ilorin_East,25.600902175903343
2021-07-18,0.0,Ilorin_East,26.223622258504236
2021-07-19,0.0,Ilorin_East,25.78867429097494
2021-07-20,0.0,Ilorin_East,25.854563013712607
2021-07-21,0.0,Ilorin_East,26.279018656412802
2021-07-22,0.0,Ilorin_East,26.546421305338583
2021-07-23,0.0,Ilorin_East,26.741784667968773
2021-07-24,0.0,Ilorin_East,26.212640380859398
2021-07-25,0.0,Ilorin_East,26.320959345499716
2021-07-26,0.0,Ilorin_East,24.128797149658226
2021-07-27,0.0,Ilorin_East,24.36693471272787
2021-07-28,0.0,Ilorin_East,25.920025126139365
2021-07-29,0.0,Ilorin_East,26.678339258829794
2021-07-30,0.0,Ilorin_East,25.443913396199548
2021-07-31,0.0,Ilorin_East,25.951304372151696
2021-08-01,0.0,Ilorin_East,26.80898818969729
2021-08-02,10.490060806274414,Ilorin_East,26.01854731241866
2021-08-03,5.245030403137207,Ilorin_East,26.16794675191244
2021-08-04,5.245030403137207,Ilorin_East,25.72578392028811
2021-08-05,0.0,Ilorin_East,24.76331227620443
2021-08-06,7.82721471786499,Ilorin_East,25.990298843383812
2021-08-07,15.65442943572998,Ilorin_East,24.41970787048342
2021-08-08,7.82721471786499,Ilorin_East,23.284925715128622
2021-08-09,0.0,Ilorin_East,24.3216326395671
2021-08-10,0.0,Ilorin_East,24.860860443115257
2021-08-11,23.283920288085938,Ilorin_East,24.129301325480185
2021-08-12,0.0,Ilorin_East,24.564819590250693
2021-08-13,15.522612571716309,Ilorin_East,23.862533187866234
2021-08-14,0.0,Ilorin_East,24.681776936848962
2021-08-15,7.761306285858154,Ilorin_East,24.912820434570335
2021-08-16,10.86304759979248,Ilorin_East,23.657321548461937
2021-08-17,21.72609519958496,Ilorin_East,24.348986562093103
2021-08-18,0.0,Ilorin_East,23.162030156453454
2021-08-19,10.86304759979248,Ilorin_East,22.997520701090536
2021-08-20,0.0,Ilorin_East,24.806092198689782
2021-08-21,0.0,Ilorin_East,24.319470977783226
2021-08-22,12.862957000732422,Ilorin_East,24.931459681193076
2021-08-23,12.862957000732422,Ilorin_East,24.790654754638695
2021-08-24,25.725914001464844,Ilorin_East,24.622812525431357
2021-08-25,12.862957000732422,Ilorin_East,25.02004521687826
2021-08-26,23.578413009643555,Ilorin_East,23.589803314209007
2021-08-27,7.859470367431641,Ilorin_East,23.363026555379236
2021-08-28,0.0,Ilorin_East,25.19486516316732
2021-08-29,15.718940734863281,Ilorin_East,25.26493924458822
2021-08-30,15.718940734863281,Ilorin_East,23.70493596394857
2021-08-31,0.0,Ilorin_East,25.883386230468773
2021-09-01,39.1099853515625,Ilorin_East,25.759287134806357
2021-09-02,9.777496337890625,Ilorin_East,23.630679066975915
2021-09-03,19.55499267578125,Ilorin_East,24.77074267069503
2021-09-04,0.0,Ilorin_East,24.713728841145837
2021-09-05,0.0,Ilorin_East,25.29443766276046
2021-09-06,12.70818042755127,Ilorin_East,24.579328791300497
2021-09-07,12.70818042755127,Ilorin_East,25.776415125529013
2021-09-08,12.70818042755127,Ilorin_East,25.06642621358236
2021-09-09,38.12453842163086,Ilorin_East,26.097704188029013
2021-09-10,25.41636085510254,Ilorin_East,25.70734558105471
2021-09-11,0.0,Ilorin_East,24.980493164062523
2021-09-12,9.121345520019531,Ilorin_East,26.906098302205407
2021-09-13,27.364038467407227,Ilorin_East,25.227993901570642
2021-09-14,18.242691040039062,Ilorin_East,24.570687230428064
2021-09-15,9.121345520019531,Ilorin_East,25.10746854146322
2021-09-16,9.615639686584473,Ilorin_East,25.170831934611044
2021-09-17,9.615639686584473,Ilorin_East,25.27048581441244
2021-09-18,9.615639686584473,Ilorin_East,25.705737050374353
2021-09-19,9.615639686584473,Ilorin_East,25.875824864705407
2021-09-20,9.615639686584473,Ilorin_East,26.286835606892907
2021-09-21,20.06911277770996,Ilorin_East,25.57691917419436
2021-09-22,8.027645111083984,Ilorin_East,23.674570973714196
2021-09-23,0.0,Ilorin_East,24.930554962158226
2021-09-24,8.027645111083984,Ilorin_East,26.06473566691085
2021-09-25,4.013822555541992,Ilorin_East,25.267918523152673
2021-09-26,0.0,Ilorin_East,25.795350011189782
2021-09-27,0.0,Ilorin_East,25.558352406819665
2021-09-28,8.31430721282959,Ilorin_East,25.99256604512533
2021-09-29,8.31430721282959,Ilorin_East,25.48344192504885
2021-09-30,8.31430721282959,Ilorin_East,24.923841730753622
2021-10-01,13.542956352233887,Ilorin_East,25.706957753499353
2021-10-02,13.542956352233887,Ilorin_East,26.91391843159994
2021-10-03,0.0,Ilorin_East,26.189609781901083
2021-10-04,0.0,Ilorin_East,26.596194839477562
2021-10-05,13.542956352233887,Ilorin_East,27.093925094604515
2021-10-06,7.229773044586182,Ilorin_East,25.95657882690432
2021-10-07,7.229773044586182,Ilorin_East,26.1806630452474
2021-10-08,0.0,Ilorin_East,27.08942248026534
2021-10-09,14.459546089172363,Ilorin_East,26.99227104187014
2021-10-10,14.459546089172363,Ilorin_East,26.944295501709007
2021-10-11,0.0,Ilorin_East,27.4164971669515
2021-10-12,0.0,Ilorin_East,28.018908437093103
2021-10-13,5.488521575927734,Ilorin_East,27.736138916015648
2021-10-14,0.0,Ilorin_East,27.24856783548995
2021-10-15,5.488521575927734,Ilorin_East,27.28365542093917
2021-10-16,0.0,Ilorin_East,27.236433283487997
2021-10-17,8.071030616760254,Ilorin_East,26.9898671468099
2021-10-18,8.071030616760254,Ilorin_East,26.268329238891624
2021-10-19,5.3806867599487305,Ilorin_East,27.076308186848962
2021-10-20,5.3806867599487305,Ilorin_East,25.848738606770837
2021-10-21,0.0,Ilorin_East,26.458074188232445
2021-10-22,8.676517486572266,Ilorin_East,25.903490956624353
2021-10-23,17.35303497314453,Ilorin_East,23.95949834187826
2021-10-24,0.0,Ilorin_East,26.06144739786788
2021-10-25,0.0,Ilorin_East,27.549318567911826
2021-10-26,0.0,Ilorin_East,26.815456008911156
2021-10-27,0.0,Ilorin_East,26.788039143880212
2021-10-28,0.0,Ilorin_East,26.739314015706384
2021-10-29,0.0,Ilorin_East,27.685275650024437
2021-10-30,0.0,Ilorin_East,27.314029312133812
2021-10-31,14.840523719787598,Ilorin_East,27.46065800984701
2021-11-01,4.116888999938965,Ilorin_East,27.4322499593099
2021-11-02,2.0584444999694824,Ilorin_East,26.996789550781273
2021-11-03,0.0,Ilorin_East,27.537550226847372
2021-11-04,4.116888999938965,Ilorin_East,27.91797281901046
2021-11-05,2.0584444999694824,Ilorin_East,27.573428726196312
2021-11-06,0.0,Ilorin_East,27.7559638977051
2021-11-07,0.0,Ilorin_East,28.007109578450525
2021-11-08,0.0,Ilorin_East,27.97279510498049
2021-11-09,0.0,Ilorin_East,28.104996617635095
2021-11-10,2.775299072265625,Ilorin_East,27.47651379903158
2021-11-11,1.6431081295013428,Ilorin_East,28.08025194803878
2021-11-12,0.8215540647506714,Ilorin_East,27.940894699096702
2021-11-13,0.0,Ilorin_East,27.70316085815432
2021-11-14,0.8215540647506714,Ilorin_East,27.91876818339034
2021-11-15,0.0,Ilorin_East,28.331734593709314
2021-11-16,0.0,Ilorin_East,28.03514887491866
2021-11-17,0.9070836305618286,Ilorin_East,28.451301193237327
2021-11-18,0.0,Ilorin_East,28.660472488403343
2021-11-19,0.0,Ilorin_East,28.944086964925134
2021-11-20,0.0,Ilorin_East,28.465822474161826
2021-11-21,0.0,Ilorin_East,27.99931106567385
2021-11-22,0.0,Ilorin_East,28.29787152608236
2021-11-23,0.0,Ilorin_East,28.532558059692406
2021-11-24,0.0,Ilorin_East,28.771081542968773
2021-11-25,0.0,Ilorin_East,28.98760566711428
2021-11-26,0.0,Ilorin_East,28.92981109619143
2021-11-27,0.0,Ilorin_East,28.26126950581869
2021-11-28,0.020620018243789673,Ilorin_East,28.64912122090658
2021-11-29,0.0,Ilorin_East,28.265697097778343
2021-11-30,0.0,Ilorin_East,28.479271825154626
2021-12-01,0.0,Ilorin_East,28.053569412231468
2021-12-02,0.0,Ilorin_East,28.211489613850915
2021-12-03,0.0,Ilorin_East,28.115921910603845
2021-12-04,0.0,Ilorin_East,28.149409230550134
2021-12-05,0.0,Ilorin_East,29.21803245544436
2021-12-06,0.0,Ilorin_East,29.69637006123861
2021-12-07,0.0,Ilorin_East,28.638183848063193
2021-12-08,0.0,Ilorin_East,27.96162821451827
2021-12-09,0.0,Ilorin_East,27.16279309590658
2021-12-10,0.0,Ilorin_East,27.7647421518962
2021-12-11,0.0,Ilorin_East,27.45940742492678
2021-12-12,0.0,Ilorin_East,27.842686589558923
2021-12-13,0.0,Ilorin_East,27.997977828979515
2021-12-14,0.0,Ilorin_East,28.236922200520837
2021-12-15,0.0,Ilorin_East,27.89905382792159
2021-12-16,0.0,Ilorin_East,27.129157638549827
2021-12-17,0.0,Ilorin_East,27.048310852050804
2021-12-18,0.0,Ilorin_East,25.83926925659182
2021-12-19,0.0,Ilorin_East,25.651381429036462
2021-12-20,0.0,Ilorin_East,25.76953277587893
2021-12-21,0.0,Ilorin_East,26.42339223225912
2021-12-22,0.0,Ilorin_East,27.302713648478232
2021-12-23,0.0,Ilorin_East,28.329351043701195
2021-12-24,0.0,Ilorin_East,28.772946929931663
2021-12-25,0.0,Ilorin_East,27.795847829182946
2021-12-26,0.0,Ilorin_East,28.16808662414553
2021-12-27,0.0,Ilorin_East,27.65179023742678
2021-12-28,0.0,Ilorin_East,27.486320114135765
2021-12-29,0.0,Ilorin_East,27.403699493408226
2021-12-30,0.0,Ilorin_East,27.21725743611654
2021-12-31,0.0,Ilorin_East,27.506226476033532
2022-01-01,0.0,Ilorin_East,27.337751642862997
2022-01-02,0.0,Ilorin_East,26.911774571736657
2022-01-03,0.0,Ilorin_East,26.692907587687216
2022-01-04,0.0,Ilorin_East,27.196732457478845
2022-01-05,0.0,Ilorin_East,27.27425918579104
2022-01-06,0.0,Ilorin_East,28.319367980957054
2022-01-07,0.0,Ilorin_East,28.68254114786788
2022-01-08,0.0,Ilorin_East,28.61109059651693
2022-01-09,0.0,Ilorin_East,28.289367294311546
2022-01-10,0.0,Ilorin_East,28.389932886759482
2022-01-11,0.0,Ilorin_East,27.750759379069052
2022-01-12,0.0,Ilorin_East,28.54444274902346
2022-01-13,0.0,Ilorin_East,28.6398750305176
2022-01-14,0.0,Ilorin_East,28.481535847981775
2022-01-15,0.0,Ilorin_East,28.107097244262718
2022-01-16,0.0,Ilorin_East,28.120580927530966
2022-01-17,0.0,Ilorin_East,26.66114451090499
2022-01-18,0.0,Ilorin_East,25.775757090250693
2022-01-19,0.0,Ilorin_East,25.771630859375023
2022-01-20,0.0,Ilorin_East,26.039276377360068
2022-01-21,0.0,Ilorin_East,26.22944030761721
2022-01-22,0.0,Ilorin_East,26.758762613932333
2022-01-23,0.0,Ilorin_East,27.089953358968103
2022-01-24,0.0,Ilorin_East,27.029840087890648
2022-01-25,0.0,Ilorin_East,26.507594680786156
2022-01-26,0.0,Ilorin_East,26.45617256164553
2022-01-27,0.0,Ilorin_East,26.6892079671224
2022-01-28,0.0,Ilorin_East,26.908582941691122
2022-01-29,0.0,Ilorin_East,26.530457433064782
2022-01-30,0.0,Ilorin_East,25.640704727172874
2022-01-31,0.0,Ilorin_East,25.42608477274581
2022-02-01,0.0,Ilorin_East,25.810278828938806
2022-02-02,0.0,Ilorin_East,26.18072408040365
2022-02-03,0.0,Ilorin_East,26.369783020019554
2022-02-04,0.0,Ilorin_East,26.755605316162132
2022-02-05,0.0,Ilorin_East,26.829902267456077
2022-02-06,0.0,Ilorin_East,27.510007476806663
2022-02-07,0.0,Ilorin_East,27.544595336914085
2022-02-08,0.0,Ilorin_East,28.076697921752952
2022-02-09,0.0,Ilorin_East,28.400358454386435
2022-02-10,0.0,Ilorin_East,28.607798512776696
2022-02-11,0.0,Ilorin_East,28.621998723347986
2022-02-12,0.0,Ilorin_East,27.910902277628622
2022-02-13,0.0,Ilorin_East,29.017086919148767
2022-02-14,0.0,Ilorin_East,29.567831293741904
2022-02-15,0.0,Ilorin_East,28.723149871826195
2022-02-16,0.0,Ilorin_East,29.248638407389365
2022-02-17,0.0,Ilorin_East,29.534576670328818
2022-02-18,0.0,Ilorin_East,30.203990554809593
2022-02-19,0.0,Ilorin_East,29.782292302449548
2022-02-20,0.0,Ilorin_East,29.04117101033529
2022-02-21,0.0,Ilorin_East,28.706896718343103
2022-02-22,0.0,Ilorin_East,29.02888959248861
2022-02-23,0.0,Ilorin_East,29.334626770019554
2022-02-24,0.0,Ilorin_East,29.76343434651693
2022-02-25,0.0,Ilorin_East,29.61225598653158
2022-02-26,0.0,Ilorin_East,29.724319712321005
2022-02-27,0.0,Ilorin_East,29.868674214680993
2022-02-28,0.0,Ilorin_East,30.42879702250167
2022-03-01,0.0,Ilorin_East,30.788698450724326
2022-03-02,3.9202499389648438,Ilorin_East,30.61735305786135
2022-03-03,3.9202499389648438,Ilorin_East,30.771899159749353
2022-03-04,3.9202499389648438,Ilorin_East,29.25262285868331
2022-03-05,5.880375385284424,Ilorin_East,29.25279833475753
2022-03-06,0.0,Ilorin_East,29.962638473510765
2022-03-07,0.0,Ilorin_East,30.000100708007835
2022-03-08,0.0,Ilorin_East,31.157672500610374
2022-03-09,0.0,Ilorin_East,31.632721201578818
2022-03-10,0.0,Ilorin_East,31.2773427327474
2022-03-11,6.277622699737549,Ilorin_East,30.833056386311853
2022-03-12,3.1388113498687744,Ilorin_East,30.550666427612327
2022-03-13,0.0,Ilorin_East,29.96265881856283
2022-03-14,0.0,Ilorin_East,30.642236328125023
2022-03-15,0.0,Ilorin_East,30.65045064290365
2022-03-16,0.0,Ilorin_East,30.620684560139978
2022-03-17,0.0,Ilorin_East,31.230928039550804
2022-03-18,0.0,Ilorin_East,31.086537933349632
2022-03-19,0.0,Ilorin_East,30.999952570597372
2022-03-20,0.0,Ilorin_East,31.04719250996908
2022-03-21,2.1846728324890137,Ilorin_East,31.208877817789755
2022-03-22,2.1846728324890137,Ilorin_East,30.89182052612307
2022-03-23,2.1846728324890137,Ilorin_East,30.653513844807946
2022-03-24,1.0923364162445068,Ilorin_East,30.675353622436546
2022-03-25,0.0,Ilorin_East,31.54581985473635
2022-03-26,0.0,Ilorin_East,31.490425364176474
2022-03-27,0.0,Ilorin_East,31.3837607065837
2022-03-28,0.0,Ilorin_East,31.156254704793298
2022-03-29,0.0,Ilorin_East,31.05293235778811
2022-03-30,0.0,Ilorin_East,31.11507631937667
2022-03-31,0.0,Ilorin_East,30.953891372680687
2022-04-01,10.974952697753906,Ilorin_East,31.20672760009768
2022-04-02,0.0,Ilorin_East,30.16379063924154
2022-04-03,0.0,Ilorin_East,30.74996401468917
2022-04-04,5.487476348876953,Ilorin_East,30.015491739908896
2022-04-05,0.0,Ilorin_East,30.759766515096032
2022-04-06,2.2798986434936523,Ilorin_East,31.100460306803427
2022-04-07,0.0,Ilorin_East,30.468902842203818
2022-04-08,6.839696407318115,Ilorin_East,30.48837560017904
2022-04-09,4.559797286987305,Ilorin_East,30.116302744547568
2022-04-10,2.2798986434936523,Ilorin_East,30.531085586547874
2022-04-11,0.0,Ilorin_East,30.23703282674154
2022-04-12,4.510787010192871,Ilorin_East,29.017025248209677
2022-04-13,0.0,Ilorin_East,28.129272715250693
2022-04-14,4.510787010192871,Ilorin_East,28.698944981892907
2022-04-15,13.532361030578613,Ilorin_East,28.08942311604818
2022-04-16,0.0,Ilorin_East,28.56709760030111
2022-04-17,16.860424041748047,Ilorin_East,28.018920516967796
2022-04-18,10.116254806518555,Ilorin_East,25.69590276082357
2022-04-19,3.372084856033325,Ilorin_East,28.26692606608077
2022-04-20,6.74416971206665,Ilorin_East,28.827521896362327
2022-04-21,8.487526893615723,Ilorin_East,27.28746693929037
2022-04-22,0.0,Ilorin_East,29.123667653401696
2022-04-23,0.0,Ilorin_East,29.685818608601892
2022-04-24,14.145878791809082,Ilorin_East,29.09129931132003
2022-04-25,0.0,Ilorin_East,29.1827166239421
2022-04-26,0.0,Ilorin_East,28.951745605468773
2022-04-27,10.000948905944824,Ilorin_East,28.56011098225912
2022-04-28,0.0,Ilorin_East,28.78912951151534
2022-04-29,0.0,Ilorin_East,28.462559000651083
2022-04-30,0.0,Ilorin_East,28.825997289021814
2022-05-01,0.0,Ilorin_East,29.20472106933596
2022-05-02,12.755522727966309,Ilorin_East,28.936042404174827
2022-05-03,0.0,Ilorin_East,29.070734914143884
2022-05-04,6.377761363983154,Ilorin_East,29.016364669799827
2022-05-05,0.0,Ilorin_East,29.04040362040206
2022-05-06,4.937318325042725,Ilorin_East,27.788462575276696
2022-05-07,0.0,Ilorin_East,29.038479105631552
2022-05-08,0.0,Ilorin_East,30.112421925862634
2022-05-09,6.583090782165527,Ilorin_East,28.30214335123702
2022-05-10,3.2915453910827637,Ilorin_East,27.98045438130697
2022-05-11,0.0,Ilorin_East,29.216176605224632
2022-05-12,0.0,Ilorin_East,29.424597040812216
2022-05-13,24.573959350585938,Ilorin_East,28.716640090942406
2022-05-14,0.0,Ilorin_East,28.703378931681357
2022-05-15,0.0,Ilorin_East,28.83196601867678
2022-05-16,0.0,Ilorin_East,28.890848414103232
2022-05-17,0.0,Ilorin_East,29.248256937662802
2022-05-18,0.0,Ilorin_East,29.162431971232138
2022-05-19,3.450349807739258,Ilorin_East,27.703942235310876
2022-05-20,6.900699615478516,Ilorin_East,27.540858840942406
2022-05-21,32.831085205078125,Ilorin_East,26.587831751505576
2022-05-22,0.0,Ilorin_East,27.371980285644554
2022-05-23,0.0,Ilorin_East,26.405204391479515
2022-05-24,0.0,Ilorin_East,26.9882745107015
2022-05-25,0.0,Ilorin_East,27.45789744059249
2022-05-26,0.0,Ilorin_East,27.208610153198265
2022-05-27,0.0,Ilorin_East,27.449385579427087
2022-05-28,0.0,Ilorin_East,28.340425109863304
2022-05-29,0.0,Ilorin_East,28.18132108052572
2022-05-30,0.0,Ilorin_East,28.115405019124353
2022-05-31,12.809891700744629,Ilorin_East,27.527468617757165
2022-06-01,3.001758575439453,Ilorin_East,28.313586171468103
2022-06-02,0.0,Ilorin_East,29.017872746785486
2022-06-03,6.003517150878906,Ilorin_East,28.764061864217126
2022-06-04,0.0,Ilorin_East,28.366573588053427
2022-06-05,6.003517150878906,Ilorin_East,27.276287333170615
2022-06-06,0.0,Ilorin_East,27.214501317342126
2022-06-07,3.9458465576171875,Ilorin_East,27.960315322876
2022-06-08,0.0,Ilorin_East,28.75970039367678
2022-06-09,0.0,Ilorin_East,27.554820632934593
2022-06-10,15.78338623046875,Ilorin_East,26.723266855875693
2022-06-11,22.941621780395508,Ilorin_East,23.360260264078818
2022-06-12,0.0,Ilorin_East,26.38752454121908
2022-06-13,3.277374744415283,Ilorin_East,27.1071601867676
2022-06-14,6.554749488830566,Ilorin_East,25.010275777180993
2022-06-15,0.0,Ilorin_East,25.232886250813806
2022-06-16,6.448349475860596,Ilorin_East,24.524940109252952
2022-06-17,9.326549530029297,Ilorin_East,25.127680079142294
2022-06-18,2.6932249069213867,Ilorin_East,25.419242477417015
2022-06-19,1.402941346168518,Ilorin_East,25.641726430257165
2022-06-20,2.5879061222076416,Ilorin_East,26.453546778361044
2022-06-21,32.395381927490234,Ilorin_East,25.803711827596032
2022-06-22,0.0,Ilorin_East,24.720851516723656
2022-06-23,0.0,Ilorin_East,25.644464747111044
2022-06-24,21.596921920776367,Ilorin_East,25.94302647908529
2022-06-25,0.0,Ilorin_East,25.791519419352255
2022-06-26,8.640754699707031,Ilorin_East,25.48964907328292
2022-06-27,8.640754699707031,Ilorin_East,25.448709106445335
2022-06-28,0.0,Ilorin_East,26.138552602132165
2022-06-29,8.640754699707031,Ilorin_East,25.684864298502646
2022-06-30,4.320377349853516,Ilorin_East,23.733735656738304
2022-07-01,4.991358757019043,Ilorin_East,23.93224169413253
2022-07-02,4.991358757019043,Ilorin_East,25.19463246663412
2022-07-03,0.0,Ilorin_East,26.342688496907556
2022-07-04,9.982717514038086,Ilorin_East,25.41061172485354
2022-07-05,9.982717514038086,Ilorin_East,24.334029769897484
2022-07-06,0.0,Ilorin_East,26.01312853495284
2022-07-07,4.245560646057129,Ilorin_East,26.36225598653158
2022-07-08,4.245560646057129,Ilorin_East,25.720115915934286
2022-07-09,0.0,Ilorin_East,25.59953905741378
2022-07-10,0.0,Ilorin_East,25.79014104207357
2022-07-11,0.0,Ilorin_East,25.62198410034182
2022-07-12,0.0,Ilorin_East,25.95343170166018
2022-07-13,12.94662094116211,Ilorin_East,24.777916844685876
2022-07-14,0.0,Ilorin_East,25.459543482462607
2022-07-15,0.0,Ilorin_East,25.850426610310876
2022-07-16,0.0,Ilorin_East,24.970777130126976
2022-07-17,0.0,Ilorin_East,25.60643094380697
2022-07-18,0.0,Ilorin_East,26.045718129475915
2022-07-19,0.0,Ilorin_East,25.784378941853845
2022-07-20,0.0,Ilorin_East,25.33810386657717
2022-07-21,0.0,Ilorin_East,25.280140813191736
2022-07-22,12.675132751464844,Ilorin_East,23.504188156127952
2022-07-23,4.2250447273254395,Ilorin_East,23.597171401977562
2022-07-24,4.2250447273254395,Ilorin_East,25.2712284088135
2022-07-25,4.2250447273254395,Ilorin_East,25.32502136230471
2022-07-26,14.182064056396484,Ilorin_East,24.953432337443076
2022-07-27,0.0,Ilorin_East,25.01667175292971
2022-07-28,14.182064056396484,Ilorin_East,24.833343760172568
2022-07-29,0.0,Ilorin_East,24.7696306864421
2022-07-30,28.36412811279297,Ilorin_East,23.709287261962913
2022-07-31,0.0,Ilorin_East,23.87539634704592
2022-08-01,0.0,Ilorin_East,23.81898651123049
2022-08-02,0.0,Ilorin_East,24.04092369079592
2022-08-03,0.0,Ilorin_East,24.55708274841311
2022-08-04,0.0,Ilorin_East,24.70033988952639
2022-08-05,0.0,Ilorin_East,25.237251536051474
2022-08-06,0.0,Ilorin_East,25.44302902221682
2022-08-07,0.0,Ilorin_East,25.729845301310263
2022-08-08,0.0,Ilorin_East,25.664172744751
2022-08-09,0.0,Ilorin_East,25.74171409606936
2022-08-10,0.0,Ilorin_East,25.932997004191122
2022-08-11,0.0,Ilorin_East,24.642882919311546
2022-08-12,0.0,Ilorin_East,22.877380625406943
2022-08-13,0.0,Ilorin_East,24.739938990275107
2022-08-14,38.256778717041016,Ilorin_East,22.24689318339034
2022-08-15,0.0,Ilorin_East,22.624079004923544
2022-08-16,0.0,Ilorin_East,24.34952824910482
2022-08-17,0.0,Ilorin_East,24.943186060587607
2022-08-18,19.506771087646484,Ilorin_East,25.83602358500167
2022-08-19,9.753385543823242,Ilorin_East,23.36102892557784
2022-08-20,0.0,Ilorin_East,24.519579823811853
2022-08-21,0.0,Ilorin_East,25.36877276102706
2022-08-22,39.86092758178711,Ilorin_East,24.749349848429404
2022-08-23,0.0,Ilorin_East,23.550789769490564
2022-08-24,0.0,Ilorin_East,24.187844848632835
2022-08-25,0.0,Ilorin_East,24.921352005004906
2022-08-26,15.096125602722168,Ilorin_East,23.492089207967126
2022-08-27,30.192251205444336,Ilorin_East,23.11476605733236
2022-08-28,0.0,Ilorin_East,24.1586903889974
2022-08-29,0.0,Ilorin_East,23.969302749633812
2022-08-30,0.0,Ilorin_East,22.826309458414755
2022-08-31,30.192251205444336,Ilorin_East,23.89878934224447
2022-09-01,0.0,Ilorin_East,24.058346684773767
2022-09-02,16.371679306030273,Ilorin_East,23.265847778320335
2022-09-03,0.0,Ilorin_East,23.775690968831384
2022-09-04,0.0,Ilorin_East,24.60793520609542
2022-09-05,16.371679306030273,Ilorin_East,25.265826161702478
2022-09-06,0.0,Ilorin_East,25.30722007751467
2022-09-07,11.122504234313965,Ilorin_East,24.34203236897787
2022-09-08,0.0,Ilorin_East,24.42728703816732
2022-09-09,11.122504234313965,Ilorin_East,24.912789281209314
2022-09-10,0.0,Ilorin_East,24.537408447265648
2022-09-11,10.973567008972168,Ilorin_East,23.30243581136068
2022-09-12,16.46034812927246,Ilorin_East,22.83963292439779
2022-09-13,0.0,Ilorin_East,24.236100133260095
2022-09-14,0.0,Ilorin_East,25.09597740173342
2022-09-15,21.947134017944336,Ilorin_East,23.40865287780764
2022-09-16,0.0,Ilorin_East,24.968630727132165
2022-09-17,0.0,Ilorin_East,24.92046381632491
2022-09-18,0.0,Ilorin_East,23.65678431193038
2022-09-19,28.545644760131836,Ilorin_East,22.63260930379232
2022-09-20,0.0,Ilorin_East,23.003457641601585
2022-09-21,13.502192497253418,Ilorin_East,24.339322026570642
2022-09-22,13.502192497253418,Ilorin_East,24.61388295491537
2022-09-23,0.0,Ilorin_East,24.234030024210654
2022-09-24,0.0,Ilorin_East,25.599439875284872
2022-09-25,13.502192497253418,Ilorin_East,25.764542516072595
2022-09-26,7.2686591148376465,Ilorin_East,24.333204523722372
2022-09-27,8.447806358337402,Ilorin_East,24.32737058003744
2022-09-28,28.204282760620117,Ilorin_East,24.13660583496096
2022-09-29,12.018338203430176,Ilorin_East,25.38873888651534
2022-09-30,15.843717575073242,Ilorin_East,23.06144040425619
2022-10-01,4.218600749969482,Ilorin_East,24.09274063110354
2022-10-02,8.437201499938965,Ilorin_East,25.368190383911156
2022-10-03,0.0,Ilorin_East,25.894492085774743
2022-10-04,4.218600749969482,Ilorin_East,25.791771189371786
2022-10-05,12.655801773071289,Ilorin_East,25.59036534627279
2022-10-06,27.137039184570312,Ilorin_East,23.284455871582054
2022-10-07,0.0,Ilorin_East,24.288913981119833
2022-10-08,0.0,Ilorin_East,24.870812352498376
2022-10-09,9.045680046081543,Ilorin_East,24.030932362874353
2022-10-10,9.045680046081543,Ilorin_East,24.757042821248376
2022-10-11,0.0,Ilorin_East,25.75745862325033
2022-10-12,7.114246368408203,Ilorin_East,25.88642527262374
2022-10-13,7.114246368408203,Ilorin_East,23.915961837768577
2022-10-14,7.114246368408203,Ilorin_East,25.01559982299807
2022-10-15,3.5571231842041016,Ilorin_East,24.97723223368331
2022-10-16,0.0,Ilorin_East,25.819160715738974
2022-10-17,0.0,Ilorin_East,26.210256195068382
2022-10-18,3.0916597843170166,Ilorin_East,26.651836013793968
2022-10-19,0.0,Ilorin_East,26.588104502360068
2022-10-20,0.0,Ilorin_East,26.565976715087913
2022-10-21,7.737740516662598,Ilorin_East,26.44152984619143
2022-10-22,3.868870258331299,Ilorin_East,27.255193328857445
2022-10-23,7.737740516662598,Ilorin_East,27.527473068237327
2022-10-24,7.737740516662598,Ilorin_East,27.668342844645224
2022-10-25,7.737740516662598,Ilorin_East,26.18686955769857
2022-10-26,0.0,Ilorin_East,26.978124872843466
2022-10-27,0.0,Ilorin_East,27.119975662231468
2022-10-28,0.0,Ilorin_East,26.714049911499046
2022-10-29,0.0,Ilorin_East,26.294784164428734
2022-10-30,0.0,Ilorin_East,27.289307530721032
2022-10-31,0.0,Ilorin_East,27.243001556396507
2022-11-01,1.6642600297927856,Ilorin_East,27.720174407959007
2022-11-02,0.0,Ilorin_East,27.81814854939779
2022-11-03,0.0,Ilorin_East,27.77831865946456
2022-11-04,0.0,Ilorin_East,27.498627599080407
2022-11-05,1.6642600297927856,Ilorin_East,27.48866233825686
2022-11-06,0.0,Ilorin_East,27.377115503946982
2022-11-07,0.0,Ilorin_East,27.836781438191736
2022-11-08,0.0,Ilorin_East,27.35833892822268
2022-11-09,0.0,Ilorin_East,28.057146326700888
2022-11-10,0.0,Ilorin_East,27.79114176432296
2022-11-11,0.0,Ilorin_East,27.297664896647177
2022-11-12,0.0,Ilorin_East,27.762875493367517
2022-11-13,0.0,Ilorin_East,27.9401629130046
2022-11-14,0.0,Ilorin_East,27.67188733418783
2022-11-15,0.0,Ilorin_East,26.476475652058923
2022-11-16,0.0,Ilorin_East,26.801524098714196
2022-11-17,0.0,Ilorin_East,26.941992060343466
2022-11-18,0.0,Ilorin_East,27.05262908935549
2022-11-19,0.0,Ilorin_East,27.399360275268577
2022-11-20,0.7448853254318237,Ilorin_East,28.013967132568382
2022-11-21,0.0,Ilorin_East,27.961526489257835
2022-11-22,0.0,Ilorin_East,27.67902208964034
2022-11-23,0.0,Ilorin_East,27.698433812459314
2022-11-24,0.0,Ilorin_East,27.09258359273275
2022-11-25,0.0,Ilorin_East,27.308634058634482
2022-11-26,0.0,Ilorin_East,27.007704035441122
2022-11-27,0.0,Ilorin_East,27.785766855875693
2022-11-28,0.0,Ilorin_East,27.624808883667015
2022-11-29,0.0,Ilorin_East,27.614316558837913
2022-11-30,0.0,Ilorin_East,27.37002779642745
2022-12-01,0.0,Ilorin_East,28.273390706380212
2022-12-02,0.0,Ilorin_East,28.504509862264
2022-12-03,0.0,Ilorin_East,28.759529368082724
2022-12-04,0.0,Ilorin_East,28.721648152669275
2022-12-05,0.0,Ilorin_East,28.894680277506552
2022-12-06,0.0,Ilorin_East,27.38387578328451
2022-12-07,0.0,Ilorin_East,27.696472422281943
2022-12-08,0.0,Ilorin_East,27.789750035603845
2022-12-09,0.0,Ilorin_East,27.248848215738974
2022-12-10,0.0,Ilorin_East,26.972365315755212
2022-12-11,0.0,Ilorin_East,27.065307871500693
2022-12-12,0.0,Ilorin_East,26.814914321899437
2022-12-13,0.0,Ilorin_East,27.63597195943197
2022-12-14,0.0,Ilorin_East,27.173052088419638
2022-12-15,0.0,Ilorin_East,26.954000091552757
2022-12-16,0.0,Ilorin_East,27.761392847696982
2022-12-17,1.790902018547058,Ilorin_East,27.72904993693038
2022-12-18,3.581804037094116,Ilorin_East,25.997905985514365
2022-12-19,0.0,Ilorin_East,26.549842453002952
2022-12-20,0.0,Ilorin_East,26.38328577677413
2022-12-21,0.0,Ilorin_East,25.860850270589196
2022-12-22,0.0,Ilorin_East,25.419704691569052
2022-12-23,0.0,Ilorin_East,25.122139231363974
2022-12-24,0.0,Ilorin_East,24.62406946818038
2022-12-25,0.0,Ilorin_East,24.649018224080407
2022-12-26,0.0,Ilorin_East,25.319364802042685
2022-12-27,0.0,Ilorin_East,26.40289713541671
2022-12-28,0.0,Ilorin_East,26.119639333089196
2022-12-29,0.0,Ilorin_East,26.061422602335654
2022-12-30,0.0,Ilorin_East,25.3586250305176
2022-12-31,0.0,Ilorin_East,24.714343007405603
2023-01-01,0.0,Ilorin_East,24.933848317464196
2023-01-02,0.0,Ilorin_East,25.52120488484701
2023-01-03,0.0,Ilorin_East,26.050131734212243
2023-01-04,0.0,Ilorin_East,26.625955200195335
2023-01-05,0.0,Ilorin_East,26.936441040039085
2023-01-06,1.314318060874939,Ilorin_East,27.320657348632835
2023-01-07,0.0,Ilorin_East,27.11186561584475
2023-01-08,0.0,Ilorin_East,27.006234105428064
2023-01-09,0.0,Ilorin_East,26.48502883911135
2023-01-10,0.0,Ilorin_East,25.789903259277366
2023-01-11,0.0,Ilorin_East,25.479324595133505
2023-01-12,0.0,Ilorin_East,25.78116378784182
2023-01-13,0.0,Ilorin_East,26.217661158243857
2023-01-14,0.0,Ilorin_East,26.582269287109398
2023-01-15,0.0,Ilorin_East,26.375192896525107
2023-01-16,0.0,Ilorin_East,26.458366012573265
2023-01-17,0.0,Ilorin_East,26.666910425821982
2023-01-18,0.0,Ilorin_East,26.84573644002279
2023-01-19,0.0,Ilorin_East,27.27229016621908
2023-01-20,0.0,Ilorin_East,27.69175809224447
2023-01-21,0.0,Ilorin_East,28.312935765584314
2023-01-22,0.0,Ilorin_East,28.54320360819503
2023-01-23,0.0,Ilorin_East,28.898185348510765
2023-01-24,0.0,Ilorin_East,28.964474614461267
2023-01-25,0.0,Ilorin_East,28.526585515340173
2023-01-26,0.0,Ilorin_East,28.62499262491866
2023-01-27,1.6932297945022583,Ilorin_East,29.16433995564779
2023-01-28,1.6932297945022583,Ilorin_East,29.34651336669924
2023-01-29,0.8466148972511292,Ilorin_East,28.58601786295577
2023-01-30,0.0,Ilorin_East,29.43195177714034
2023-01-31,0.0,Ilorin_East,29.135866419474326
2023-02-01,0.0,Ilorin_East,29.034493382771814
2023-02-02,0.0,Ilorin_East,29.241713460286462
2023-02-03,0.0,Ilorin_East,29.938314056396507
2023-02-04,0.0,Ilorin_East,29.759062067667685
2023-02-05,0.0,Ilorin_East,29.725265121459984
2023-02-06,1.5917268991470337,Ilorin_East,29.777942276001
2023-02-07,0.0,Ilorin_East,29.41231753031417
2023-02-08,0.0,Ilorin_East,29.591921742757165
2023-02-09,0.0,Ilorin_East,29.020897165934286
2023-02-10,0.0,Ilorin_East,29.448183949788415
2023-02-11,0.0,Ilorin_East,29.328745142618857
2023-02-12,0.0,Ilorin_East,29.246675109863304
2023-02-13,0.0,Ilorin_East,28.645478185017907
2023-02-14,0.0,Ilorin_East,28.208889897664392
2023-02-15,0.0,Ilorin_East,27.436931864420615
2023-02-16,0.0,Ilorin_East,26.776767349243187
2023-02-17,0.0,Ilorin_East,26.8972049713135
2023-02-18,0.0,Ilorin_East,27.635216649373376
2023-02-19,0.0,Ilorin_East,28.43465131123861
2023-02-20,0.0,Ilorin_East,28.936894989013695
2023-02-21,0.0,Ilorin_East,29.307738876342796
2023-02-22,0.0,Ilorin_East,29.352251942952478
2023-02-23,0.0,Ilorin_East,30.45285568237307
2023-02-24,0.0,Ilorin_East,30.654946899414085
2023-02-25,0.0,Ilorin_East,30.51835721333822
2023-02-26,0.0,Ilorin_East,30.322138722737634
2023-02-27,1.5809190273284912,Ilorin_East,30.88233337402346
2023-02-28,3.1618380546569824,Ilorin_East,30.668878809611044
2023-03-01,0.0,Ilorin_East,31.06727561950686
2023-03-02,3.3694803714752197,Ilorin_East,30.564893341064476
2023-03-03,0.0,Ilorin_East,29.07080675760909
2023-03-04,0.0,Ilorin_East,29.460494613647484
2023-03-05,3.3694803714752197,Ilorin_East,30.37348073323568
2023-03-06,6.474825382232666,Ilorin_East,29.891643142700218
2023-03-07,12.949650764465332,Ilorin_East,30.28584760030111
2023-03-08,3.237412691116333,Ilorin_East,29.660548782348656
2023-03-09,3.237412691116333,Ilorin_East,30.106319681803427
2023-03-10,3.237412691116333,Ilorin_East,30.52775599161788
2023-03-11,0.0,Ilorin_East,30.08425420125326
2023-03-12,2.127750873565674,Ilorin_East,30.595939254760765
2023-03-13,0.0,Ilorin_East,29.280472056071005
2023-03-14,0.0,Ilorin_East,29.758899307251
2023-03-15,0.0,Ilorin_East,30.182871119181357
2023-03-16,0.0,Ilorin_East,30.211889521280966
2023-03-17,0.0,Ilorin_East,30.225187555948935
2023-03-18,1.5757808685302734,Ilorin_East,30.05954259236654
2023-03-19,1.5757808685302734,Ilorin_East,29.37270634969076
2023-03-20,0.0,Ilorin_East,29.575556055704794
2023-03-21,5.3829498291015625,Ilorin_East,27.87063369750979
2023-03-22,2.6914749145507812,Ilorin_East,26.37501996358236
2023-03-23,8.074424743652344,Ilorin_East,27.95956700642904
2023-03-24,5.3829498291015625,Ilorin_East,29.36146252950033
2023-03-25,0.0,Ilorin_East,28.663282012939476
2023-03-26,8.745322227478027,Ilorin_East,28.46393992106124
2023-03-27,0.0,Ilorin_East,27.844933446248376
2023-03-28,0.0,Ilorin_East,29.996425882975302
2023-03-29,4.372661113739014,Ilorin_East,30.537567392985068
2023-03-30,4.372661113739014,Ilorin_East,30.151990509033226
2023-03-31,0.0,Ilorin_East,30.480472183227562
2023-04-01,0.0,Ilorin_East,30.718996302286826
2023-04-02,0.0,Ilorin_East,30.85212097167971
2023-04-03,0.0,Ilorin_East,30.62102533976241
2023-04-04,2.917222261428833,Ilorin_East,30.6042362213135
2023-04-05,0.0,Ilorin_East,30.719211196899437
2023-04-06,0.0,Ilorin_East,30.577612177530966
2023-04-07,6.226192474365234,Ilorin_East,30.35808143615725
2023-04-08,9.339288711547852,Ilorin_East,28.444168345133505
2023-04-09,9.339288711547852,Ilorin_East,28.798376973470056
2023-04-10,0.0,Ilorin_East,29.966067250569665
2023-04-11,4.097869873046875,Ilorin_East,30.205027516682946
2023-04-12,4.097869873046875,Ilorin_East,29.712579981486044
2023-04-13,0.0,Ilorin_East,31.09131011962893
2023-04-14,0.0,Ilorin_East,31.291872914632165
2023-04-15,12.293609619140625,Ilorin_East,29.658399836222372
2023-04-16,6.513326168060303,Ilorin_East,30.251727040608728
2023-04-17,3.2566630840301514,Ilorin_East,28.79861666361495
2023-04-18,0.0,Ilorin_East,30.165297444661462
2023-04-19,13.026652336120605,Ilorin_East,29.45046195983889
2023-04-20,0.0,Ilorin_East,30.02485300699874
2023-04-21,0.0,Ilorin_East,29.736878331502282
2023-04-22,0.0,Ilorin_East,29.49443143208822
2023-04-23,10.249082565307617,Ilorin_East,28.468459065755212
2023-04-24,10.249082565307617,Ilorin_East,29.451846059163415
2023-04-25,5.124541282653809,Ilorin_East,31.056136067708337
2023-04-26,0.0,Ilorin_East,29.528544998168968
2023-04-27,17.58286476135254,Ilorin_East,25.604615147908532
2023-04-28,0.0,Ilorin_East,28.29679387410482
2023-04-29,0.0,Ilorin_East,28.112379964192712
2023-04-30,0.0,Ilorin_East,27.832135136922204
2023-05-01,0.0,Ilorin_East,28.37196820576986
2023-05-02,0.0,Ilorin_East,28.680773671468103
2023-05-03,8.996402740478516,Ilorin_East,29.229603703816736
2023-05-04,35.98561096191406,Ilorin_East,28.719757970174157
2023-05-05,0.0,Ilorin_East,28.343255615234398
2023-05-06,0.0,Ilorin_East,29.040105438232445
2023-05-07,11.462428092956543,Ilorin_East,29.21594899495443
2023-05-08,17.193641662597656,Ilorin_East,29.752261734008812
2023-05-09,0.0,Ilorin_East,29.813548660278343
2023-05-10,0.0,Ilorin_East,29.912748591105185
2023-05-11,0.0,Ilorin_East,29.832625961303734
2023-05-12,14.456822395324707,Ilorin_East,30.129776255289755
2023-05-13,0.0,Ilorin_East,30.342961883544945
2023-05-14,7.2284111976623535,Ilorin_East,28.244739786783896
2023-05-15,14.456822395324707,Ilorin_East,28.48859812418624
2023-05-16,0.0,Ilorin_East,28.9389638264974
2023-05-17,6.058176517486572,Ilorin_East,29.33223114013674
2023-05-18,24.23270606994629,Ilorin_East,27.847839609781943
2023-05-19,0.0,Ilorin_East,28.96211649576827
2023-05-20,0.0,Ilorin_East,28.417515691121423
2023-05-21,2.722400665283203,Ilorin_East,27.984571075439476
2023-05-22,8.16720199584961,Ilorin_East,28.216123199462913
2023-05-23,2.722400665283203,Ilorin_East,27.66423823038741
2023-05-24,8.16720199584961,Ilorin_East,28.282020187377952
2023-05-25,0.0,Ilorin_East,28.507393137613974
2023-05-26,3.7541797161102295,Ilorin_East,29.454329427083337
2023-05-27,15.016718864440918,Ilorin_East,28.781327184041345
2023-05-28,0.0,Ilorin_East,28.828491465250693
2023-05-29,3.7541797161102295,Ilorin_East,27.633703486124716
2023-05-30,0.0,Ilorin_East,28.95879262288412
2023-05-31,7.508359432220459,Ilorin_East,28.411153411865257
2023-06-01,15.55052661895752,Ilorin_East,28.640143966674827
2023-06-02,0.0,Ilorin_East,28.028017298380576
2023-06-03,15.55052661895752,Ilorin_East,27.93936691284182
2023-06-04,0.0,Ilorin_East,28.431785837809286
2023-06-05,7.77526330947876,Ilorin_East,28.742765680948935
2023-06-06,56.337982177734375,Ilorin_East,27.992866770426474
2023-06-07,33.802791595458984,Ilorin_East,26.982031122843466
2023-06-08,0.0,Ilorin_East,26.860267257690452
2023-06-09,11.267596244812012,Ilorin_East,27.305450693766318
2023-06-10,11.267596244812012,Ilorin_East,26.990873591105185
2023-06-11,11.368124008178711,Ilorin_East,25.042975997924827
2023-06-12,0.0,Ilorin_East,26.658841069539392
2023-06-13,0.0,Ilorin_East,27.548178609212243
2023-06-14,22.736248016357422,Ilorin_East,26.3477499643962
2023-06-15,22.736248016357422,Ilorin_East,25.162669118245446
2023-06-16,9.958114624023438,Ilorin_East,26.580086008707724
2023-06-17,9.958114624023438,Ilorin_East,28.07725550333663
2023-06-18,19.916229248046875,Ilorin_East,27.393488184611044
2023-06-19,0.0,Ilorin_East,26.830089187622093
2023-06-20,39.83245849609375,Ilorin_East,27.07231483459475
2023-06-21,0.0,Ilorin_East,27.57051493326827
2023-06-22,19.538433074951172,Ilorin_East,24.862448628743493
2023-06-23,6.512811183929443,Ilorin_East,26.558505630493187
2023-06-24,6.512811183929443,Ilorin_East,23.068019485473656
2023-06-25,0.0,Ilorin_East,24.78755912780764
2023-06-26,7.147667407989502,Ilorin_East,25.480996704101585
2023-06-27,3.573833703994751,Ilorin_East,26.344627634684286
2023-06-28,7.147667407989502,Ilorin_East,24.188900883992517
2023-06-29,0.0,Ilorin_East,25.134694035847986
2023-06-30,3.573833703994751,Ilorin_East,25.286605453491234
2023-07-01,0.0,Ilorin_East,25.95836537679037
2023-07-02,7.283590316772461,Ilorin_East,26.15095990498861
2023-07-03,0.0,Ilorin_East,26.67932281494143
2023-07-04,7.283590316772461,Ilorin_East,26.707997894287132
2023-07-05,7.283590316772461,Ilorin_East,26.105355199178064
2023-07-06,3.518111228942871,Ilorin_East,26.37145067850753
2023-07-07,3.518111228942871,Ilorin_East,26.27823092142745
2023-07-08,3.518111228942871,Ilorin_East,26.136126454671228
2023-07-09,10.554333686828613,Ilorin_East,23.618124262491904
2023-07-10,0.0,Ilorin_East,25.986301676432333
2023-07-11,19.39041519165039,Ilorin_East,26.44157752990725
2023-07-12,0.0,Ilorin_East,25.103204345703148
2023-07-13,19.39041519165039,Ilorin_East,25.184440231323265
2023-07-14,9.695207595825195,Ilorin_East,25.54924672444662
2023-07-15,0.0,Ilorin_East,26.141950861612997
2023-07-16,0.0,Ilorin_East,26.39061571757003
2023-07-17,8.358929634094238,Ilorin_East,26.26142272949221
2023-07-18,16.717859268188477,Ilorin_East,25.82346623738607
2023-07-19,16.717859268188477,Ilorin_East,26.29724782307943
2023-07-20,0.0,Ilorin_East,26.13747113545736
2023-07-21,8.892254829406738,Ilorin_East,26.233843739827478
2023-07-22,17.784509658813477,Ilorin_East,25.151287333170615
2023-07-23,8.892254829406738,Ilorin_East,25.160928980509482
2023-07-24,0.0,Ilorin_East,24.942653274536156
2023-07-25,0.0,Ilorin_East,26.703953679402673
2023-07-26,0.0,Ilorin_East,26.28665377298995
2023-07-27,0.0,Ilorin_East,26.615186309814476
2023-07-28,10.198798179626465,Ilorin_East,26.236880874633812
2023-07-29,30.596393585205078,Ilorin_East,25.21831537882491
2023-07-30,0.0,Ilorin_East,25.915599441528343
2023-07-31,30.596393585205078,Ilorin_East,25.956261571248376
2023-08-01,18.930349349975586,Ilorin_East,23.393280919392907
2023-08-02,0.0,Ilorin_East,25.101719156901083
2023-08-03,0.0,Ilorin_East,25.416581090291345
2023-08-04,0.0,Ilorin_East,26.003652191162132
2023-08-05,0.0,Ilorin_East,26.239156341552757
2023-08-06,0.0,Ilorin_East,25.773370361328148
2023-08-07,0.0,Ilorin_East,24.398424402872763
2023-08-08,0.0,Ilorin_East,24.989236450195335
2023-08-09,0.0,Ilorin_East,24.455728149414085
2023-08-10,5.621041774749756,Ilorin_East,25.368923441569052
2023-08-11,0.0,Ilorin_East,24.707458750406943
2023-08-12,0.0,Ilorin_East,25.031435902913415
2023-08-13,0.0,Ilorin_East,23.299289321899437
2023-08-14,0.0,Ilorin_East,23.20989252726241
2023-08-15,0.0,Ilorin_East,25.28960253397628
2023-08-16,29.11550521850586,Ilorin_East,25.90267461140951
2023-08-17,7.278876304626465,Ilorin_East,25.738586680094443
2023-08-18,7.278876304626465,Ilorin_East,26.049768066406273
2023-08-19,14.55775260925293,Ilorin_East,26.416920598347986
2023-08-20,0.0,Ilorin_East,24.28718528747561
2023-08-21,0.0,Ilorin_East,25.96192321777346
2023-08-22,0.0,Ilorin_East,26.642662302653036
2023-08-23,29.18440818786621,Ilorin_East,25.358401870727562
2023-08-24,0.0,Ilorin_East,25.298272705078148
2023-08-25,9.72813606262207,Ilorin_East,26.471545791626
2023-08-26,0.0,Ilorin_East,26.524990971883142
2023-08-27,12.282861709594727,Ilorin_East,24.94565353393557
2023-08-28,0.0,Ilorin_East,25.46846160888674
2023-08-29,0.0,Ilorin_East,26.82465260823568
2023-08-30,36.84858322143555,Ilorin_East,24.128136571248376
2023-08-31,0.0,Ilorin_East,25.479441579182946
2023-09-01,11.687152862548828,Ilorin_East,25.87735773722335
2023-09-02,23.374305725097656,Ilorin_East,24.56298980712893
2023-09-03,0.0,Ilorin_East,24.346514638264978
2023-09-04,0.0,Ilorin_East,24.39495112101241
2023-09-05,0.0,Ilorin_East,24.46048253377279
2023-09-06,0.0,Ilorin_East,25.743012364705407
2023-09-07,0.0,Ilorin_East,26.441082890828454
2023-09-08,22.95865821838379,Ilorin_East,25.00170733133956
2023-09-09,0.0,Ilorin_East,25.11309712727865
2023-09-10,0.0,Ilorin_East,25.556888198852562
2023-09-11,0.0,Ilorin_East,26.650271352132165
2023-09-12,19.435941696166992,Ilorin_East,25.33323186238607
2023-09-13,0.0,Ilorin_East,25.59421310424807
2023-09-14,0.0,Ilorin_East,26.01392834981283
2023-09-15,29.153911590576172,Ilorin_East,26.181987380981468
2023-09-16,12.172250747680664,Ilorin_East,25.618944422404013
2023-09-17,0.0,Ilorin_East,24.908138529459677
2023-09-18,12.172250747680664,Ilorin_East,25.20381126403811
2023-09-19,0.0,Ilorin_East,26.0004707336426
2023-09-20,12.172250747680664,Ilorin_East,25.788935597737634
2023-09-21,7.924666881561279,Ilorin_East,25.48870747884115
2023-09-22,15.849333763122559,Ilorin_East,26.024816767374716
2023-09-23,0.0,Ilorin_East,25.332295989990257
2023-09-24,15.849333763122559,Ilorin_East,25.43499081929525
2023-09-25,15.849333763122559,Ilorin_East,26.484985605875693
2023-09-26,25.743057250976562,Ilorin_East,27.205168660481775
2023-09-27,25.743057250976562,Ilorin_East,27.44150822957357
2023-09-28,12.871528625488281,Ilorin_East,27.343874867757165
2023-09-29,0.0,Ilorin_East,25.746056493123376
2023-09-30,0.0,Ilorin_East,27.071525192260765
2023-10-01,3.9566714763641357,Ilorin_East,26.400645828247093
2023-10-02,3.9566714763641357,Ilorin_East,26.042501703898154
2023-10-03,7.9133429527282715,Ilorin_East,24.137419637044275
2023-10-04,3.9566714763641357,Ilorin_East,26.20406557718917
2023-10-05,3.9566714763641357,Ilorin_East,25.46950238545736
2023-10-06,0.0,Ilorin_East,26.069287872314476
2023-10-07,9.647809982299805,Ilorin_East,25.37607663472494
2023-10-08,19.29561996459961,Ilorin_East,26.547028477986657
2023-10-09,9.647809982299805,Ilorin_East,26.361514027913415
2023-10-10,0.0,Ilorin_East,26.90405871073409
2023-10-11,5.0072150230407715,Ilorin_East,26.21414464314779
2023-10-12,5.0072150230407715,Ilorin_East,26.478728230794275
2023-10-13,0.0,Ilorin_East,26.74099184672042
2023-10-14,10.014430046081543,Ilorin_East,26.45575866699221
2023-10-15,5.0072150230407715,Ilorin_East,26.927094395955407
2023-10-16,4.3337578773498535,Ilorin_East,26.761384582519554
2023-10-17,0.0,Ilorin_East,25.462185796101892
2023-10-18,4.3337578773498535,Ilorin_East,27.295746103922568
2023-10-19,13.001274108886719,Ilorin_East,27.383013661702478
2023-10-20,4.3337578773498535,Ilorin_East,27.227433141072595
2023-10-21,0.0,Ilorin_East,27.597768402099632
2023-10-22,0.0,Ilorin_East,27.975354766845726
2023-10-23,0.0,Ilorin_East,27.798549270629906
2023-10-24,0.0,Ilorin_East,28.132503763834677
2023-10-25,0.0,Ilorin_East,27.799056625366234
2023-10-26,0.0,Ilorin_East,27.448979949951195
2023-10-27,12.328095436096191,Ilorin_East,27.723030980428064
2023-10-28,0.0,Ilorin_East,27.570877965291345
2023-10-29,0.0,Ilorin_East,28.268727238972986
2023-10-30,12.328095436096191,Ilorin_East,28.17058461507162
2023-10-31,0.0,Ilorin_East,27.902969614664755
2023-11-01,0.0,Ilorin_East,28.251969273885095
2023-11-02,0.0,Ilorin_East,28.36909891764327
2023-11-03,0.0,Ilorin_East,27.586690521240257
2023-11-04,0.0,Ilorin_East,27.52631848653158
2023-11-05,0.0,Ilorin_East,28.399959818522177
2023-11-06,2.7930073738098145,Ilorin_East,27.84630928039553
2023-11-07,2.7930073738098145,Ilorin_East,28.153864796956384
2023-11-08,0.0,Ilorin_East,28.541225051879906
2023-11-09,0.0,Ilorin_East,28.608897145589196
2023-11-10,0.0,Ilorin_East,28.66713422139486
2023-11-11,0.0,Ilorin_East,28.10196456909182
2023-11-12,0.0,Ilorin_East,28.43724721272787
2023-11-13,0.0,Ilorin_East,28.723972574869833
2023-11-14,0.0,Ilorin_East,28.9197771708171
2023-11-15,0.0,Ilorin_East,27.44522374471029
2023-11-16,0.22869940102100372,Ilorin_East,28.793606058756552
2023-11-17,0.22869940102100372,Ilorin_East,29.512798563639365
2023-11-18,0.0,Ilorin_East,29.596525446573935
2023-11-19,0.0,Ilorin_East,28.489820734659872
2023-11-20,0.0,Ilorin_East,27.78395551045736
2023-11-21,0.0,Ilorin_East,28.13752899169924
2023-11-22,0.0,Ilorin_East,28.12827390034994
2023-11-23,0.0,Ilorin_East,28.63055572509768
2023-11-24,0.0,Ilorin_East,28.621670023600302
2023-11-25,0.4367634952068329,Ilorin_East,27.27254130045577
2023-11-26,0.020389383658766747,Ilorin_East,24.504591242472372
2023-11-27,0.0,Ilorin_East,27.84163627624514
2023-11-28,0.0,Ilorin_East,27.994795099894247
2023-11-29,0.0,Ilorin_East,28.33272260030111
2023-11-30,0.0,Ilorin_East,28.277959442138695
2023-12-01,0.0,Ilorin_East,28.32478485107424
2023-12-02,0.0,Ilorin_East,28.340496317545615
2023-12-03,0.0,Ilorin_East,27.977066294352255
2023-12-04,0.0,Ilorin_East,28.116574859619163
2023-12-05,0.0,Ilorin_East,27.979034678141318
2023-12-06,0.0,Ilorin_East,28.158643976847372
2023-12-07,0.0,Ilorin_East,28.103531138102255
2023-12-08,0.0,Ilorin_East,28.37230008443197
2023-12-09,0.0,Ilorin_East,27.936412429809593
2023-12-10,0.0,Ilorin_East,27.612437184651696
2023-12-11,3.6935369968414307,Ilorin_East,27.165141677856468
2023-12-12,0.0,Ilorin_East,25.84979146321615
2023-12-13,0.0,Ilorin_East,25.567980702718103
2023-12-14,0.0,Ilorin_East,27.09270311991378
2023-12-15,0.0,Ilorin_East,28.01176223754885
2023-12-16,0.0,Ilorin_East,28.448780314127646
2023-12-17,0.0,Ilorin_East,28.077626164754236
2023-12-18,0.0,Ilorin_East,28.42615915934249
2023-12-19,0.0,Ilorin_East,28.488000488281273
2023-12-20,0.0,Ilorin_East,27.721969223022484
2023-12-21,0.0,Ilorin_East,27.953748321533226
2023-12-22,3.3536033630371094,Ilorin_East,28.501815414428734
2023-12-23,0.0,Ilorin_East,28.317437744140648
2023-12-24,0.0,Ilorin_East,27.797450637817406
2023-12-25,0.0,Ilorin_East,27.28104426066085
2023-12-26,0.0,Ilorin_East,26.503792063395224
2023-12-27,0.0,Ilorin_East,26.585380172729515
2023-12-28,0.0,Ilorin_East,27.401333745320642
2023-12-29,0.0,Ilorin_East,27.44920374552413
2023-12-30,0.0,Ilorin_East,27.534447606404626
2023-12-31,0.0,Ilorin_East,27.69512265523275
2024-01-01,0.0,Ilorin_East,28.554098383585654
2024-01-02,0.0,Ilorin_East,28.534928258260095
2024-01-03,0.0,Ilorin_East,28.945928192138695
2024-01-04,0.0,Ilorin_East,29.404068883260095
2024-01-05,0.0,Ilorin_East,29.07974459330245
2024-01-06,0.0,Ilorin_East,29.423469161987327
2024-01-07,0.0,Ilorin_East,29.462609227498376
2024-01-08,0.0,Ilorin_East,28.87116711934408
2024-01-09,0.0,Ilorin_East,28.70351943969729
2024-01-10,0.0,Ilorin_East,28.757846450805687
2024-01-11,0.0,Ilorin_East,27.968560791015648
2024-01-12,0.0,Ilorin_East,27.582160568237327
2024-01-13,0.0,Ilorin_East,27.06498743693038
2024-01-14,0.0,Ilorin_East,27.02046356201174
2024-01-15,0.0,Ilorin_East,27.13251139322921
2024-01-16,0.0,Ilorin_East,26.717160161336267
2024-01-17,0.0,Ilorin_East,26.64937807718917
2024-01-18,0.0,Ilorin_East,26.687930679321312
2024-01-19,0.0,Ilorin_East,26.946405029296898
2024-01-20,0.0,Ilorin_East,27.654820378621423
2024-01-21,0.0,Ilorin_East,28.11381619771322
2024-01-22,0.0,Ilorin_East,27.76825548807784
2024-01-23,0.0,Ilorin_East,28.174866612752282
2024-01-24,0.0,Ilorin_East,28.85907580057784
2024-01-25,0.0,Ilorin_East,27.867654418945335
2024-01-26,0.0,Ilorin_East,27.30491727193197
2024-01-27,0.0,Ilorin_East,27.760742441813193
2024-01-28,0.0,Ilorin_East,27.51407648722335
2024-01-29,0.0,Ilorin_East,28.27534128824874
2024-01-30,0.0,Ilorin_East,29.288908259073935
2024-01-31,0.0,Ilorin_East,29.460085169474326
2024-02-01,0.0,Ilorin_East,29.212983703613304
2024-02-02,0.0,Ilorin_East,28.359003957112634
2024-02-03,0.0,Ilorin_East,28.542209243774437
2024-02-04,0.0,Ilorin_East,28.2448663075765
2024-02-05,0.0,Ilorin_East,28.030164972941122
2024-02-06,0.0,Ilorin_East,28.000955200195335
2024-02-07,0.0,Ilorin_East,28.404399490356468
2024-02-08,0.0,Ilorin_East,28.994751230875693
2024-02-09,0.0,Ilorin_East,28.930977121988974
2024-02-10,0.0,Ilorin_East,29.626983896891318
2024-02-11,0.0,Ilorin_East,30.82847620646163
2024-02-12,0.0,Ilorin_East,31.463990147908532
2024-02-13,0.0,Ilorin_East,31.213028208414755
2024-02-14,0.0,Ilorin_East,31.233119583129906
2024-02-15,0.0,Ilorin_East,30.65348332722982
2024-02-16,0.0,Ilorin_East,29.856490707397484
2024-02-17,0.0,Ilorin_East,29.915497080485068
2024-02-18,0.0,Ilorin_East,31.334327316284202
2024-02-19,0.0,Ilorin_East,32.20887145996096
2024-02-20,4.952312469482422,Ilorin_East,32.192910766601585
2024-02-21,0.0,Ilorin_East,32.096010462443076
2024-02-22,0.0,Ilorin_East,31.9673788706462
2024-02-23,3.7499046325683594,Ilorin_East,28.73651784261068
2024-02-24,0.0,Ilorin_East,28.706025060017907
2024-02-25,0.0,Ilorin_East,30.497206624348962
2024-02-26,0.0,Ilorin_East,31.458987172444665
2024-02-27,0.0,Ilorin_East,31.731786982218466
2024-02-28,0.0,Ilorin_East,32.06936988830569
2024-02-29,0.0,Ilorin_East,32.32563362121584
2024-03-01,0.0,Ilorin_East,31.107108688354515
2024-03-02,5.153656959533691,Ilorin_East,31.840695953369163
2024-03-03,1.7178857326507568,Ilorin_East,31.329449590047204
2024-03-04,1.7178857326507568,Ilorin_East,31.708196258544945
2024-03-05,0.0,Ilorin_East,32.05717811584475
2024-03-06,7.5091142654418945,Ilorin_East,31.839145914713583
2024-03-07,0.0,Ilorin_East,31.02229715983077
2024-03-08,5.006076335906982,Ilorin_East,31.27697906494143
2024-03-09,2.503038167953491,Ilorin_East,31.897157923380576
2024-03-10,0.0,Ilorin_East,32.709539031982445
2024-03-11,0.0,Ilorin_East,32.07818501790365
2024-03-12,0.0,Ilorin_East,32.12334531148275
2024-03-13,0.0,Ilorin_East,32.41490071614584
2024-03-14,4.621212482452393,Ilorin_East,30.92081985473635
2024-03-15,1.5404040813446045,Ilorin_East,29.370926157633505
2024-03-16,3.7150814533233643,Ilorin_East,32.44726715087893
2024-03-17,0.0,Ilorin_East,32.70410499572756
2024-03-18,0.0,Ilorin_East,32.69913253784182
2024-03-19,0.0,Ilorin_East,32.30423762003585
2024-03-20,0.0,Ilorin_East,31.790479278564476
2024-03-21,1.7583212852478027,Ilorin_East,32.28721771240237
2024-03-22,1.7583212852478027,Ilorin_East,32.51787147521975
2024-03-23,1.7583212852478027,Ilorin_East,31.022808329264365
2024-03-24,0.0,Ilorin_East,31.96601575215658
2024-03-25,0.8791606426239014,Ilorin_East,31.57635332743331
2024-03-26,0.0,Ilorin_East,31.459764099121116
2024-03-27,0.0,Ilorin_East,32.36243082682296
2024-03-28,0.8647074103355408,Ilorin_East,33.070999399821005
2024-03-29,1.7294148206710815,Ilorin_East,32.966141637166345
2024-03-30,0.0,Ilorin_East,32.32204335530599
2024-03-31,0.0,Ilorin_East,32.34549229939779
2024-04-01,0.0,Ilorin_East,31.316463724772177
2024-04-02,5.253530502319336,Ilorin_East,32.74844067891439
2024-04-03,2.626765251159668,Ilorin_East,31.509192403157556
2024-04-04,0.0,Ilorin_East,31.275500869751
2024-04-05,2.626765251159668,Ilorin_East,29.35405629475912
2024-04-06,8.074914932250977,Ilorin_East,30.505978520711267
2024-04-07,8.074914932250977,Ilorin_East,31.563385899861657
2024-04-08,8.074914932250977,Ilorin_East,30.89710133870443
2024-04-09,4.037457466125488,Ilorin_East,30.96095682779952
2024-04-10,8.074914932250977,Ilorin_East,31.394789632161462
2024-04-11,0.0,Ilorin_East,31.397335306803427
2024-04-12,3.5893144607543945,Ilorin_East,29.90450503031417
2024-04-13,0.884149432182312,Ilorin_East,29.922001775105798
2024-04-14,20.087444305419922,Ilorin_East,28.828986740112327
2024-04-15,0.0,Ilorin_East,31.000424957275413
2024-04-16,3.487997531890869,Ilorin_East,31.518542226155603
2024-04-17,3.487997531890869,Ilorin_East,31.661637242635095
2024-04-18,0.0,Ilorin_East,32.270929590861044
2024-04-19,0.0,Ilorin_East,31.76280237833663
2024-04-20,1.7439987659454346,Ilorin_East,31.845669682820642
2024-04-21,10.86715316772461,Ilorin_East,30.89147211710616
2024-04-22,2.3991103172302246,Ilorin_East,31.939698155721032
2024-04-23,12.419605255126953,Ilorin_East,28.883115386962913
2024-04-24,0.0,Ilorin_East,30.29936815897628
2024-04-25,0.0,Ilorin_East,30.495467122395837
2024-04-26,0.0,Ilorin_East,30.55347340901693
2024-04-27,5.249199867248535,Ilorin_East,31.234964625040732
2024-04-28,5.249199867248535,Ilorin_East,31.634653981526696
2024-04-29,5.249199867248535,Ilorin_East,31.1011952718099
2024-04-30,5.249199867248535,Ilorin_East,32.277009582519554
2024-05-01,4.9005632400512695,Ilorin_East,30.558733240763388
2024-05-02,0.0,Ilorin_East,30.41450970967611
2024-05-03,4.9005632400512695,Ilorin_East,30.484128570556663
2024-05-04,0.0,Ilorin_East,30.815806961059593
2024-05-05,4.9005632400512695,Ilorin_East,30.95882631937667
2024-05-06,12.00832748413086,Ilorin_East,30.134392674764
2024-05-07,0.0,Ilorin_East,30.138742701212607
2024-05-08,0.0,Ilorin_East,30.774214680989587
2024-05-09,0.0,Ilorin_East,31.081307347615564
2024-05-10,0.0,Ilorin_East,31.00978558858236
2024-05-11,6.94721794128418,Ilorin_East,30.920101420084677
2024-05-12,6.94721794128418,Ilorin_East,29.83605791727706
2024-05-13,27.78887176513672,Ilorin_East,29.145131683349632
2024-05-14,0.0,Ilorin_East,29.819672520955407
2024-05-15,0.0,Ilorin_East,29.801889673868857
2024-05-16,7.859097957611084,Ilorin_East,27.915999984741234
2024-05-17,24.03540802001953,Ilorin_East,29.937937037150107
2024-05-18,0.0,Ilorin_East,30.697332000732445
2024-05-19,3.661403179168701,Ilorin_East,30.633302942911826
2024-05-20,0.6499132513999939,Ilorin_East,30.767648951212607
2024-05-21,2.7126471996307373,Ilorin_East,30.567114130655966
2024-05-22,8.137941360473633,Ilorin_East,29.61538976033529
2024-05-23,0.0,Ilorin_East,29.90420811971029
2024-05-24,5.425294399261475,Ilorin_East,29.27452176411947
2024-05-25,10.85058879852295,Ilorin_East,28.660727437337243
2024-05-26,0.0,Ilorin_East,29.82516759236654
2024-05-27,0.0,Ilorin_East,29.35445048014327
2024-05-28,0.0,Ilorin_East,29.708784993489587
2024-05-29,0.0,Ilorin_East,30.061653391520224
2024-05-30,11.378037452697754,Ilorin_East,29.71136309305831
2024-05-31,0.0,Ilorin_East,28.854142125447595
2024-06-01,0.0,Ilorin_East,29.08481369018557
2024-06-02,29.93517303466797,Ilorin_East,27.810430145263695
2024-06-03,0.0,Ilorin_East,29.467065429687523
2024-06-04,0.0,Ilorin_East,28.812366739908896
2024-06-05,0.0,Ilorin_East,29.978542582194052
2024-06-06,11.570688247680664,Ilorin_East,28.174364980061853
2024-06-07,0.0,Ilorin_East,28.21791038513186
2024-06-08,0.0,Ilorin_East,28.366144434611044
2024-06-09,0.0,Ilorin_East,28.699731445312523
2024-06-10,0.0,Ilorin_East,28.36187006632491
2024-06-11,5.847748756408691,Ilorin_East,27.266545867919945
2024-06-12,12.086037635803223,Ilorin_East,27.454411443074548
2024-06-13,0.5022918581962585,Ilorin_East,28.650210316975915
2024-06-14,6.10984992980957,Ilorin_East,28.52042477925619
2024-06-15,1.6142165660858154,Ilorin_East,26.555937067667685
2024-06-16,0.0,Ilorin_East,26.9310127258301
2024-06-17,0.0,Ilorin_East,27.997158940633142
2024-06-18,8.380237579345703,Ilorin_East,28.079550043741904
2024-06-19,8.380237579345703,Ilorin_East,28.548692321777366
2024-06-20,0.0,Ilorin_East,28.0491933186849
2024-06-21,12.542275428771973,Ilorin_East,27.495280838012718
2024-06-22,0.0,Ilorin_East,28.42710202534994
2024-06-23,0.0,Ilorin_East,28.569336191813193
2024-06-24,12.542275428771973,Ilorin_East,27.87292060852053
2024-06-25,6.271137714385986,Ilorin_East,25.272548929850302
2024-06-26,25.901521682739258,Ilorin_East,26.94921010335287
2024-06-27,12.950760841369629,Ilorin_East,27.139154052734398
2024-06-28,0.0,Ilorin_East,27.58253186543783
2024-06-29,0.0,Ilorin_East,26.691703414917015
2024-06-30,0.0,Ilorin_East,26.585046386718773
2024-07-01,0.0,Ilorin_East,27.780444081624353
2024-07-02,12.842424392700195,Ilorin_East,26.733185068766318
2024-07-03,12.842424392700195,Ilorin_East,24.732549285888695
2024-07-04,0.0,Ilorin_East,25.347232437133812
2024-07-05,6.421212196350098,Ilorin_East,25.968642171223962
2024-07-06,11.851875305175781,Ilorin_East,25.41174977620443
2024-07-07,3.95062518119812,Ilorin_East,25.79128481547042
2024-07-08,3.95062518119812,Ilorin_East,24.73580131530764
2024-07-09,0.0,Ilorin_East,26.135660425821982
2024-07-10,7.90125036239624,Ilorin_East,26.36304626464846
2024-07-11,7.950887203216553,Ilorin_East,24.990811284383142
2024-07-12,0.0,Ilorin_East,24.697377777099632
2024-07-13,0.0,Ilorin_East,26.132576243082724
2024-07-14,0.0,Ilorin_East,26.004274622599326
2024-07-15,0.0,Ilorin_East,25.75747642517092
2024-07-16,0.0,Ilorin_East,25.089034016927087
2024-07-17,20.30940818786621,Ilorin_East,25.19307098388674
2024-07-18,0.0,Ilorin_East,26.42159487406417
2024-07-19,6.769802570343018,Ilorin_East,25.9300526936849
2024-07-20,6.769802570343018,Ilorin_East,24.222037887573265
2024-07-21,0.0,Ilorin_East,25.72731424967452
2024-07-22,0.0,Ilorin_East,25.720491027832054
2024-07-23,0.0,Ilorin_East,26.248355484008812
2024-07-24,0.0,Ilorin_East,25.17890574137374
2024-07-25,0.0,Ilorin_East,25.908729171752952
2024-07-26,0.0,Ilorin_East,26.224870936075888
2024-07-27,0.0,Ilorin_East,26.20270373026534
2024-07-28,0.0,Ilorin_East,24.35024477640792
2024-07-29,15.023221969604492,Ilorin_East,25.429559961954794
2024-07-30,0.0,Ilorin_East,26.038516616821312
2024-07-31,0.0,Ilorin_East,26.286815261840843
2024-08-01,0.0,Ilorin_East,25.692687606811546
2024-08-02,0.0,Ilorin_East,25.865849431355798
2024-08-03,0.0,Ilorin_East,26.24111709594729
2024-08-04,0.0,Ilorin_East,26.09279848734542
2024-08-05,0.0,Ilorin_East,26.465896860758505
2024-08-06,0.0,Ilorin_East,26.646314875284872
2024-08-07,0.0,Ilorin_East,25.882606124877952
2024-08-08,0.0,Ilorin_East,26.361237462361657
2024-08-09,0.0,Ilorin_East,26.356567637125693
2024-08-10,0.0,Ilorin_East,26.66435902913412
2024-08-11,0.0,Ilorin_East,26.52540295918783
2024-08-12,0.0,Ilorin_East,25.943032836914085
2024-08-13,0.0,Ilorin_East,25.936053848266624
2024-08-14,0.0,Ilorin_East,26.526925023396814
2024-08-15,0.0,Ilorin_East,26.96710103352865
2024-08-16,0.0,Ilorin_East,25.137227630615257
2024-08-17,0.0,Ilorin_East,26.442973709106468
2024-08-18,0.0,Ilorin_East,27.19694544474288
2024-08-19,11.695940017700195,Ilorin_East,25.440301513671898
2024-08-20,0.0,Ilorin_East,22.647389348347986
2024-08-21,0.5791409015655518,Ilorin_East,25.124189631144247
2024-08-22,3.1322085857391357,Ilorin_East,25.208360290527366
2024-08-23,17.789281845092773,Ilorin_East,22.581914520263695
2024-08-24,2.8818092346191406,Ilorin_East,24.209575907389365
2024-08-25,2.9843907356262207,Ilorin_East,25.392510986328148
2024-08-26,3.497514009475708,Ilorin_East,25.05018577575686
2024-08-27,2.9203968048095703,Ilorin_East,25.181972757975302
2024-08-28,0.9506527185440063,Ilorin_East,25.78046315511068
2024-08-29,1.412920594215393,Ilorin_East,25.561947123209677
2024-08-30,13.516213417053223,Ilorin_East,23.36602681477865
2024-08-31,3.370051383972168,Ilorin_East,24.227012888590536
2024-09-01,0.0,Ilorin_East,25.02020670572921
2024-09-02,0.0,Ilorin_East,25.53062464396163
2024-09-03,0.0,Ilorin_East,25.994772847493493
2024-09-04,0.0,Ilorin_East,26.116075770060263
2024-09-05,0.0,Ilorin_East,26.014295196533226
2024-09-06,13.418046951293945,Ilorin_East,25.474312718709314
2024-09-07,20.127071380615234,Ilorin_East,23.742574310302757
2024-09-08,0.0,Ilorin_East,25.388489023844443
2024-09-09,0.0,Ilorin_East,26.54721349080404
2024-09-10,13.418046951293945,Ilorin_East,25.547864532470726
2024-09-11,4.45298433303833,Ilorin_East,25.377725855509482
2024-09-12,0.9295121431350708,Ilorin_East,25.14957516988119
2024-09-13,8.196505546569824,Ilorin_East,25.045864995320642
2024-09-14,5.057490825653076,Ilorin_East,24.46827405293783
2024-09-15,4.215989112854004,Ilorin_East,25.380604680379236
2024-09-16,16.03714942932129,Ilorin_East,26.05724169413253
2024-09-17,0.0,Ilorin_East,25.60029563903811
2024-09-18,64.14859771728516,Ilorin_East,23.642144775390648
2024-09-19,16.03714942932129,Ilorin_East,25.056603368123376
2024-09-20,0.0,Ilorin_East,25.34674987792971
2024-09-21,12.225056648254395,Ilorin_East,24.304082489013695
2024-09-22,0.0,Ilorin_East,24.581396357218466
2024-09-23,0.0,Ilorin_East,25.326031621297204
2024-09-24,12.225056648254395,Ilorin_East,25.32845840454104
2024-09-25,0.0,Ilorin_East,25.024026489257835
2024-09-26,9.709982872009277,Ilorin_East,25.556621170043968
2024-09-27,19.419965744018555,Ilorin_East,26.221618270874046
2024-09-28,19.419965744018555,Ilorin_East,25.447218831380212
2024-09-29,0.0,Ilorin_East,24.959418869018577
2024-09-30,9.709982872009277,Ilorin_East,25.137693023681663
2024-10-01,7.763319969177246,Ilorin_East,24.800229008992517
2024-10-02,8.288883209228516,Ilorin_East,25.92670084635421
2024-10-03,8.26522159576416,Ilorin_East,25.13192710876467
2024-10-04,45.425621032714844,Ilorin_East,23.956550852457724
2024-10-05,21.419994354248047,Ilorin_East,23.558978652954124
2024-10-06,8.01163387298584,Ilorin_East,24.289847946167015
2024-10-07,0.0,Ilorin_East,24.493124262491904
2024-10-08,8.01163387298584,Ilorin_East,25.615804290771507
2024-10-09,16.02326774597168,Ilorin_East,25.668420410156273
2024-10-10,0.0,Ilorin_East,26.05679855346682
2024-10-11,17.13055992126465,Ilorin_East,25.90624580383303
2024-10-12,17.13055992126465,Ilorin_East,25.136807378133142
2024-10-13,8.565279960632324,Ilorin_East,25.19577306111654
2024-10-14,0.0,Ilorin_East,25.12880350748702
2024-10-15,0.0,Ilorin_East,25.761241531372093
2024-10-16,11.471745491027832,Ilorin_East,25.942041015625023
2024-10-17,11.471745491027832,Ilorin_East,25.255358632405603
2024-10-18,22.943490982055664,Ilorin_East,25.219262695312523
2024-10-19,0.0,Ilorin_East,26.374710973103845
2024-10-20,22.943490982055664,Ilorin_East,26.404374059041345
2024-10-21,10.20409870147705,Ilorin_East,26.275984700520837
2024-10-22,0.0,Ilorin_East,25.782879130045615
2024-10-23,0.0,Ilorin_East,26.555852508544945
2024-10-24,0.0,Ilorin_East,27.26482416788741
2024-10-25,10.20409870147705,Ilorin_East,26.67858149210616
2024-10-26,22.92595672607422,Ilorin_East,27.196099853515648
2024-10-27,0.0,Ilorin_East,27.70543696085616
2024-10-28,0.0,Ilorin_East,27.351667658487997
2024-10-29,0.0,Ilorin_East,27.515417989095056
2024-10-30,0.0,Ilorin_East,27.759271876017294
2024-10-31,0.0,Ilorin_East,28.013754145304404
2024-11-01,0.0,Ilorin_East,27.384399668375693
2024-11-02,2.542012929916382,Ilorin_East,27.325322087605798
2024-11-03,5.084025859832764,Ilorin_East,27.446434911092126
2024-11-04,0.0,Ilorin_East,26.920594151814782
2024-11-05,0.0,Ilorin_East,26.63034591674807
2024-11-06,0.0,Ilorin_East,26.50880139668783
2024-11-07,0.0,Ilorin_East,27.38522872924807
2024-11-08,0.0,Ilorin_East,28.13510411580404
2024-11-09,0.0,Ilorin_East,28.345134989420615
2024-11-10,0.0,Ilorin_East,27.244760767618857
2024-11-11,0.0,Ilorin_East,27.428755060831747
2024-11-12,0.0,Ilorin_East,27.786807632446312
2024-11-13,0.0,Ilorin_East,28.657000478108728
2024-11-14,0.0,Ilorin_East,28.70059992472335
2024-11-15,0.0,Ilorin_East,28.090542729695642
2024-11-16,0.0,Ilorin_East,27.032422637939476
2024-11-17,0.0,Ilorin_East,26.26237258911135
2024-11-18,0.0,Ilorin_East,26.92737414042159
2024-11-19,0.0,Ilorin_East,27.683566665649437
2024-11-20,0.0,Ilorin_East,27.97234179178878
2024-11-21,0.0,Ilorin_East,27.63681882222494
2024-11-22,0.0,Ilorin_East,27.54939740498861
2024-11-23,0.0,Ilorin_East,27.242705281575525
2024-11-24,0.0,Ilorin_East,26.773753102620446
2024-11-25,0.0,Ilorin_East,26.777316665649437
2024-11-26,0.0,Ilorin_East,26.429700469970726
2024-11-27,0.0,Ilorin_East,26.923042551676474
2024-11-28,0.0,Ilorin_East,26.40161539713546
2024-11-29,0.0,Ilorin_East,26.260667419433616
2024-11-30,0.0,Ilorin_East,26.774509684244833
2024-12-01,0.0,Ilorin_East,27.94790865580245
2024-12-02,0.0,Ilorin_East,28.193547185262048
2024-12-03,0.0,Ilorin_East,27.815419769287132
2024-12-04,0.0,Ilorin_East,27.44516525268557
2024-12-05,0.0,Ilorin_East,26.884744898478232
2024-12-06,0.0,Ilorin_East,27.155474599202478
2024-12-07,0.0,Ilorin_East,27.584525680542015
2024-12-08,0.0,Ilorin_East,27.119812266031943
2024-12-09,3.2101638317108154,Ilorin_East,27.74869054158529
2024-12-10,0.0,Ilorin_East,28.324844614664755
2024-12-11,0.0,Ilorin_East,28.78933232625326
2024-12-12,0.0,Ilorin_East,28.16432660420736
2024-12-13,0.0,Ilorin_East,27.709120686848962
2024-12-14,0.0,Ilorin_East,27.323955154418968
2024-12-15,0.0,Ilorin_East,26.555036799112997
2024-12-16,0.0,Ilorin_East,26.62971649169924
2024-12-17,0.0,Ilorin_East,27.28687184651693
2024-12-18,0.0,Ilorin_East,27.029789861043298
2024-12-19,0.0,Ilorin_East,25.556133524576865
2024-12-20,0.0,Ilorin_East,24.814291890462243
2024-12-21,0.0,Ilorin_East,25.304078038533532
2024-12-22,0.0,Ilorin_East,26.530064519246423
2024-12-23,0.0,Ilorin_East,27.17352193196615
2024-12-24,0.0,Ilorin_East,27.26371091206869
2024-12-25,0.0,Ilorin_East,27.554684575398767
2024-12-26,0.0,Ilorin_East,27.658685938517294
2024-12-27,0.0,Ilorin_East,27.740631357828818
2024-12-28,0.0,Ilorin_East,27.042324320475302
2024-12-29,0.0,Ilorin_East,27.864211018880212
2024-12-30,3.2775719165802,Ilorin_East,28.717977778116904
2024-12-31,0.0,Ilorin_East,29.053765869140648
2025-01-01,0.0,Ilorin_East,28.184899266560876
2025-01-02,0.0,Ilorin_East,28.289523696899437
2025-01-03,0.0,Ilorin_East,28.45590744018557
2025-01-04,0.0,Ilorin_East,28.25471649169924
2025-01-05,0.0,Ilorin_East,28.373834228515648
2025-01-06,0.0,Ilorin_East,28.264882024129236
2025-01-07,0.0,Ilorin_East,27.709445571899437
2025-01-08,0.0,Ilorin_East,27.20046768188479
2025-01-09,0.0,Ilorin_East,26.88488922119143
2025-01-10,0.0,Ilorin_East,26.248647308349632
2025-01-11,0.0,Ilorin_East,26.48193511962893
2025-01-12,0.0,Ilorin_East,26.763759867350302
2025-01-13,0.0,Ilorin_East,27.3674090067546
2025-01-14,0.0,Ilorin_East,27.479776636759482
2025-01-15,0.0,Ilorin_East,28.07210502624514
2025-01-16,0.0,Ilorin_East,28.893385187784872
2025-01-17,0.0,Ilorin_East,28.717373784383142
2025-01-18,0.0,Ilorin_East,28.752436574300134
2025-01-19,0.0,Ilorin_East,29.106609598795615
2025-01-20,0.0,Ilorin_East,29.569506581624353
2025-01-21,0.0,Ilorin_East,29.37400906880697
2025-01-22,0.011740108951926231,Ilorin_East,29.25450223286947
2025-01-23,0.10637476295232773,Ilorin_East,28.244812901814782
2025-01-24,1.490760326385498,Ilorin_East,28.668648656209314
2025-01-25,0.04631416127085686,Ilorin_East,28.478543217976892
2025-01-26,0.0,Ilorin_East,27.775014495849632
2025-01-27,0.0,Ilorin_East,27.971866226196312
2025-01-28,0.0,Ilorin_East,28.25654246012374
2025-01-29,0.0,Ilorin_East,27.901685333251976
2025-01-30,0.0,Ilorin_East,28.119419987996423
2025-01-31,0.0,Ilorin_East,28.875549570719443
2025-02-01,1.3479490280151367,Ilorin_East,29.442063903808616
2025-02-02,0.0,Ilorin_East,29.663858668009482
2025-02-03,0.0,Ilorin_East,30.02577616373702
2025-02-04,0.0,Ilorin_East,29.547288513183616
2025-02-05,0.0,Ilorin_East,29.607572809855185
2025-02-06,0.9337323904037476,Ilorin_East,29.984676615397177
2025-02-07,0.29964426159858704,Ilorin_East,31.091959253946982
2025-02-08,0.0,Ilorin_East,30.928684488932333
2025-02-09,0.0,Ilorin_East,30.574143981933616
2025-02-10,0.5097663998603821,Ilorin_East,30.440410868326865
2025-02-11,0.0,Ilorin_East,30.244303003946982
2025-02-12,0.0,Ilorin_East,29.91433169047042
2025-02-13,0.0,Ilorin_East,29.841107304890954
2025-02-14,0.0,Ilorin_East,29.6806465148926
2025-02-15,0.0,Ilorin_East,29.35978024800619
2025-02-16,0.0,Ilorin_East,29.58072942097982
2025-02-17,0.0,Ilorin_East,29.832986450195335
2025-02-18,0.0,Ilorin_East,29.87934837341311
2025-02-19,0.0,Ilorin_East,29.946798578898154
2025-02-20,0.0,Ilorin_East,30.760352071126306
2025-02-21,0.0,Ilorin_East,30.66247138977053
2025-02-22,4.977795600891113,Ilorin_East,29.531626001993857
2025-02-23,0.0,Ilorin_East,29.734475708007835
2025-02-24,0.0,Ilorin_East,31.394844945271814
2025-02-25,0.0,Ilorin_East,31.0046160380046
2025-02-26,1.293641448020935,Ilorin_East,30.530351893107138
2025-02-27,0.0,Ilorin_East,30.854770914713583
2025-02-28,0.0,Ilorin_East,30.461269632975302
2025-03-01,0.0,Ilorin_East,30.847274398803734
2025-03-02,0.0,Ilorin_East,31.314029312133812
2025-03-03,0.0,Ilorin_East,31.169875081380212
2025-03-04,0.0,Ilorin_East,31.030248896280966
2025-03-05,0.0,Ilorin_East,30.64991912841799
2025-03-06,0.0,Ilorin_East,30.983101781209314
2025-03-07,0.0,Ilorin_East,31.396635309855185
2025-03-08,0.0,Ilorin_East,31.993700281779013
2025-03-09,0.0,Ilorin_East,31.729861831665062
2025-03-10,4.473690032958984,Ilorin_East,31.313466008504236
2025-03-11,3.506415605545044,Ilorin_East,30.82087097167971
2025-03-12,7.012831211090088,Ilorin_East,31.458410517374716
2025-03-13,7.012831211090088,Ilorin_East,31.23287480672201
2025-03-14,3.506415605545044,Ilorin_East,31.201909001668298
2025-03-15,0.0,Ilorin_East,31.297779337565146
2025-03-16,0.0,Ilorin_East,31.25558242797854
2025-03-17,0.0,Ilorin_East,31.167090352376306
2025-03-18,0.0,Ilorin_East,31.164405441284202
2025-03-19,0.0,Ilorin_East,30.919457372029626
2025-03-20,4.262752532958984,Ilorin_East,30.80288912455245
2025-03-21,6.521015644073486,Ilorin_East,31.039111073811853
2025-03-22,6.521015644073486,Ilorin_East,29.961802419026696
2025-03-23,2.1736719608306885,Ilorin_East,30.511448160807333
2025-03-24,4.347343921661377,Ilorin_East,30.442461903889978
2025-03-25,4.347343921661377,Ilorin_East,29.624639129638695
2025-03-26,0.0,Ilorin_East,30.317004776001
2025-03-27,9.185559272766113,Ilorin_East,30.03804486592611
2025-03-28,4.592779636383057,Ilorin_East,30.433330154418968
2025-03-29,4.592779636383057,Ilorin_East,30.759213383992517
2025-03-30,9.185559272766113,Ilorin_East,30.755102411905966
2025-03-31,4.592779636383057,Ilorin_East,30.152969614664755
2025-04-01,0.0,Ilorin_East,30.24463551839193
2025-04-02,8.762748718261719,Ilorin_East,28.58800849914553
2025-04-03,0.0,Ilorin_East,29.859473164876306
2025-04-04,0.0,Ilorin_East,30.665699259440146
2025-04-05,0.0,Ilorin_East,31.00381749471029
2025-04-06,0.0,Ilorin_East,30.447961425781273
2025-04-07,9.712336540222168,Ilorin_East,30.791198984781943
2025-04-08,0.0,Ilorin_East,30.588223393758142
2025-04-09,9.712336540222168,Ilorin_East,30.253930028279626
2025-04-10,9.712336540222168,Ilorin_East,30.07278213500979
2025-04-11,10.428661346435547,Ilorin_East,28.836799875895224
2025-04-12,5.214330673217773,Ilorin_East,30.294169998168968
2025-04-13,0.0,Ilorin_East,30.881506220499716
2025-04-14,0.0,Ilorin_East,30.50310541788741
2025-04-15,0.0,Ilorin_East,30.726132329305017
2025-04-16,2.8842413425445557,Ilorin_East,30.571995035807333
2025-04-17,5.768482685089111,Ilorin_East,30.496155039469443
2025-04-18,5.768482685089111,Ilorin_East,31.405534998575888
2025-04-19,0.0,Ilorin_East,30.42818412780764
2025-04-20,2.8842413425445557,Ilorin_East,30.049090957641624
2025-04-21,8.181291580200195,Ilorin_East,30.815071996053064
2025-04-22,16.36258316040039,Ilorin_East,30.128815587361657
2025-04-23,16.36258316040039,Ilorin_East,29.88789520263674
2025-04-24,0.0,Ilorin_East,30.173607126871786
2025-04-25,0.0,Ilorin_East,31.245722707112634
2025-04-26,12.743767738342285,Ilorin_East,29.34563471476241
2025-04-27,0.0,Ilorin_East,29.643556849161826
2025-04-28,4.247922420501709,Ilorin_East,30.141951497395837
2025-04-29,0.0,Ilorin_East,28.871257400512718
2025-04-30,4.247922420501709,Ilorin_East,29.03909835815432
2025-05-01,8.500247955322266,Ilorin_East,28.268296813964866
2025-05-02,8.500247955322266,Ilorin_East,27.875617599487327
2025-05-03,4.250123977661133,Ilorin_East,28.88571701049807
2025-05-04,0.0,Ilorin_East,29.224956766764365
2025-05-05,0.0,Ilorin_East,28.80089912414553
2025-05-06,4.202253818511963,Ilorin_East,29.13119468688967
2025-05-07,7.396064281463623,Ilorin_East,30.31143976847335
2025-05-08,4.989945888519287,Ilorin_East,30.191257095336937
2025-05-09,0.0,Ilorin_East,28.853026962280296
2025-05-10,0.0,Ilorin_East,29.78411127726241
2025-05-11,0.0,Ilorin_East,29.584555562337243
2025-05-12,3.5083396434783936,Ilorin_East,29.845315551757835
2025-05-13,0.0,Ilorin_East,28.9062432607015
2025-05-14,0.0,Ilorin_East,29.082917785644554
2025-05-15,7.016679286956787,Ilorin_East,29.39425430297854
2025-05-16,0.1352662295103073,Ilorin_East,28.813314056396507
2025-05-17,7.918188095092773,Ilorin_East,26.15145327250167
2025-05-18,1.0004560947418213,Ilorin_East,27.154238637288415
2025-05-19,0.6079124212265015,Ilorin_East,28.575290934244833
2025-05-20,0.5651459693908691,Ilorin_East,27.574459966023767
2025-05-21,0.0,Ilorin_East,27.871181742350302
2025-05-22,0.0,Ilorin_East,28.53655141194662
2025-05-23,13.097854614257812,Ilorin_East,27.646807607014978
2025-05-24,0.0,Ilorin_East,28.721109008789085
2025-05-25,0.0,Ilorin_East,28.616638437906943
2025-05-26,0.0,Ilorin_East,28.89919497172042
2025-05-27,7.886281490325928,Ilorin_East,28.657617187500023
2025-05-28,7.886281490325928,Ilorin_East,27.221340433756552
2025-05-29,7.886281490325928,Ilorin_East,24.306584294637048
2025-05-30,0.0,Ilorin_East,26.269841130574548
2025-05-31,0.0,Ilorin_East,27.873859024047874
2025-06-01,11.195929527282715,Ilorin_East,27.387913004557333
2025-06-02,0.0,Ilorin_East,27.752479171752952
2025-06-03,5.597964763641357,Ilorin_East,26.28537521362307
2025-06-04,0.0,Ilorin_East,25.330001449584984
2025-06-05,5.597964763641357,Ilorin_East,27.442834472656273
2025-06-06,10.105439186096191,Ilorin_East,27.363694763183616
2025-06-07,5.052719593048096,Ilorin_East,26.559315617879236
2025-06-08,5.052719593048096,Ilorin_East,26.721403376261435
2025-06-09,5.052719593048096,Ilorin_East,26.43112716674807
2025-06-10,0.0,Ilorin_East,26.794053649902366
2025-06-11,15.943659782409668,Ilorin_East,26.1353533426921
2025-06-12,0.8640497922897339,Ilorin_East,27.267711257934593
2025-06-13,4.120204925537109,Ilorin_East,27.668185806274437
2025-06-14,18.724761962890625,Ilorin_East,26.108395512898767
2025-06-15,5.920315265655518,Ilorin_East,26.85660069783529
2025-06-16,35.47550582885742,Ilorin_East,27.48316090901693
2025-06-17,8.868876457214355,Ilorin_East,27.352614339192712
2025-06-18,8.868876457214355,Ilorin_East,27.048682149251306
2025-06-19,0.0,Ilorin_East,26.94778976440432
2025-06-20,0.0,Ilorin_East,26.450178400675497
2025-06-21,0.0,Ilorin_East,25.98005828857424
2025-06-22,0.0,Ilorin_East,26.458265558878622
2025-06-23,0.0,Ilorin_East,26.752906417846702
2025-06-24,0.0,Ilorin_East,27.33153368632003
2025-06-25,0.0,Ilorin_East,27.0834893544515
2025-06-26,14.706868171691895,Ilorin_East,26.531957880655966
2025-06-27,0.0,Ilorin_East,26.28940353393557
2025-06-28,0.0,Ilorin_East,27.26424687703451
2025-06-29,0.0,Ilorin_East,26.608796691894554
2025-06-30,0.0,Ilorin_East,26.331248219807946
2025-07-01,16.26895523071289,Ilorin_East,26.03613688151046
2025-07-02,29.248498916625977,Ilorin_East,25.53839518229171
2025-07-03,22.79495620727539,Ilorin_East,24.224968846639
2025-07-04,5.386126518249512,Ilorin_East,23.309367752075218
2025-07-05,5.660251617431641,Ilorin_East,24.564609146118187
2025-07-06,0.0,Ilorin_East,24.200375493367517
2025-07-07,6.144781112670898,Ilorin_East,24.45799280802413
2025-07-08,18.434343338012695,Ilorin_East,24.459902064005576
2025-07-09,6.144781112670898,Ilorin_East,24.017856216430687
2025-07-10,0.0,Ilorin_East,25.45877037048342
2025-07-11,0.0,Ilorin_East,25.366415913899743
2025-07-12,0.0,Ilorin_East,25.03997128804525
2025-07-13,0.0,Ilorin_East,24.791795984904013
2025-07-14,0.0,Ilorin_East,25.49354197184249
2025-07-15,0.0,Ilorin_East,25.730994796752952
2025-07-16,0.0,Ilorin_East,24.773271814982138
2025-07-17,0.0,Ilorin_East,24.71386553446456
2025-07-18,0.0,Ilorin_East,25.31494293212893
2025-07-19,0.0,Ilorin_East,25.925663884480798
2025-07-20,0.0,Ilorin_East,25.942478434244833
2025-07-21,0.0,Ilorin_East,25.122839864095056
2025-07-22,0.0,Ilorin_East,22.961566543579124
2025-07-23,0.0,Ilorin_East,25.048135375976585
2025-07-24,0.0,Ilorin_East,25.42062149047854
2025-07-25,0.0,Ilorin_East,25.563771820068382
2025-07-26,0.0,Ilorin_East,24.116036351521814
2025-07-27,0.0,Ilorin_East,24.604407882690452
2025-07-28,0.0,Ilorin_East,25.03822034200033
2025-07-29,0.0,Ilorin_East,25.805294926961267
2025-07-30,0.0,Ilorin_East,25.648679351806663
2025-07-31,0.0,Ilorin_East,25.061753845214866
2025-08-01,13.342562675476074,Ilorin_East,24.801651255289755
2025-08-02,0.0,Ilorin_East,25.70028203328451
2025-08-03,13.342562675476074,Ilorin_East,24.67852109273275
2025-08-04,0.0,Ilorin_East,22.676723734537802
2025-08-05,0.0,Ilorin_East,24.25768178304037
2025-08-06,0.0,Ilorin_East,24.324030812581384
2025-08-07,5.834258556365967,Ilorin_East,24.419985707600915
2025-08-08,0.0,Ilorin_East,24.539497629801474
2025-08-09,5.834258556365967,Ilorin_East,23.00821139017745
2025-08-10,5.834258556365967,Ilorin_East,24.929376856486044
2025-08-11,0.0,Ilorin_East,25.121951675415062
2025-08-12,0.0,Ilorin_East,24.474826431274437
2025-08-13,0.0,Ilorin_East,25.324720001220726
2025-08-14,7.8767900466918945,Ilorin_East,24.935605621337913
2025-08-15,15.753580093383789,Ilorin_East,22.989334360758505
2025-08-16,0.0,Ilorin_East,21.58188400268557
2025-08-17,14.697737693786621,Ilorin_East,24.11838048299154
2025-08-18,0.0,Ilorin_East,24.715509668986044
2025-08-19,0.0,Ilorin_East,25.028400039672874
2025-08-20,0.0,Ilorin_East,24.731721496582054
2025-08-21,0.0,Ilorin_East,23.791036860148154
2025-08-22,0.0,Ilorin_East,24.554675038655603
2025-08-23,0.0,Ilorin_East,25.193008677164755
2025-08-24,0.0,Ilorin_East,25.16371561686202
2025-08-25,0.0,Ilorin_East,25.522328313191736
2025-08-26,0.0,Ilorin_East,23.991000747680687
2025-08-27,0.0,Ilorin_East,25.066979980468773
2025-08-28,0.0,Ilorin_East,25.09861081441244
2025-08-29,0.0,Ilorin_East,24.87735773722335
2025-08-30,0.0,Ilorin_East,24.685376739501976
2025-08-31,0.0,Ilorin_East,24.754097874959314
2025-09-01,0.0,Ilorin_East,25.45636647542318
2025-09-02,13.19865894317627,Ilorin_East,25.569283421834314
2025-09-03,13.19865894317627,Ilorin_East,24.78675549825033
2025-09-04,0.0,Ilorin_East,25.098060226440452
2025-09-05,0.0,Ilorin_East,25.34272727966311
2025-09-06,5.359322547912598,Ilorin_East,25.43606338500979
2025-09-07,5.359322547912598,Ilorin_East,25.78729400634768
2025-09-08,16.077966690063477,Ilorin_East,25.182883199055993
2025-09-09,0.0,Ilorin_East,24.193367894490564
2025-09-10,0.0,Ilorin_East,25.898506418863974
2025-09-11,9.026561737060547,Ilorin_East,25.549169794718466
2025-09-12,9.026561737060547,Ilorin_East,23.5128163655599
2025-09-13,0.0,Ilorin_East,24.72473742167159
2025-09-14,0.0,Ilorin_East,25.521977361043298
2025-09-15,27.07968521118164,Ilorin_East,24.833214696248376
2025-09-16,12.195257186889648,Ilorin_East,25.01680399576827
2025-09-17,0.0,Ilorin_East,25.68073170979818
2025-09-18,24.390514373779297,Ilorin_East,25.305359776814782
2025-09-19,12.195257186889648,Ilorin_East,25.566542561848962
2025-09-20,36.58577346801758,Ilorin_East,25.42088915507003
2025-09-21,19.069398880004883,Ilorin_East,25.39058329264327
2025-09-22,9.534699440002441,Ilorin_East,25.655056254069052
2025-09-23,19.069398880004883,Ilorin_East,25.132717386881552
2025-09-24,0.0,Ilorin_East,25.701023991902673
2025-09-25,9.534699440002441,Ilorin_East,24.54619623819991
2025-09-26,14.909370422363281,Ilorin_East,25.51491254170736
2025-09-27,14.909370422363281,Ilorin_East,25.10451787312826
2025-09-28,29.818740844726562,Ilorin_East,25.247112528483115
2025-09-29,14.909370422363281,Ilorin_East,25.209828313191736
2025-09-30,0.0,Ilorin_East,26.097478485107445
2025-10-01,16.16196632385254,Ilorin_East,25.39836718241378
2025-10-02,0.0,Ilorin_East,25.641155497233115
2025-10-03,0.0,Ilorin_East,26.964763895670615
2025-10-04,10.774643898010254,Ilorin_East,26.578674570719443
2025-10-05,10.774643898010254,Ilorin_East,25.365132904052757
2025-10-06,1.3765082359313965,Ilorin_East,24.76164334615072
2025-10-07,10.197545051574707,Ilorin_East,23.575256601969443
2025-10-08,0.6210104823112488,Ilorin_East,25.750506973266624
2025-10-09,0.0,Ilorin_East,26.15199432373049
2025-10-10,7.245162487030029,Ilorin_East,24.12643203735354
2025-10-11,10.747058868408203,Ilorin_East,25.023173904418968
2025-10-12,5.373529434204102,Ilorin_East,24.498064931233728
2025-10-13,5.373529434204102,Ilorin_East,25.033469136555993
2025-10-14,10.747058868408203,Ilorin_East,24.632578150431357
2025-10-15,10.747058868408203,Ilorin_East,25.744386927286826
2025-10-16,5.029336452484131,Ilorin_East,24.77949676513674
2025-10-17,0.0,Ilorin_East,25.647628402709984
2025-10-18,0.0,Ilorin_East,26.472301101684593
2025-10-19,0.0,Ilorin_East,27.111482238769554
2025-10-20,5.029336452484131,Ilorin_East,26.80987447102865
2025-10-21,0.0,Ilorin_East,27.34709192911788
2025-10-22,0.0,Ilorin_East,26.944609578450525
2025-10-23,0.0,Ilorin_East,27.315108871459984
2025-10-24,0.0,Ilorin_East,27.075271860758505
2025-10-25,0.0,Ilorin_East,27.160368220011435
2025-10-26,0.0,Ilorin_East,27.546592966715536
2025-10-27,0.0,Ilorin_East,27.76585477193197
2025-10-28,0.0,Ilorin_East,27.74666302998861
2025-10-29,0.0,Ilorin_East,27.20110346476241
2025-10-30,0.0,Ilorin_East,27.42610321044924
2025-10-31,0.0,Ilorin_East,27.530426915486657
2025-11-01,0.0,Ilorin_East,27.74147758483889
2025-11-02,0.0,Ilorin_East,27.596824900309286
2025-11-03,1.9309792518615723,Ilorin_East,27.254361089070642
2025-11-04,1.9309792518615723,Ilorin_East,27.569536463419638
2025-11-05,1.9309792518615723,Ilorin_East,27.58501777648928
2025-11-06,2.74436616897583,Ilorin_East,27.775926208496116
2025-11-07,0.0,Ilorin_East,27.084058380126976
2025-11-08,0.0,Ilorin_East,28.023198699951195
2025-11-09,0.0,Ilorin_East,28.44474881490072
2025-11-10,0.0,Ilorin_East,28.55758183797201
2025-11-11,0.0,Ilorin_East,28.280461247762048
2025-11-12,0.9007807970046997,Ilorin_East,28.139791107177757
2025-11-13,0.9007807970046997,Ilorin_East,28.298594411214196
2025-11-14,0.0,Ilorin_East,28.54690004984542
2025-11-15,0.0,Ilorin_East,28.76332562764486
2025-11-16,0.0,Ilorin_East,28.428503290812216
2025-11-17,0.0,Ilorin_East,28.412890370686853
2025-11-18,0.0,Ilorin_East,28.187283452351892
2025-11-19,0.0,Ilorin_East,28.861113484700525
2025-11-20,0.0,Ilorin_East,29.10772857666018
2025-11-21,0.008366341702640057,Ilorin_East,28.94401321411135
2025-11-22,0.033392321318387985,Ilorin_East,29.106349563598656
2025-11-23,0.03433965891599655,Ilorin_East,28.771003341674827
2025-11-24,4.91146511194529e-06,Ilorin_East,28.864618555704794
2025-11-25,0.0104511808604002,Ilorin_East,27.896541849772177
2025-11-26,0.0,Ilorin_East,29.01534805297854
2025-11-27,0.007264354266226292,Ilorin_East,29.428162511189782
2025-11-28,0.0,Ilorin_East,29.352319335937523
2025-11-29,0.00352391111664474,Ilorin_East,29.049244181315146
2025-11-30,0.03280618041753769,Ilorin_East,29.048130925496423
2025-12-01,0.0,Ilorin_East,29.0851875305176
2025-12-02,0.0,Ilorin_East,29.16144714355471
2025-12-03,0.0,Ilorin_East,29.8928212483724
2025-12-04,0.0,Ilorin_East,29.66025632222494
2025-12-05,0.0,Ilorin_East,29.090068435668968
2025-12-06,0.0,Ilorin_East,29.094084040323935
2025-12-07,0.0,Ilorin_East,29.187045669555687
2025-12-08,0.0,Ilorin_East,28.892694091796898
2025-12-09,0.0,Ilorin_East,28.828830337524437
2025-12-10,0.0,Ilorin_East,28.59846458435061
2025-12-11,0.0,Ilorin_East,28.565911865234398
2025-12-12,0.0,Ilorin_East,28.936132685343466
2025-12-13,0.0,Ilorin_East,29.02322158813479
2025-12-14,0.0,Ilorin_East,29.3948964436849
2025-12-15,0.0,Ilorin_East,29.333591079711937
2025-12-16,4.140964984893799,Ilorin_East,28.124283091227255
2025-12-17,0.0,Ilorin_East,27.90935351053878
2025-12-18,0.0,Ilorin_East,28.545257822672568
2025-12-19,0.0,Ilorin_East,29.274345016479515
2025-12-20,0.0,Ilorin_East,29.615200932820642
2025-12-21,4.154515743255615,Ilorin_East,29.150188700358115
2025-12-22,0.0,Ilorin_East,28.84688847859701
2025-12-23,0.0,Ilorin_East,28.994238154093466
2025-12-24,0.0,Ilorin_East,29.259510930379236
2025-12-25,0.0,Ilorin_East,29.635458882649743
2025-12-26,0.0,Ilorin_East,30.0541873931885
2025-12-27,0.0,Ilorin_East,29.729613876342796
2025-12-28,0.0,Ilorin_East,29.66899134318038
2025-12-29,0.0,Ilorin_East,29.543582534790062
2025-12-30,0.0,Ilorin_East,29.447113927205407
2025-12-31,0.0,Ilorin_East,29.892683919270837
2021-01-01,0.0,Ilorin_South,27.89405466715499
2021-01-02,0.0,Ilorin_South,28.344206746419275
2021-01-03,0.0,Ilorin_South,28.468466695149743
2021-01-04,2.193768262863159,Ilorin_South,29.17333819071456
2021-01-05,0.0,Ilorin_South,28.56958414713546
2021-01-06,2.3176462650299072,Ilorin_South,28.95464413960775
2021-01-07,0.0,Ilorin_South,28.761403656005882
2021-01-08,0.0,Ilorin_South,28.59743461608889
2021-01-09,0.0,Ilorin_South,27.99382870992025
2021-01-10,0.0,Ilorin_South,27.63875796000167
2021-01-11,0.0,Ilorin_South,27.978863652547204
2021-01-12,0.0,Ilorin_South,27.891236241658532
2021-01-13,0.0,Ilorin_South,27.518311436971032
2021-01-14,0.0,Ilorin_South,27.270959472656273
2021-01-15,0.0,Ilorin_South,27.264194742838583
2021-01-16,0.0,Ilorin_South,27.233128484090173
2021-01-17,0.0,Ilorin_South,27.45738245646163
2021-01-18,0.0,Ilorin_South,27.79048309326174
2021-01-19,0.0,Ilorin_South,27.738238271077478
2021-01-20,0.0,Ilorin_South,27.027322387695335
2021-01-21,0.0,Ilorin_South,27.055069859822595
2021-01-22,0.0,Ilorin_South,26.34532953898116
2021-01-23,0.0,Ilorin_South,26.732341384887718
2021-01-24,0.0,Ilorin_South,27.790240859985374
2021-01-25,0.0,Ilorin_South,27.005766169230185
2021-01-26,0.0,Ilorin_South,27.55544560750326
2021-01-27,0.0,Ilorin_South,27.658064142862997
2021-01-28,0.0,Ilorin_South,27.803565597534202
2021-01-29,0.0,Ilorin_South,28.470309829711937
2021-01-30,0.0,Ilorin_South,28.32916412353518
2021-01-31,0.0,Ilorin_South,27.832627868652366
2021-02-01,0.0,Ilorin_South,28.1127919514974
2021-02-02,0.0,Ilorin_South,28.535061772664392
2021-02-03,0.0,Ilorin_South,28.950060780843103
2021-02-04,0.0,Ilorin_South,29.073725001017294
2021-02-05,0.0,Ilorin_South,28.665928141276083
2021-02-06,0.0,Ilorin_South,29.014693832397484
2021-02-07,0.0,Ilorin_South,29.110312398274743
2021-02-08,0.0,Ilorin_South,29.034293746948265
2021-02-09,0.0,Ilorin_South,28.658281580607138
2021-02-10,0.0,Ilorin_South,29.27067591349288
2021-02-11,0.0,Ilorin_South,29.994225438435876
2021-02-12,0.0,Ilorin_South,29.768289184570335
2021-02-13,0.0,Ilorin_South,29.49441045125326
2021-02-14,0.0,Ilorin_South,29.83981285095217
2021-02-15,0.0,Ilorin_South,30.225043869018577
2021-02-16,0.0,Ilorin_South,30.16800778706869
2021-02-17,0.0,Ilorin_South,28.90313301086428
2021-02-18,0.0,Ilorin_South,26.889568583170615
2021-02-19,0.0,Ilorin_South,25.045418675740564
2021-02-20,0.0,Ilorin_South,25.608577982584677
2021-02-21,0.0,Ilorin_South,26.957278823852562
2021-02-22,0.0,Ilorin_South,27.369339879353845
2021-02-23,0.0,Ilorin_South,27.87455012003585
2021-02-24,0.0,Ilorin_South,29.168763097127282
2021-02-25,0.0,Ilorin_South,29.623049672444665
2021-02-26,0.0,Ilorin_South,29.79921684265139
2021-02-27,0.0,Ilorin_South,29.370594278971396
2021-02-28,0.0,Ilorin_South,29.804406738281273
2021-03-01,0.0,Ilorin_South,30.111187235514365
2021-03-02,0.0,Ilorin_South,29.93315213521322
2021-03-03,0.0,Ilorin_South,30.076708094279013
2021-03-04,0.0,Ilorin_South,29.93728408813479
2021-03-05,0.0,Ilorin_South,30.47994956970217
2021-03-06,0.0,Ilorin_South,30.930122629801474
2021-03-07,0.0,Ilorin_South,30.992067591349326
2021-03-08,0.0,Ilorin_South,30.92729975382491
2021-03-09,0.0,Ilorin_South,30.336925125122093
2021-03-10,6.075803279876709,Ilorin_South,29.91410153706869
2021-03-11,2.977320671081543,Ilorin_South,29.15376752217611
2021-03-12,5.954641342163086,Ilorin_South,28.88506215413412
2021-03-13,5.954641342163086,Ilorin_South,28.379703140258812
2021-03-14,2.977320671081543,Ilorin_South,28.94716351826986
2021-03-15,0.0,Ilorin_South,29.418504969279013
2021-03-16,6.591989517211914,Ilorin_South,28.840957895914755
2021-03-17,0.0,Ilorin_South,27.942390696207724
2021-03-18,13.183979034423828,Ilorin_South,27.67881800333663
2021-03-19,0.0,Ilorin_South,27.607474899292015
2021-03-20,6.591989517211914,Ilorin_South,27.796097056071005
2021-03-21,3.275683641433716,Ilorin_South,28.18846791585287
2021-03-22,0.0,Ilorin_South,28.744202550252282
2021-03-23,3.275683641433716,Ilorin_South,28.82125816345217
2021-03-24,3.275683641433716,Ilorin_South,28.433537419637048
2021-03-25,0.0,Ilorin_South,28.504174168904626
2021-03-26,0.0,Ilorin_South,29.65846977233889
2021-03-27,0.0,Ilorin_South,29.42474772135421
2021-03-28,0.0,Ilorin_South,29.342648442586267
2021-03-29,0.0,Ilorin_South,29.539850489298544
2021-03-30,0.0,Ilorin_South,30.10788497924807
2021-03-31,0.0,Ilorin_South,30.213335291544638
2021-04-01,0.0,Ilorin_South,30.4549550374349
2021-04-02,0.0,Ilorin_South,30.347261047363304
2021-04-03,0.0,Ilorin_South,30.584809239705407
2021-04-04,0.0,Ilorin_South,30.75430831909182
2021-04-05,0.0,Ilorin_South,30.774627939860068
2021-04-06,3.629424571990967,Ilorin_South,30.995687103271507
2021-04-07,0.0,Ilorin_South,31.19321212768557
2021-04-08,7.258849143981934,Ilorin_South,31.425487136840843
2021-04-09,10.888274192810059,Ilorin_South,29.884751892089866
2021-04-10,7.258849143981934,Ilorin_South,30.574003473917685
2021-04-11,10.692296981811523,Ilorin_South,29.41362597147628
2021-04-12,0.0,Ilorin_South,30.286332066853845
2021-04-13,10.692296981811523,Ilorin_South,29.485535558064782
2021-04-14,5.346148490905762,Ilorin_South,30.142736689249716
2021-04-15,10.692296981811523,Ilorin_South,29.809530512491904
2021-04-16,4.3324785232543945,Ilorin_South,29.529031372070335
2021-04-17,0.0,Ilorin_South,28.69851137797042
2021-04-18,8.664957046508789,Ilorin_South,29.644623692830407
2021-04-19,0.0,Ilorin_South,29.96448987325033
2021-04-20,0.0,Ilorin_South,29.817215220133505
2021-04-21,2.3223423957824707,Ilorin_South,30.076470947265648
2021-04-22,9.289369583129883,Ilorin_South,29.035899098714196
2021-04-23,2.3223423957824707,Ilorin_South,29.84458249409994
2021-04-24,4.644684791564941,Ilorin_South,29.318421300252282
2021-04-25,4.644684791564941,Ilorin_South,29.366513824462913
2021-04-26,2.3853206634521484,Ilorin_South,30.14476102193197
2021-04-27,2.3853206634521484,Ilorin_South,29.916658020019554
2021-04-28,4.770641326904297,Ilorin_South,29.27993736267092
2021-04-29,0.0,Ilorin_South,29.858757909139
2021-04-30,0.0,Ilorin_South,29.712742106119833
2021-05-01,0.0,Ilorin_South,30.27649332682296
2021-05-02,0.0,Ilorin_South,30.277906672159872
2021-05-03,0.0,Ilorin_South,28.465142822265648
2021-05-04,17.700536727905273,Ilorin_South,28.802410380045615
2021-05-05,0.0,Ilorin_South,29.149958546956384
2021-05-06,11.234862327575684,Ilorin_South,28.99053535461428
2021-05-07,16.852293014526367,Ilorin_South,27.586321131388388
2021-05-08,0.0,Ilorin_South,28.16765619913741
2021-05-09,11.234862327575684,Ilorin_South,26.77481867472335
2021-05-10,0.0,Ilorin_South,27.339369074503622
2021-05-11,0.0,Ilorin_South,28.938718414306663
2021-05-12,0.0,Ilorin_South,28.779794947306357
2021-05-13,0.0,Ilorin_South,28.349130884806357
2021-05-14,0.0,Ilorin_South,29.04275792439779
2021-05-15,10.25300407409668,Ilorin_South,28.83089154561361
2021-05-16,0.0,Ilorin_South,29.01666666666671
2021-05-17,8.630226135253906,Ilorin_South,28.663826243082724
2021-05-18,8.630226135253906,Ilorin_South,28.536601638793968
2021-05-19,8.630226135253906,Ilorin_South,29.241083399454794
2021-05-20,4.315113067626953,Ilorin_South,28.094368235270224
2021-05-21,0.0,Ilorin_South,28.736933644612634
2021-05-22,12.991744041442871,Ilorin_South,27.238373057047568
2021-05-23,0.0,Ilorin_South,28.494071578979515
2021-05-24,0.0,Ilorin_South,29.315514500935876
2021-05-25,0.0,Ilorin_South,29.122383371988974
2021-05-26,0.0,Ilorin_South,29.24624150594076
2021-05-27,0.0,Ilorin_South,29.08328781127932
2021-05-28,5.413436412811279,Ilorin_South,29.162327067057333
2021-05-29,5.413436412811279,Ilorin_South,28.813057200113974
2021-05-30,10.826872825622559,Ilorin_South,28.714811579386435
2021-05-31,5.413436412811279,Ilorin_South,29.14159228007003
2021-06-01,20.944347381591797,Ilorin_South,28.491077677408896
2021-06-02,0.0,Ilorin_South,28.843571599324548
2021-06-03,0.0,Ilorin_South,29.51703478495284
2021-06-04,20.944347381591797,Ilorin_South,27.188872273763025
2021-06-05,6.981448650360107,Ilorin_South,26.67979520161947
2021-06-06,0.0,Ilorin_South,27.41387011210128
2021-06-07,0.0,Ilorin_South,28.15603853861495
2021-06-08,19.7415771484375,Ilorin_South,28.64762649536135
2021-06-09,0.0,Ilorin_South,27.28247985839846
2021-06-10,0.0,Ilorin_South,28.272158559163415
2021-06-11,0.0,Ilorin_South,27.741901016235374
2021-06-12,6.942427158355713,Ilorin_South,28.19220886230471
2021-06-13,0.0,Ilorin_South,28.133410390218103
2021-06-14,0.0,Ilorin_South,28.02800585428878
2021-06-15,13.884854316711426,Ilorin_South,27.481628036499046
2021-06-16,2.848525047302246,Ilorin_South,26.367365137736044
2021-06-17,0.0,Ilorin_South,26.845814641316736
2021-06-18,0.0,Ilorin_South,27.55588811238607
2021-06-19,2.848525047302246,Ilorin_South,27.240705744425497
2021-06-20,14.242623329162598,Ilorin_South,24.558189646403036
2021-06-21,6.820858478546143,Ilorin_South,25.41242116292318
2021-06-22,20.46257781982422,Ilorin_South,25.266142781575525
2021-06-23,6.820858478546143,Ilorin_South,25.234725570678734
2021-06-24,0.0,Ilorin_South,26.397353108723962
2021-06-25,0.0,Ilorin_South,26.762136077880882
2021-06-26,11.111103057861328,Ilorin_South,24.978803888956747
2021-06-27,0.0,Ilorin_South,26.392713801066122
2021-06-28,7.4074015617370605,Ilorin_South,26.448117828369163
2021-06-29,0.0,Ilorin_South,25.796291605631552
2021-06-30,7.4074015617370605,Ilorin_South,26.17315508524581
2021-07-01,3.800917863845825,Ilorin_South,25.736622746785486
2021-07-02,0.0,Ilorin_South,26.320378239949548
2021-07-03,7.60183572769165,Ilorin_South,25.542329406738304
2021-07-04,0.0,Ilorin_South,25.586209233601892
2021-07-05,0.0,Ilorin_South,26.807259496053064
2021-07-06,5.366999626159668,Ilorin_South,26.222582753499353
2021-07-07,0.0,Ilorin_South,25.771192169189476
2021-07-08,5.366999626159668,Ilorin_South,26.379582977294945
2021-07-09,0.0,Ilorin_South,24.989709472656273
2021-07-10,0.0,Ilorin_South,25.563843027750693
2021-07-11,6.888312816619873,Ilorin_South,25.615202840169275
2021-07-12,13.776625633239746,Ilorin_South,25.27606035868331
2021-07-13,0.0,Ilorin_South,26.282657241821312
2021-07-14,0.0,Ilorin_South,26.306148783365927
2021-07-15,0.0,Ilorin_South,26.11748402913412
2021-07-16,0.0,Ilorin_South,24.55939318339034
2021-07-17,0.0,Ilorin_South,25.316722488403343
2021-07-18,0.0,Ilorin_South,25.97036705017092
2021-07-19,0.0,Ilorin_South,25.430926895141624
2021-07-20,0.0,Ilorin_South,25.579904810587607
2021-07-21,0.0,Ilorin_South,25.99060719807943
2021-07-22,0.0,Ilorin_South,26.252557373046898
2021-07-23,0.0,Ilorin_South,26.58398844401046
2021-07-24,0.0,Ilorin_South,26.009434000651083
2021-07-25,0.0,Ilorin_South,26.18163642883303
2021-07-26,0.0,Ilorin_South,23.78830235799154
2021-07-27,0.0,Ilorin_South,24.197175598144554
2021-07-28,0.0,Ilorin_South,25.729758199055993
2021-07-29,0.0,Ilorin_South,26.598179753621423
2021-07-30,0.0,Ilorin_South,25.312484359741234
2021-07-31,4.634169101715088,Ilorin_South,25.851857757568382
2021-08-01,0.0,Ilorin_South,26.594714101155603
2021-08-02,8.860276222229004,Ilorin_South,25.78604405721029
2021-08-03,0.0,Ilorin_South,25.845599746704124
2021-08-04,8.860276222229004,Ilorin_South,25.43012962341311
2021-08-05,0.0,Ilorin_South,24.499721781412802
2021-08-06,0.0,Ilorin_South,25.911278661092126
2021-08-07,25.77237319946289,Ilorin_South,24.206735865275107
2021-08-08,8.590790748596191,Ilorin_South,23.134046808878622
2021-08-09,0.0,Ilorin_South,24.0945818583171
2021-08-10,0.0,Ilorin_South,24.634297943115257
2021-08-11,23.165189743041992,Ilorin_South,23.921700414021814
2021-08-12,0.0,Ilorin_South,24.387410736084007
2021-08-13,11.582594871520996,Ilorin_South,23.743148422241234
2021-08-14,0.0,Ilorin_South,24.460422770182333
2021-08-15,0.0,Ilorin_South,24.79823710123702
2021-08-16,12.326112747192383,Ilorin_South,23.450046157836937
2021-08-17,12.326112747192383,Ilorin_South,24.210558827718103
2021-08-18,0.0,Ilorin_South,23.21590385437014
2021-08-19,0.0,Ilorin_South,22.90067825317385
2021-08-20,36.97834014892578,Ilorin_South,24.565450922648154
2021-08-21,0.0,Ilorin_South,24.08346837361654
2021-08-22,0.0,Ilorin_South,24.68813285827639
2021-08-23,19.74785041809082,Ilorin_South,24.53446985880538
2021-08-24,39.49570083618164,Ilorin_South,24.39291343688967
2021-08-25,19.74785041809082,Ilorin_South,24.803166961669945
2021-08-26,24.020587921142578,Ilorin_South,23.407593027750693
2021-08-27,16.01372528076172,Ilorin_South,23.311838404337607
2021-08-28,0.0,Ilorin_South,25.046997324625693
2021-08-29,24.020587921142578,Ilorin_South,25.015834426879906
2021-08-30,16.01372528076172,Ilorin_South,23.57285588582357
2021-08-31,0.0,Ilorin_South,25.673669433593773
2021-09-01,35.5455322265625,Ilorin_South,25.48129234313967
2021-09-02,11.8485107421875,Ilorin_South,23.537905629475915
2021-09-03,23.697021484375,Ilorin_South,24.58128954569503
2021-09-04,0.0,Ilorin_South,24.492456054687523
2021-09-05,0.0,Ilorin_South,25.206709798177087
2021-09-06,0.0,Ilorin_South,24.305321629842126
2021-09-07,12.111764907836914,Ilorin_South,25.557583745320642
2021-09-08,12.111764907836914,Ilorin_South,24.941263453165732
2021-09-09,36.33529281616211,Ilorin_South,25.970018641154013
2021-09-10,36.33529281616211,Ilorin_South,25.459135945638025
2021-09-11,7.370386123657227,Ilorin_South,24.82049967447921
2021-09-12,14.740772247314453,Ilorin_South,26.618419265747093
2021-09-13,22.11115837097168,Ilorin_South,24.936245854695642
2021-09-14,14.740772247314453,Ilorin_South,24.33842811584475
2021-09-15,7.370386123657227,Ilorin_South,24.98230578104659
2021-09-16,6.8519744873046875,Ilorin_South,24.95997581481936
2021-09-17,6.8519744873046875,Ilorin_South,24.953998184204124
2021-09-18,13.703948974609375,Ilorin_South,25.41097793579104
2021-09-19,6.8519744873046875,Ilorin_South,25.635020828247093
2021-09-20,13.703948974609375,Ilorin_South,25.976207351684593
2021-09-21,22.5811710357666,Ilorin_South,25.23268089294436
2021-09-22,11.2905855178833,Ilorin_South,23.648936208089196
2021-09-23,0.0,Ilorin_South,24.79416173299154
2021-09-24,3.763528347015381,Ilorin_South,25.765500640869163
2021-09-25,3.763528347015381,Ilorin_South,25.024510320027673
2021-09-26,0.0,Ilorin_South,25.513693110148154
2021-09-27,0.0,Ilorin_South,25.314537302653036
2021-09-28,3.920266628265381,Ilorin_South,25.707084274292015
2021-09-29,11.760799407958984,Ilorin_South,25.21195755004885
2021-09-30,7.840533256530762,Ilorin_South,24.582370376586937
2021-10-01,0.0,Ilorin_South,25.32186660766604
2021-10-02,14.458589553833008,Ilorin_South,26.530047988891624
2021-10-03,0.0,Ilorin_South,25.828525797526083
2021-10-04,0.0,Ilorin_South,26.250410334269247
2021-10-05,28.917179107666016,Ilorin_South,26.866874313354515
2021-10-06,10.926774978637695,Ilorin_South,25.56937179565432
2021-10-07,10.926774978637695,Ilorin_South,25.8898915608724
2021-10-08,5.463387489318848,Ilorin_South,26.72174669901534
2021-10-09,16.39016342163086,Ilorin_South,26.596925989786826
2021-10-10,10.926774978637695,Ilorin_South,26.582479095459007
2021-10-11,0.0,Ilorin_South,27.133131281534872
2021-10-12,0.0,Ilorin_South,27.70705947875979
2021-10-13,10.781522750854492,Ilorin_South,27.304661051432333
2021-10-14,0.0,Ilorin_South,26.845573043823265
2021-10-15,5.390761375427246,Ilorin_South,26.982548650105798
2021-10-16,0.0,Ilorin_South,26.951683934529626
2021-10-17,14.149898529052734,Ilorin_South,26.704629516601585
2021-10-18,3.5374746322631836,Ilorin_South,25.888202285766624
2021-10-19,7.074949264526367,Ilorin_South,26.785536702473962
2021-10-20,10.61242389678955,Ilorin_South,25.558699544270837
2021-10-21,0.0,Ilorin_South,26.03213017781576
2021-10-22,12.158408164978027,Ilorin_South,25.519213612874353
2021-10-23,12.158408164978027,Ilorin_South,23.756536102294945
2021-10-24,0.0,Ilorin_South,25.87638880411788
2021-10-25,0.0,Ilorin_South,27.210207239786826
2021-10-26,0.0,Ilorin_South,26.46381212870284
2021-10-27,7.194653034210205,Ilorin_South,26.380080159505212
2021-10-28,0.0,Ilorin_South,26.416153208414755
2021-10-29,0.0,Ilorin_South,27.400607681274437
2021-10-30,0.0,Ilorin_South,27.021955744425497
2021-10-31,10.79197883605957,Ilorin_South,27.19340540568038
2021-11-01,2.8337621688842773,Ilorin_South,27.1336659749349
2021-11-02,5.667524337768555,Ilorin_South,26.78381754557296
2021-11-03,0.0,Ilorin_South,27.325636164347372
2021-11-04,5.667524337768555,Ilorin_South,27.573327636718773
2021-11-05,2.8337621688842773,Ilorin_South,27.225935236612997
2021-11-06,0.0,Ilorin_South,27.464541371663415
2021-11-07,0.0,Ilorin_South,27.726347859700525
2021-11-08,0.0,Ilorin_South,27.639624532063806
2021-11-09,0.0,Ilorin_South,27.74627265930178
2021-11-10,3.4412076473236084,Ilorin_South,27.058463668823265
2021-11-11,1.3088566064834595,Ilorin_South,27.75603319803878
2021-11-12,0.6544283032417297,Ilorin_South,27.599586105346702
2021-11-13,0.0,Ilorin_South,27.460322316487634
2021-11-14,0.6544283032417297,Ilorin_South,27.662257766723656
2021-11-15,0.0,Ilorin_South,27.938993708292685
2021-11-16,0.0,Ilorin_South,27.732251739501976
2021-11-17,0.11868631094694138,Ilorin_South,28.160285568237327
2021-11-18,0.0,Ilorin_South,28.419098790486657
2021-11-19,0.0,Ilorin_South,28.68887863159182
2021-11-20,0.0,Ilorin_South,28.257489140828454
2021-11-21,0.0,Ilorin_South,27.741579945882165
2021-11-22,0.0,Ilorin_South,27.97829144795736
2021-11-23,0.0,Ilorin_South,28.26359647115072
2021-11-24,0.0,Ilorin_South,28.550459798177087
2021-11-25,0.0,Ilorin_South,28.784317906697595
2021-11-26,0.0,Ilorin_South,28.686565653483115
2021-11-27,0.0,Ilorin_South,28.09802080790206
2021-11-28,0.0,Ilorin_South,28.425895309448265
2021-11-29,0.0,Ilorin_South,28.025299962361657
2021-11-30,0.0,Ilorin_South,28.278750991821312
2021-12-01,0.0,Ilorin_South,27.776632563273154
2021-12-02,0.0,Ilorin_South,28.0388008117676
2021-12-03,0.0,Ilorin_South,28.01696357727053
2021-12-04,0.0,Ilorin_South,28.14835128784182
2021-12-05,0.0,Ilorin_South,29.21925315856936
2021-12-06,0.0,Ilorin_South,29.490966415405296
2021-12-07,0.0,Ilorin_South,28.398274993896507
2021-12-08,0.0,Ilorin_South,27.681680297851585
2021-12-09,0.0,Ilorin_South,27.18769543965658
2021-12-10,0.0,Ilorin_South,27.779716110229515
2021-12-11,0.0,Ilorin_South,27.321874872843466
2021-12-12,0.0,Ilorin_South,27.57893333435061
2021-12-13,0.0,Ilorin_South,27.80616467793783
2021-12-14,0.0,Ilorin_South,28.11517740885421
2021-12-15,0.0,Ilorin_South,27.75956815083822
2021-12-16,3.015895128250122,Ilorin_South,26.704597091674827
2021-12-17,0.0,Ilorin_South,26.815644836425804
2021-12-18,0.0,Ilorin_South,25.45670089721682
2021-12-19,0.0,Ilorin_South,25.368422444661462
2021-12-20,0.0,Ilorin_South,25.576092020670615
2021-12-21,0.0,Ilorin_South,26.266084289550804
2021-12-22,0.0,Ilorin_South,27.177713648478232
2021-12-23,0.0,Ilorin_South,28.30290247599288
2021-12-24,0.0,Ilorin_South,28.834958648681663
2021-12-25,0.0,Ilorin_South,27.698598480224632
2021-12-26,0.0,Ilorin_South,28.10241279602053
2021-12-27,0.0,Ilorin_South,27.552018102010095
2021-12-28,2.1222245693206787,Ilorin_South,27.46963717142745
2021-12-29,0.0,Ilorin_South,27.50835444132491
2021-12-30,0.0,Ilorin_South,27.17705561319991
2021-12-31,0.0,Ilorin_South,27.544556554158532
2022-01-01,0.0,Ilorin_South,27.247338231404626
2022-01-02,0.0,Ilorin_South,27.087230300903343
2022-01-03,0.0,Ilorin_South,26.573197301228845
2022-01-04,0.0,Ilorin_South,27.172074254353845
2022-01-05,0.0,Ilorin_South,27.220385487874353
2022-01-06,0.0,Ilorin_South,28.19355417887374
2022-01-07,0.0,Ilorin_South,28.54940312703451
2022-01-08,0.0,Ilorin_South,28.463548278808616
2022-01-09,0.0,Ilorin_South,28.214090601603232
2022-01-10,0.0,Ilorin_South,28.15987103780111
2022-01-11,0.0,Ilorin_South,27.67450612386068
2022-01-12,0.0,Ilorin_South,28.390796915690146
2022-01-13,0.0,Ilorin_South,28.5124336242676
2022-01-14,0.0,Ilorin_South,28.42627868652346
2022-01-15,0.0,Ilorin_South,28.038005447387718
2022-01-16,0.0,Ilorin_South,27.822403844197595
2022-01-17,0.0,Ilorin_South,26.64527537027999
2022-01-18,0.0,Ilorin_South,25.66117375691732
2022-01-19,0.0,Ilorin_South,25.743310546875023
2022-01-20,0.0,Ilorin_South,26.024465179443382
2022-01-21,0.0,Ilorin_South,26.16938171386721
2022-01-22,0.0,Ilorin_South,26.570367431640648
2022-01-23,0.0,Ilorin_South,26.855578358968103
2022-01-24,0.0,Ilorin_South,26.740696207682333
2022-01-25,0.0,Ilorin_South,26.29071642557784
2022-01-26,0.0,Ilorin_South,26.22204170227053
2022-01-27,0.0,Ilorin_South,26.648355102539085
2022-01-28,0.0,Ilorin_South,26.88750546773275
2022-01-29,0.0,Ilorin_South,26.314474360148154
2022-01-30,0.0,Ilorin_South,25.220050430297874
2022-01-31,0.0,Ilorin_South,25.11187578837081
2022-02-01,0.0,Ilorin_South,25.57142791748049
2022-02-02,0.0,Ilorin_South,26.321023559570335
2022-02-03,0.0,Ilorin_South,26.24242299397787
2022-02-04,0.0,Ilorin_South,26.658518727620446
2022-02-05,0.0,Ilorin_South,26.825589116414392
2022-02-06,0.0,Ilorin_South,27.270342763264978
2022-02-07,0.0,Ilorin_South,27.5029286702474
2022-02-08,0.0,Ilorin_South,27.863400395711267
2022-02-09,0.0,Ilorin_South,28.053597386678064
2022-02-10,0.0,Ilorin_South,28.455454762776696
2022-02-11,0.0,Ilorin_South,28.494069035847986
2022-02-12,0.0,Ilorin_South,27.96550839742025
2022-02-13,0.0,Ilorin_South,28.845537439982138
2022-02-14,0.0,Ilorin_South,29.490845616658532
2022-02-15,0.0,Ilorin_South,28.733159637451195
2022-02-16,0.0,Ilorin_South,29.115256245930993
2022-02-17,0.0,Ilorin_South,29.346588389078818
2022-02-18,0.0,Ilorin_South,30.103730138142907
2022-02-19,0.0,Ilorin_South,29.697494125366234
2022-02-20,0.0,Ilorin_South,29.09829991658529
2022-02-21,0.0,Ilorin_South,28.612495676676474
2022-02-22,0.0,Ilorin_South,29.020181910196982
2022-02-23,0.0,Ilorin_South,29.24559682210287
2022-02-24,0.0,Ilorin_South,29.576341247558616
2022-02-25,0.0,Ilorin_South,29.58377291361495
2022-02-26,0.0,Ilorin_South,29.724970753987634
2022-02-27,0.0,Ilorin_South,29.751079813639365
2022-02-28,0.0,Ilorin_South,30.260258611043298
2022-03-01,0.0,Ilorin_South,30.62984428405764
2022-03-02,3.347947597503662,Ilorin_South,30.320884958903036
2022-03-03,3.347947597503662,Ilorin_South,30.347826894124353
2022-03-04,3.347947597503662,Ilorin_South,28.86248613993331
2022-03-05,5.021921157836914,Ilorin_South,28.85973192850753
2022-03-06,1.0227161645889282,Ilorin_South,29.55923678080245
2022-03-07,0.0,Ilorin_South,29.63763326009115
2022-03-08,0.0,Ilorin_South,30.840533828735374
2022-03-09,0.0,Ilorin_South,31.304433441162132
2022-03-10,0.0,Ilorin_South,31.10066630045577
2022-03-11,6.323136329650879,Ilorin_South,30.40768203735354
2022-03-12,3.1615681648254395,Ilorin_South,30.231249109904013
2022-03-13,0.0,Ilorin_South,29.48316663106283
2022-03-14,0.0,Ilorin_South,30.398909505208337
2022-03-15,0.0,Ilorin_South,30.37676900227865
2022-03-16,0.0,Ilorin_South,30.361081695556663
2022-03-17,0.0,Ilorin_South,31.02178090413412
2022-03-18,0.0,Ilorin_South,30.894562021891318
2022-03-19,0.0,Ilorin_South,30.738233820597372
2022-03-20,1.8869701623916626,Ilorin_South,30.73111178080245
2022-03-21,1.9655336141586304,Ilorin_South,30.88840255737307
2022-03-22,0.9827668070793152,Ilorin_South,30.62204513549807
2022-03-23,1.9655336141586304,Ilorin_South,30.289256032307946
2022-03-24,0.9827668070793152,Ilorin_South,30.316955184936546
2022-03-25,0.0,Ilorin_South,31.24821243286135
2022-03-26,0.0,Ilorin_South,31.30080947875979
2022-03-27,0.0,Ilorin_South,31.11854260762533
2022-03-28,0.0,Ilorin_South,31.023686345418298
2022-03-29,0.0,Ilorin_South,30.88374290466311
2022-03-30,0.0,Ilorin_South,30.805343246459984
2022-03-31,0.0,Ilorin_South,30.575066502889
2022-04-01,5.663166046142578,Ilorin_South,30.728537495930993
2022-04-02,0.0,Ilorin_South,29.73800938924154
2022-04-03,0.0,Ilorin_South,30.37642885843917
2022-04-04,2.831583023071289,Ilorin_South,29.62079772949221
2022-04-05,8.494749069213867,Ilorin_South,30.306071853637718
2022-04-06,2.5472562313079834,Ilorin_South,30.769161478678427
2022-04-07,0.0,Ilorin_South,29.933095550537132
2022-04-08,7.641768455505371,Ilorin_South,29.975598907470726
2022-04-09,7.641768455505371,Ilorin_South,29.660736338297568
2022-04-10,0.0,Ilorin_South,30.121173477172874
2022-04-11,0.0,Ilorin_South,29.83029454549154
2022-04-12,4.744208812713623,Ilorin_South,28.625586446126306
2022-04-13,0.0,Ilorin_South,27.770711517334007
2022-04-14,0.0,Ilorin_South,28.62602831522628
2022-04-15,14.232625961303711,Ilorin_South,27.686428324381552
2022-04-16,0.0,Ilorin_South,28.22212689717611
2022-04-17,14.783149719238281,Ilorin_South,27.676879501342796
2022-04-18,11.087362289428711,Ilorin_South,25.448262786865257
2022-04-19,3.6957874298095703,Ilorin_South,27.8393544514974
2022-04-20,7.391574859619141,Ilorin_South,28.337531661987327
2022-04-21,9.520435333251953,Ilorin_South,26.85737253824874
2022-04-22,0.0,Ilorin_South,28.601694997151696
2022-04-23,0.0,Ilorin_South,29.178819910685263
2022-04-24,15.867392539978027,Ilorin_South,28.667552566528343
2022-04-25,0.0,Ilorin_South,28.7559588114421
2022-04-26,0.0,Ilorin_South,28.533125813802087
2022-04-27,7.99938440322876,Ilorin_South,28.110810852050804
2022-04-28,0.0,Ilorin_South,28.393947219848656
2022-04-29,3.99969220161438,Ilorin_South,28.067295328776083
2022-04-30,0.0,Ilorin_South,28.406645075480185
2022-05-01,0.0,Ilorin_South,28.836719767252646
2022-05-02,14.71351432800293,Ilorin_South,28.591966883341513
2022-05-03,0.0,Ilorin_South,28.611343638102255
2022-05-04,7.356757164001465,Ilorin_South,28.609138107299827
2022-05-05,0.0,Ilorin_South,28.666461563110374
2022-05-06,7.29336404800415,Ilorin_South,27.342336273193382
2022-05-07,0.0,Ilorin_South,28.630601501464866
2022-05-08,0.0,Ilorin_South,29.639033253987634
2022-05-09,7.29336404800415,Ilorin_South,27.96514790852865
2022-05-10,2.431121349334717,Ilorin_South,27.74778836568197
2022-05-11,0.0,Ilorin_South,28.869985198974632
2022-05-12,0.0,Ilorin_South,29.082067743937216
2022-05-13,22.40578842163086,Ilorin_South,28.43970324198409
2022-05-14,0.0,Ilorin_South,28.408701197306357
2022-05-15,0.0,Ilorin_South,28.400488154093466
2022-05-16,0.0,Ilorin_South,28.44276898701986
2022-05-17,0.0,Ilorin_South,28.881150817871116
2022-05-18,0.0,Ilorin_South,28.771074549357138
2022-05-19,3.9190022945404053,Ilorin_South,27.274580256144247
2022-05-20,7.8380045890808105,Ilorin_South,27.205897903442406
2022-05-21,21.09132194519043,Ilorin_South,26.13796195983889
2022-05-22,10.545660972595215,Ilorin_South,26.921540832519554
2022-05-23,0.0,Ilorin_South,25.957938766479515
2022-05-24,0.0,Ilorin_South,26.631991958618187
2022-05-25,0.0,Ilorin_South,27.00721384684249
2022-05-26,0.0,Ilorin_South,26.78763033548995
2022-05-27,0.0,Ilorin_South,27.103356933593773
2022-05-28,0.0,Ilorin_South,27.91692250569662
2022-05-29,0.0,Ilorin_South,27.781337356567406
2022-05-30,0.0,Ilorin_South,27.69393692016604
2022-05-31,12.312234878540039,Ilorin_South,27.202598826090536
2022-06-01,4.62087869644165,Ilorin_South,27.98904190063479
2022-06-02,0.0,Ilorin_South,28.566945012410486
2022-06-03,0.0,Ilorin_South,28.340884780883812
2022-06-04,0.0,Ilorin_South,27.970984395345056
2022-06-05,9.2417573928833,Ilorin_South,26.77685699462893
2022-06-06,0.0,Ilorin_South,26.795881525675497
2022-06-07,0.0,Ilorin_South,27.647652562459314
2022-06-08,0.0,Ilorin_South,28.297379430135095
2022-06-09,0.0,Ilorin_South,27.186982091267907
2022-06-10,19.369691848754883,Ilorin_South,26.476277923584007
2022-06-11,16.747282028198242,Ilorin_South,23.283518727620446
2022-06-12,3.349456310272217,Ilorin_South,26.11750500996908
2022-06-13,3.349456310272217,Ilorin_South,26.8283515930176
2022-06-14,6.698912620544434,Ilorin_South,24.771750386555993
2022-06-15,0.0,Ilorin_South,25.018612162272177
2022-06-16,6.869688034057617,Ilorin_South,24.375444666544638
2022-06-17,8.526594161987305,Ilorin_South,24.94831809997561
2022-06-18,2.9975810050964355,Ilorin_South,25.21229260762533
2022-06-19,1.4193633794784546,Ilorin_South,25.449587758382165
2022-06-20,2.566646099090576,Ilorin_South,26.17481956481936
2022-06-21,30.710399627685547,Ilorin_South,25.514486567179404
2022-06-22,0.0,Ilorin_South,24.40338732401534
2022-06-23,0.0,Ilorin_South,25.383152898152673
2022-06-24,20.473600387573242,Ilorin_South,25.62401606241866
2022-06-25,0.0,Ilorin_South,25.430191294352255
2022-06-26,7.502631664276123,Ilorin_South,25.204899724324548
2022-06-27,7.502631664276123,Ilorin_South,25.146951293945335
2022-06-28,0.0,Ilorin_South,25.765098826090536
2022-06-29,7.502631664276123,Ilorin_South,25.38245544433596
2022-06-30,3.7513158321380615,Ilorin_South,23.53980662027999
2022-07-01,7.655842304229736,Ilorin_South,23.86876513163253
2022-07-02,7.655842304229736,Ilorin_South,24.911836242675804
2022-07-03,0.0,Ilorin_South,26.04426727294924
2022-07-04,7.655842304229736,Ilorin_South,25.130745188395224
2022-07-05,7.655842304229736,Ilorin_South,24.122929509480798
2022-07-06,0.0,Ilorin_South,25.79706408182784
2022-07-07,2.4974679946899414,Ilorin_South,26.103141403198265
2022-07-08,2.4974679946899414,Ilorin_South,25.466860707600915
2022-07-09,0.0,Ilorin_South,25.303477859497093
2022-07-10,0.0,Ilorin_South,25.597188568115257
2022-07-11,0.0,Ilorin_South,25.301590220133505
2022-07-12,0.0,Ilorin_South,25.689678446451865
2022-07-13,11.590598106384277,Ilorin_South,24.510989761352562
2022-07-14,0.0,Ilorin_South,25.227528508504236
2022-07-15,0.0,Ilorin_South,25.594811375935876
2022-07-16,0.0,Ilorin_South,24.719068145751976
2022-07-17,0.0,Ilorin_South,25.32103055318197
2022-07-18,0.0,Ilorin_South,25.829490915934286
2022-07-19,0.0,Ilorin_South,25.558548863728845
2022-07-20,0.0,Ilorin_South,25.08932456970217
2022-07-21,0.0,Ilorin_South,25.090280787150107
2022-07-22,10.368766784667969,Ilorin_South,23.336219406127952
2022-07-23,5.184383392333984,Ilorin_South,23.418948745727562
2022-07-24,5.184383392333984,Ilorin_South,25.0031620025635
2022-07-25,0.0,Ilorin_South,24.93732604980471
2022-07-26,8.30525016784668,Ilorin_South,24.654360071818076
2022-07-27,8.30525016784668,Ilorin_South,24.735828653971396
2022-07-28,16.61050033569336,Ilorin_South,24.562429046630882
2022-07-29,0.0,Ilorin_South,24.696714019775413
2022-07-30,16.61050033569336,Ilorin_South,23.5578386942546
2022-07-31,0.0,Ilorin_South,23.750233586629236
2022-08-01,0.0,Ilorin_South,23.58021697998049
2022-08-02,0.0,Ilorin_South,23.80752525329592
2022-08-03,0.0,Ilorin_South,24.288202540079794
2022-08-04,0.0,Ilorin_South,24.457013066609704
2022-08-05,0.0,Ilorin_South,24.993110911051474
2022-08-06,0.0,Ilorin_South,25.211990610758505
2022-08-07,4.119563102722168,Ilorin_South,25.489692306518577
2022-08-08,4.119563102722168,Ilorin_South,25.381376520792685
2022-08-09,0.0,Ilorin_South,25.443943913777673
2022-08-10,0.0,Ilorin_South,25.669813410441122
2022-08-11,16.217405319213867,Ilorin_South,24.38368695576986
2022-08-12,0.0,Ilorin_South,22.69883244832357
2022-08-13,0.0,Ilorin_South,24.551706568400107
2022-08-14,32.434810638427734,Ilorin_South,22.14598172505697
2022-08-15,0.0,Ilorin_South,22.442682520548544
2022-08-16,0.0,Ilorin_South,24.088460540771507
2022-08-17,0.0,Ilorin_South,24.667225774129236
2022-08-18,14.516142845153809,Ilorin_South,25.48592592875167
2022-08-19,21.774211883544922,Ilorin_South,23.044215774536156
2022-08-20,0.0,Ilorin_South,24.296272532145224
2022-08-21,0.0,Ilorin_South,25.12479489644369
2022-08-22,41.27159881591797,Ilorin_South,24.353272374471032
2022-08-23,0.0,Ilorin_South,23.232755915323935
2022-08-24,0.0,Ilorin_South,23.93776346842452
2022-08-25,0.0,Ilorin_South,24.65686632792159
2022-08-26,37.28004837036133,Ilorin_South,23.299136734008812
2022-08-27,12.426682472229004,Ilorin_South,22.94215863545736
2022-08-28,0.0,Ilorin_South,23.9274892171224
2022-08-29,0.0,Ilorin_South,23.787011082967126
2022-08-30,0.0,Ilorin_South,22.547907765706384
2022-08-31,24.853364944458008,Ilorin_South,23.624049758911156
2022-09-01,0.0,Ilorin_South,23.753821945190452
2022-09-02,16.187990188598633,Ilorin_South,23.192849731445335
2022-09-03,0.0,Ilorin_South,23.748184458414755
2022-09-04,0.0,Ilorin_South,24.450871404012048
2022-09-05,16.187990188598633,Ilorin_South,25.06571222941085
2022-09-06,0.0,Ilorin_South,25.059742863972986
2022-09-07,16.118270874023438,Ilorin_South,24.17243601481124
2022-09-08,0.0,Ilorin_South,24.23807805379232
2022-09-09,0.0,Ilorin_South,24.693957901001
2022-09-10,0.0,Ilorin_South,24.385227457682333
2022-09-11,10.141200065612793,Ilorin_South,23.33124440511068
2022-09-12,15.211800575256348,Ilorin_South,22.69266026814779
2022-09-13,0.0,Ilorin_South,24.06780586242678
2022-09-14,0.0,Ilorin_South,24.847767766316736
2022-09-15,15.211800575256348,Ilorin_South,23.285199101765954
2022-09-16,0.0,Ilorin_South,24.803103383382165
2022-09-17,0.0,Ilorin_South,24.65964024861654
2022-09-18,0.0,Ilorin_South,23.47481816609701
2022-09-19,33.612449645996094,Ilorin_South,22.463012949625693
2022-09-20,0.0,Ilorin_South,22.87959696451827
2022-09-21,20.781015396118164,Ilorin_South,24.061245854695642
2022-09-22,0.0,Ilorin_South,24.323518371582054
2022-09-23,0.0,Ilorin_South,24.065247472127282
2022-09-24,0.0,Ilorin_South,25.326083755493187
2022-09-25,20.781015396118164,Ilorin_South,25.479874547322595
2022-09-26,6.675228595733643,Ilorin_South,24.216342544555687
2022-09-27,8.776998519897461,Ilorin_South,24.08054440816244
2022-09-28,26.673124313354492,Ilorin_South,23.896696980794275
2022-09-29,11.43127727508545,Ilorin_South,25.10114123026534
2022-09-30,18.552940368652344,Ilorin_South,22.957599258422874
2022-10-01,5.0987935066223145,Ilorin_South,23.91818008422854
2022-10-02,10.197587013244629,Ilorin_South,25.148707962036156
2022-10-03,0.0,Ilorin_South,25.60632476806643
2022-10-04,5.0987935066223145,Ilorin_South,25.4712959289551
2022-10-05,10.197587013244629,Ilorin_South,25.32644933064779
2022-10-06,28.84942626953125,Ilorin_South,23.04967397054037
2022-10-07,0.0,Ilorin_South,24.109633382161462
2022-10-08,0.0,Ilorin_South,24.687544123331747
2022-10-09,9.616475105285645,Ilorin_South,23.869392649332724
2022-10-10,9.616475105285645,Ilorin_South,24.486290868123376
2022-10-11,0.0,Ilorin_South,25.4684775034587
2022-10-12,11.241564750671387,Ilorin_South,25.60607045491537
2022-10-13,11.241564750671387,Ilorin_South,23.685655848185263
2022-10-14,11.241564750671387,Ilorin_South,24.849991099039755
2022-10-15,0.0,Ilorin_South,24.68914629618331
2022-10-16,0.0,Ilorin_South,25.53530654907229
2022-10-17,0.0,Ilorin_South,25.920217132568382
2022-10-18,3.1817798614501953,Ilorin_South,26.403626378377282
2022-10-19,0.0,Ilorin_South,26.326955413818382
2022-10-20,0.0,Ilorin_South,26.362851715087913
2022-10-21,8.597603797912598,Ilorin_South,26.15979156494143
2022-10-22,4.298801898956299,Ilorin_South,26.91738408406576
2022-10-23,8.597603797912598,Ilorin_South,27.208869552612327
2022-10-24,8.597603797912598,Ilorin_South,27.304980214436853
2022-10-25,8.597603797912598,Ilorin_South,25.862732187906943
2022-10-26,0.0,Ilorin_South,26.67596015930178
2022-10-27,0.0,Ilorin_South,26.691508865356468
2022-10-28,0.0,Ilorin_South,26.395853296915732
2022-10-29,0.0,Ilorin_South,26.154159164428734
2022-10-30,0.0,Ilorin_South,26.962403233846032
2022-10-31,0.0,Ilorin_South,26.89445012410482
2022-11-01,1.1733219623565674,Ilorin_South,27.410522715250693
2022-11-02,0.0,Ilorin_South,27.45006586710616
2022-11-03,0.0,Ilorin_South,27.49682451883956
2022-11-04,1.1733219623565674,Ilorin_South,27.222016270955407
2022-11-05,0.0,Ilorin_South,27.05580101013186
2022-11-06,0.0,Ilorin_South,27.149820582071982
2022-11-07,0.0,Ilorin_South,27.63186607360842
2022-11-08,0.0,Ilorin_South,27.098898824055993
2022-11-09,0.0,Ilorin_South,27.778744633992517
2022-11-10,0.0,Ilorin_South,27.622603352864587
2022-11-11,0.3191646635532379,Ilorin_South,27.12123260498049
2022-11-12,0.3191646635532379,Ilorin_South,27.531023279825888
2022-11-13,0.0,Ilorin_South,27.7321551005046
2022-11-14,0.0,Ilorin_South,27.3616659800212
2022-11-15,0.0,Ilorin_South,26.296381251017294
2022-11-16,0.0,Ilorin_South,26.581065114339196
2022-11-17,0.0,Ilorin_South,26.683609898885095
2022-11-18,0.0,Ilorin_South,26.832007344563806
2022-11-19,0.0,Ilorin_South,27.368842697143577
2022-11-20,0.06686798483133316,Ilorin_South,27.781301116943382
2022-11-21,0.0,Ilorin_South,27.757913208007835
2022-11-22,0.0,Ilorin_South,27.48688341776534
2022-11-23,0.0,Ilorin_South,27.603544489542685
2022-11-24,0.0,Ilorin_South,26.997450129191122
2022-11-25,0.0,Ilorin_South,26.92354291280111
2022-11-26,0.0,Ilorin_South,26.904025650024437
2022-11-27,0.0,Ilorin_South,27.676147715250693
2022-11-28,0.0,Ilorin_South,27.468558883667015
2022-11-29,0.0,Ilorin_South,27.455381011962913
2022-11-30,0.0,Ilorin_South,27.228995895385765
2022-12-01,0.0,Ilorin_South,28.086134847005212
2022-12-02,0.0,Ilorin_South,28.372511164347372
2022-12-03,0.0,Ilorin_South,28.532397206624353
2022-12-04,0.0,Ilorin_South,28.43958435058596
2022-12-05,0.0,Ilorin_South,28.81525319417318
2022-12-06,0.0,Ilorin_South,27.57528203328451
2022-12-07,0.0,Ilorin_South,27.603698984781943
2022-12-08,0.0,Ilorin_South,27.678747431437216
2022-12-09,0.0,Ilorin_South,27.20986709594729
2022-12-10,0.0,Ilorin_South,27.121779378255212
2022-12-11,0.0,Ilorin_South,26.86136906941732
2022-12-12,0.0,Ilorin_South,26.553602472941122
2022-12-13,0.0,Ilorin_South,27.45319201151534
2022-12-14,0.0,Ilorin_South,27.094357426961267
2022-12-15,0.0,Ilorin_South,26.77122014363607
2022-12-16,0.0,Ilorin_South,27.567545191446982
2022-12-17,3.384730577468872,Ilorin_South,27.73580449422201
2022-12-18,3.384730577468872,Ilorin_South,26.066997782389365
2022-12-19,0.0,Ilorin_South,26.249549484252952
2022-12-20,0.0,Ilorin_South,26.50120569864913
2022-12-21,0.0,Ilorin_South,25.894623057047568
2022-12-22,0.0,Ilorin_South,25.143581644694052
2022-12-23,0.0,Ilorin_South,24.924629465738974
2022-12-24,0.0,Ilorin_South,24.384893035888695
2022-12-25,0.0,Ilorin_South,24.28215624491378
2022-12-26,0.0,Ilorin_South,25.013375218709314
2022-12-27,0.0,Ilorin_South,26.185774739583337
2022-12-28,0.0,Ilorin_South,25.886485036214196
2022-12-29,0.0,Ilorin_South,25.838766352335654
2022-12-30,0.0,Ilorin_South,25.2197090148926
2022-12-31,0.0,Ilorin_South,24.39932022094729
2023-01-01,0.0,Ilorin_South,24.620290374755882
2023-01-02,0.0,Ilorin_South,25.285283660888695
2023-01-03,0.0,Ilorin_South,25.811443583170615
2023-01-04,0.0,Ilorin_South,26.567849731445335
2023-01-05,0.0,Ilorin_South,26.73079325358077
2023-01-06,1.5079981088638306,Ilorin_South,27.24415995279952
2023-01-07,0.0,Ilorin_South,26.92290077209475
2023-01-08,0.0,Ilorin_South,26.785856501261435
2023-01-09,0.0,Ilorin_South,26.230227406819665
2023-01-10,0.0,Ilorin_South,25.438584899902366
2023-01-11,0.0,Ilorin_South,25.05338058471682
2023-01-12,0.0,Ilorin_South,25.763667043050134
2023-01-13,0.0,Ilorin_South,26.23385581970217
2023-01-14,0.0,Ilorin_South,26.325189208984398
2023-01-15,0.0,Ilorin_South,26.25369224548342
2023-01-16,0.0,Ilorin_South,26.319205856323265
2023-01-17,0.0,Ilorin_South,26.38899701436361
2023-01-18,0.0,Ilorin_South,26.556836700439476
2023-01-19,0.0,Ilorin_South,27.114249801635765
2023-01-20,0.0,Ilorin_South,27.390407180786156
2023-01-21,0.0,Ilorin_South,28.144397354126
2023-01-22,0.0,Ilorin_South,28.42796923319503
2023-01-23,0.0,Ilorin_South,28.83894055684408
2023-01-24,0.0,Ilorin_South,28.873084640502952
2023-01-25,0.0,Ilorin_South,28.457086817423544
2023-01-26,0.0,Ilorin_South,28.310132598876976
2023-01-27,2.4922170639038086,Ilorin_South,28.982129669189476
2023-01-28,1.2461085319519043,Ilorin_South,29.079749043782556
2023-01-29,2.4922170639038086,Ilorin_South,28.3625478108724
2023-01-30,0.0,Ilorin_South,29.293361282348656
2023-01-31,0.0,Ilorin_South,28.83565483093264
2023-02-01,0.0,Ilorin_South,28.972807184855185
2023-02-02,0.0,Ilorin_South,29.126316324869833
2023-02-03,0.0,Ilorin_South,29.762939707438193
2023-02-04,0.0,Ilorin_South,29.527616755167685
2023-02-05,0.0,Ilorin_South,29.65535952250167
2023-02-06,1.2523136138916016,Ilorin_South,29.708687718709314
2023-02-07,0.0,Ilorin_South,29.283248519897484
2023-02-08,0.0,Ilorin_South,29.40482864379885
2023-02-09,0.0,Ilorin_South,28.895897165934286
2023-02-10,0.0,Ilorin_South,29.350609079996786
2023-02-11,0.0,Ilorin_South,29.343881861368857
2023-02-12,0.0,Ilorin_South,29.22258656819662
2023-02-13,0.0,Ilorin_South,28.59209276835128
2023-02-14,0.0,Ilorin_South,27.927395757039392
2023-02-15,1.2913832664489746,Ilorin_South,27.23095855712893
2023-02-16,0.0,Ilorin_South,26.583326594034872
2023-02-17,0.0,Ilorin_South,26.6572147369385
2023-02-18,0.0,Ilorin_South,27.492882664998376
2023-02-19,0.0,Ilorin_South,28.16341107686361
2023-02-20,0.0,Ilorin_South,28.84981816609701
2023-02-21,0.0,Ilorin_South,29.402465438842796
2023-02-22,0.0,Ilorin_South,29.01615168253585
2023-02-23,0.0,Ilorin_South,30.311091359456384
2023-02-24,0.0,Ilorin_South,30.4929189046224
2023-02-25,0.0,Ilorin_South,30.31254666646322
2023-02-26,0.0,Ilorin_South,30.147578175862634
2023-02-27,0.9548990726470947,Ilorin_South,30.725513712565146
2023-02-28,2.864697217941284,Ilorin_South,30.360691960652673
2023-03-01,0.0,Ilorin_South,30.80165061950686
2023-03-02,3.6708593368530273,Ilorin_South,30.308057403564476
2023-03-03,0.0,Ilorin_South,28.65202420552572
2023-03-04,0.0,Ilorin_South,28.961471176147484
2023-03-05,3.6708593368530273,Ilorin_South,29.921413675944052
2023-03-06,7.41556978225708,Ilorin_South,29.526327387491904
2023-03-07,7.41556978225708,Ilorin_South,29.84370892842611
2023-03-08,3.70778489112854,Ilorin_South,29.271876907348656
2023-03-09,7.41556978225708,Ilorin_South,29.731075541178427
2023-03-10,3.70778489112854,Ilorin_South,30.22111536661788
2023-03-11,0.0,Ilorin_South,29.650579071044945
2023-03-12,2.085146188735962,Ilorin_South,30.283683395385765
2023-03-13,0.0,Ilorin_South,29.12601242065432
2023-03-14,0.0,Ilorin_South,29.548368708292685
2023-03-15,0.0,Ilorin_South,29.958505884806357
2023-03-16,0.0,Ilorin_South,29.91021308898928
2023-03-17,0.0,Ilorin_South,30.030770238240564
2023-03-18,0.0,Ilorin_South,29.79245274861654
2023-03-19,3.838719129562378,Ilorin_South,29.00633265177413
2023-03-20,0.0,Ilorin_South,29.221714909871423
2023-03-21,5.1070556640625,Ilorin_South,27.640734608968103
2023-03-22,2.55352783203125,Ilorin_South,26.209818140665732
2023-03-23,7.66058349609375,Ilorin_South,27.549085235595726
2023-03-24,7.66058349609375,Ilorin_South,28.99842542012533
2023-03-25,0.0,Ilorin_South,28.32767003377279
2023-03-26,13.19543170928955,Ilorin_South,28.10472768147787
2023-03-27,0.0,Ilorin_South,27.567345555623376
2023-03-28,0.0,Ilorin_South,29.657640075683616
2023-03-29,4.398477077484131,Ilorin_South,30.261525726318382
2023-03-30,4.398477077484131,Ilorin_South,29.83395665486654
2023-03-31,0.0,Ilorin_South,30.142744318644247
2023-04-01,0.0,Ilorin_South,30.33284721374514
2023-04-02,0.0,Ilorin_South,30.624663289388025
2023-04-03,2.0445094108581543,Ilorin_South,30.239270782470726
2023-04-04,2.0445094108581543,Ilorin_South,30.291654841105185
2023-04-05,0.0,Ilorin_South,30.377170181274437
2023-04-06,0.0,Ilorin_South,30.197729365030966
2023-04-07,3.10395884513855,Ilorin_South,29.913908259073935
2023-04-08,12.4158353805542,Ilorin_South,28.098221079508505
2023-04-09,9.31187629699707,Ilorin_South,28.394812520345056
2023-04-10,0.0,Ilorin_South,29.65861282348635
2023-04-11,4.637755870819092,Ilorin_South,29.804311370849632
2023-04-12,4.637755870819092,Ilorin_South,29.256443913777673
2023-04-13,0.0,Ilorin_South,30.714194234212243
2023-04-14,0.0,Ilorin_South,30.965049997965536
2023-04-15,13.913268089294434,Ilorin_South,29.290886815389
2023-04-16,6.284775733947754,Ilorin_South,29.843686676025413
2023-04-17,6.284775733947754,Ilorin_South,28.67329114278158
2023-04-18,0.0,Ilorin_South,29.757338460286462
2023-04-19,9.427163124084473,Ilorin_South,29.065859095255576
2023-04-20,0.0,Ilorin_South,29.59077097574874
2023-04-21,0.0,Ilorin_South,29.368307367960654
2023-04-22,0.0,Ilorin_South,29.10429471333822
2023-04-23,5.672038555145264,Ilorin_South,28.110304768880212
2023-04-24,5.672038555145264,Ilorin_South,29.146914418538415
2023-04-25,11.344077110290527,Ilorin_South,30.748763020833337
2023-04-26,0.0,Ilorin_South,29.232890701293968
2023-04-27,19.656362533569336,Ilorin_South,25.321574783325218
2023-04-28,0.0,Ilorin_South,27.906575775146507
2023-04-29,0.0,Ilorin_South,27.647780354817712
2023-04-30,0.0,Ilorin_South,27.435243860880576
2023-05-01,0.0,Ilorin_South,27.875223414103232
2023-05-02,0.0,Ilorin_South,28.23293838500979
2023-05-03,8.446002006530762,Ilorin_South,28.89944419860842
2023-05-04,25.3380069732666,Ilorin_South,28.24864794413253
2023-05-05,8.446002006530762,Ilorin_South,27.945794677734398
2023-05-06,0.0,Ilorin_South,28.669255828857445
2023-05-07,11.207940101623535,Ilorin_South,28.717088317871116
2023-05-08,16.81191062927246,Ilorin_South,29.261945978800497
2023-05-09,0.0,Ilorin_South,29.433014806111657
2023-05-10,0.0,Ilorin_South,29.5507694244385
2023-05-11,0.0,Ilorin_South,29.49294497172042
2023-05-12,7.391400337219238,Ilorin_South,29.71555099487307
2023-05-13,7.391400337219238,Ilorin_South,29.877141571044945
2023-05-14,7.391400337219238,Ilorin_South,27.858427937825525
2023-05-15,14.782800674438477,Ilorin_South,28.10969187418624
2023-05-16,0.0,Ilorin_South,28.579995727539085
2023-05-17,0.0,Ilorin_South,29.053748067220056
2023-05-18,23.436172485351562,Ilorin_South,27.57432072957357
2023-05-19,0.0,Ilorin_South,28.5567616780599
2023-05-20,5.859043121337891,Ilorin_South,28.034784571329794
2023-05-21,2.4475014209747314,Ilorin_South,27.601270294189476
2023-05-22,7.342504501342773,Ilorin_South,27.9719011942546
2023-05-23,2.4475014209747314,Ilorin_South,27.343762969970726
2023-05-24,7.342504501342773,Ilorin_South,27.840858078002952
2023-05-25,0.0,Ilorin_South,28.180407460530603
2023-05-26,3.2854926586151123,Ilorin_South,29.118554687500023
2023-05-27,13.14197063446045,Ilorin_South,28.394364293416345
2023-05-28,0.0,Ilorin_South,28.49882024129232
2023-05-29,6.570985317230225,Ilorin_South,27.334142939249716
2023-05-30,0.0,Ilorin_South,28.641084289550804
2023-05-31,6.570985317230225,Ilorin_South,28.167256927490257
2023-06-01,13.620546340942383,Ilorin_South,28.386644617716513
2023-06-02,0.0,Ilorin_South,27.707216517130576
2023-06-03,20.43082046508789,Ilorin_South,27.579422251383505
2023-06-04,0.0,Ilorin_South,28.229556020100915
2023-06-05,6.810273170471191,Ilorin_South,28.37419471740725
2023-06-06,52.0303840637207,Ilorin_South,27.647082265218103
2023-06-07,31.218229293823242,Ilorin_South,26.68450508117678
2023-06-08,0.0,Ilorin_South,26.469805018107138
2023-06-09,0.0,Ilorin_South,27.080108896891318
2023-06-10,10.406076431274414,Ilorin_South,26.683744684855185
2023-06-11,0.0,Ilorin_South,24.837897872924827
2023-06-12,0.0,Ilorin_South,26.422838465372763
2023-06-13,11.086341857910156,Ilorin_South,27.404868062337243
2023-06-14,22.172683715820312,Ilorin_South,26.0943319956462
2023-06-15,22.172683715820312,Ilorin_South,24.835357920328818
2023-06-16,0.0,Ilorin_South,26.331794993082724
2023-06-17,10.366560935974121,Ilorin_South,27.77769495646163
2023-06-18,20.733121871948242,Ilorin_South,27.041925684611044
2023-06-19,0.0,Ilorin_South,26.635753250122093
2023-06-20,31.099685668945312,Ilorin_South,26.81938514709475
2023-06-21,5.847605228424072,Ilorin_South,27.361367797851585
2023-06-22,17.542814254760742,Ilorin_South,24.60089263916018
2023-06-23,5.847605228424072,Ilorin_South,26.256747817993187
2023-06-24,11.695210456848145,Ilorin_South,22.88532091776534
2023-06-25,0.0,Ilorin_South,24.616742070515954
2023-06-26,7.058455467224121,Ilorin_South,25.250527954101585
2023-06-27,7.058455467224121,Ilorin_South,25.971499379475915
2023-06-28,7.058455467224121,Ilorin_South,23.878679529825888
2023-06-29,0.0,Ilorin_South,24.966969426472986
2023-06-30,3.5292277336120605,Ilorin_South,25.06948305765792
2023-07-01,4.349332809448242,Ilorin_South,25.703889465332054
2023-07-02,4.349332809448242,Ilorin_South,25.84090131123861
2023-07-03,0.0,Ilorin_South,26.397747294108115
2023-07-04,8.698665618896484,Ilorin_South,26.381500498453818
2023-07-05,4.349332809448242,Ilorin_South,26.03349647521975
2023-07-06,3.763282537460327,Ilorin_South,26.127716954549157
2023-07-07,3.763282537460327,Ilorin_South,25.95840670267745
2023-07-08,3.763282537460327,Ilorin_South,25.899310048421228
2023-07-09,7.526565074920654,Ilorin_South,23.521770095825218
2023-07-10,0.0,Ilorin_South,25.800754801432333
2023-07-11,14.794229507446289,Ilorin_South,26.096688206990564
2023-07-12,0.0,Ilorin_South,24.861749267578148
2023-07-13,22.191343307495117,Ilorin_South,24.958366012573265
2023-07-14,14.794229507446289,Ilorin_South,25.25709177652999
2023-07-15,0.0,Ilorin_South,25.816023127237997
2023-07-16,0.0,Ilorin_South,26.032542800903343
2023-07-17,8.427643775939941,Ilorin_South,25.890410359700525
2023-07-18,16.855287551879883,Ilorin_South,25.536031341552757
2023-07-19,16.855287551879883,Ilorin_South,26.036831156412802
2023-07-20,0.0,Ilorin_South,25.806253687540732
2023-07-21,14.723078727722168,Ilorin_South,25.914182281494163
2023-07-22,22.084617614746094,Ilorin_South,24.944907124837243
2023-07-23,7.361539363861084,Ilorin_South,24.988809839884482
2023-07-24,0.0,Ilorin_South,24.65717150370284
2023-07-25,0.0,Ilorin_South,26.338475163777673
2023-07-26,0.0,Ilorin_South,26.017936325073265
2023-07-27,0.0,Ilorin_South,26.31383539835616
2023-07-28,10.950065612792969,Ilorin_South,25.979475275675497
2023-07-29,32.850196838378906,Ilorin_South,24.977429962158226
2023-07-30,0.0,Ilorin_South,25.590892410278343
2023-07-31,21.900131225585938,Ilorin_South,25.659956232706747
2023-08-01,18.111312866210938,Ilorin_South,23.22734667460128
2023-08-02,0.0,Ilorin_South,24.862786865234398
2023-08-03,0.0,Ilorin_South,25.13036689758303
2023-08-04,0.0,Ilorin_South,25.664215342203818
2023-08-05,0.0,Ilorin_South,25.952291107177757
2023-08-06,0.0,Ilorin_South,25.452813720703148
2023-08-07,0.0,Ilorin_South,24.329413986206077
2023-08-08,0.0,Ilorin_South,24.80596822102865
2023-08-09,0.0,Ilorin_South,24.21028544108077
2023-08-10,4.061053276062012,Ilorin_South,25.117702738444052
2023-08-11,0.0,Ilorin_South,24.513448333740257
2023-08-12,0.0,Ilorin_South,24.7606025695801
2023-08-13,0.0,Ilorin_South,23.051242446899437
2023-08-14,0.0,Ilorin_South,23.07366205851241
2023-08-15,0.0,Ilorin_South,25.12480761210128
2023-08-16,23.8242244720459,Ilorin_South,25.62394739786788
2023-08-17,7.941408634185791,Ilorin_South,25.467590586344443
2023-08-18,0.0,Ilorin_South,25.736779785156273
2023-08-19,15.882817268371582,Ilorin_South,26.02450523376467
2023-08-20,0.0,Ilorin_South,24.15217552185061
2023-08-21,0.0,Ilorin_South,25.770598347981775
2023-08-22,0.0,Ilorin_South,26.345299021403036
2023-08-23,29.802024841308594,Ilorin_South,25.145592625935876
2023-08-24,0.0,Ilorin_South,25.011977132161462
2023-08-25,14.901012420654297,Ilorin_South,26.187284723917685
2023-08-26,0.0,Ilorin_South,26.296719487508142
2023-08-27,13.652495384216309,Ilorin_South,24.72177658081057
2023-08-28,0.0,Ilorin_South,25.25874481201174
2023-08-29,0.0,Ilorin_South,26.56708424886068
2023-08-30,40.957489013671875,Ilorin_South,24.019819513956747
2023-08-31,0.0,Ilorin_South,25.223175303141318
2023-09-01,18.774953842163086,Ilorin_South,25.546221669514978
2023-09-02,18.774953842163086,Ilorin_South,24.514568583170615
2023-09-03,0.0,Ilorin_South,24.12662531534835
2023-09-04,0.0,Ilorin_South,24.12362950642904
2023-09-05,0.0,Ilorin_South,24.20104242960616
2023-09-06,0.0,Ilorin_South,25.568370437622093
2023-09-07,0.0,Ilorin_South,26.141115442911826
2023-09-08,26.151765823364258,Ilorin_South,24.729571914672874
2023-09-09,0.0,Ilorin_South,24.83827616373702
2023-09-10,0.0,Ilorin_South,25.167809422810876
2023-09-11,0.0,Ilorin_South,26.35209426879885
2023-09-12,24.60746955871582,Ilorin_South,25.060689544677757
2023-09-13,0.0,Ilorin_South,25.288386281331384
2023-09-14,0.0,Ilorin_South,25.8277304331462
2023-09-15,24.60746955871582,Ilorin_South,25.946635818481468
2023-09-16,16.533050537109375,Ilorin_South,25.308478927612327
2023-09-17,0.0,Ilorin_South,24.643734232584677
2023-09-18,16.533050537109375,Ilorin_South,25.02241477966311
2023-09-19,0.0,Ilorin_South,25.681216176350915
2023-09-20,0.0,Ilorin_South,25.51199874877932
2023-09-21,7.797804832458496,Ilorin_South,25.23675435384115
2023-09-22,7.797804832458496,Ilorin_South,25.833084996541345
2023-09-23,7.797804832458496,Ilorin_South,24.96787541707357
2023-09-24,15.595609664916992,Ilorin_South,25.14153378804525
2023-09-25,15.595609664916992,Ilorin_South,26.27591985066732
2023-09-26,26.440881729125977,Ilorin_South,26.868987019856775
2023-09-27,26.440881729125977,Ilorin_South,27.100118255615257
2023-09-28,13.220440864562988,Ilorin_South,26.935671742757165
2023-09-29,0.0,Ilorin_South,25.358442560831747
2023-09-30,0.0,Ilorin_South,26.83633639017745
2023-10-01,5.061967849731445,Ilorin_South,26.17180468241378
2023-10-02,0.0,Ilorin_South,25.920024490356468
2023-10-03,10.12393569946289,Ilorin_South,24.071257527669275
2023-10-04,10.12393569946289,Ilorin_South,25.950973129272484
2023-10-05,5.061967849731445,Ilorin_South,25.20192426045736
2023-10-06,0.0,Ilorin_South,25.76663487752279
2023-10-07,14.183753967285156,Ilorin_South,25.10320879618331
2023-10-08,7.091876983642578,Ilorin_South,26.251618321736657
2023-10-09,14.183753967285156,Ilorin_South,26.028343454996786
2023-10-10,7.091876983642578,Ilorin_South,26.62085558573409
2023-10-11,9.63266658782959,Ilorin_South,25.90066808064779
2023-10-12,6.421777725219727,Ilorin_South,26.250456746419275
2023-10-13,3.2108888626098633,Ilorin_South,26.35964419047042
2023-10-14,6.421777725219727,Ilorin_South,26.057646687825525
2023-10-15,6.421777725219727,Ilorin_South,26.573253250122093
2023-10-16,5.417750835418701,Ilorin_South,26.36131947835287
2023-10-17,0.0,Ilorin_South,25.084093348185263
2023-10-18,10.835501670837402,Ilorin_South,26.882904307047568
2023-10-19,10.835501670837402,Ilorin_South,26.95316340128585
2023-10-20,5.417750835418701,Ilorin_South,26.835099156697595
2023-10-21,0.0,Ilorin_South,27.206410980224632
2023-10-22,6.290458679199219,Ilorin_South,27.561536407470726
2023-10-23,0.0,Ilorin_South,27.43811632792159
2023-10-24,0.0,Ilorin_South,27.723568216959677
2023-10-25,0.0,Ilorin_South,27.419662094116234
2023-10-26,7.209916114807129,Ilorin_South,27.163091278076195
2023-10-27,14.419832229614258,Ilorin_South,27.397835667928064
2023-10-28,7.209916114807129,Ilorin_South,27.270910517374716
2023-10-29,0.0,Ilorin_South,27.894785181681357
2023-10-30,7.209916114807129,Ilorin_South,27.681001281738304
2023-10-31,0.0,Ilorin_South,27.53537521362307
2023-11-01,0.0,Ilorin_South,27.86590156555178
2023-11-02,0.0,Ilorin_South,27.95015360514327
2023-11-03,0.0,Ilorin_South,27.321228281656943
2023-11-04,0.0,Ilorin_South,27.248649215698265
2023-11-05,1.496934175491333,Ilorin_South,28.10536346435549
2023-11-06,2.6168668270111084,Ilorin_South,27.418249384562216
2023-11-07,0.8722890019416809,Ilorin_South,27.661189015706384
2023-11-08,0.8722890019416809,Ilorin_South,28.17688585917159
2023-11-09,0.0,Ilorin_South,28.254974619547568
2023-11-10,0.0,Ilorin_South,28.249979273478232
2023-11-11,0.0,Ilorin_South,27.76602706909182
2023-11-12,0.0,Ilorin_South,28.078034973144554
2023-11-13,0.0,Ilorin_South,28.442397054036462
2023-11-14,0.0,Ilorin_South,28.600278472900413
2023-11-15,0.0,Ilorin_South,27.122876739501976
2023-11-16,0.01939181238412857,Ilorin_South,28.482896423339866
2023-11-17,0.0,Ilorin_South,29.178325907389365
2023-11-18,0.0,Ilorin_South,29.373543675740564
2023-11-19,0.0,Ilorin_South,28.263339614868187
2023-11-20,0.01939181238412857,Ilorin_South,27.690286890665732
2023-11-21,0.0,Ilorin_South,27.785152689615927
2023-11-22,0.0,Ilorin_South,27.852069473266624
2023-11-23,0.0,Ilorin_South,28.355490620930993
2023-11-24,0.0,Ilorin_South,28.33911794026693
2023-11-25,0.0,Ilorin_South,26.923501586914085
2023-11-26,0.0,Ilorin_South,24.311964289347372
2023-11-27,0.0,Ilorin_South,27.64363822937014
2023-11-28,0.0,Ilorin_South,27.649417495727562
2023-11-29,0.0,Ilorin_South,28.02266400655111
2023-11-30,0.0,Ilorin_South,27.98393274943038
2023-12-01,0.0,Ilorin_South,28.051754252115927
2023-12-02,0.0,Ilorin_South,28.102703348795615
2023-12-03,0.0,Ilorin_South,27.730402882893884
2023-12-04,0.0,Ilorin_South,27.83939387003585
2023-12-05,0.0,Ilorin_South,27.621612803141318
2023-12-06,0.0,Ilorin_South,27.985792414347372
2023-12-07,0.0,Ilorin_South,27.962906138102255
2023-12-08,0.0,Ilorin_South,28.263820266723656
2023-12-09,0.0,Ilorin_South,27.765269851684593
2023-12-10,0.0,Ilorin_South,27.443166351318382
2023-12-11,4.986688613891602,Ilorin_South,27.025818761189782
2023-12-12,0.0,Ilorin_South,25.442483520507835
2023-12-13,0.0,Ilorin_South,25.23537979125979
2023-12-14,0.0,Ilorin_South,26.777924474080407
2023-12-15,0.0,Ilorin_South,27.705202992757165
2023-12-16,0.0,Ilorin_South,28.166960652669275
2023-12-17,0.0,Ilorin_South,27.926503117879236
2023-12-18,0.0,Ilorin_South,28.09038441975912
2023-12-19,0.0,Ilorin_South,28.442102050781273
2023-12-20,0.0,Ilorin_South,27.418583806355798
2023-12-21,0.0,Ilorin_South,27.46733881632491
2023-12-22,3.1180837154388428,Ilorin_South,28.29006411234542
2023-12-23,0.0,Ilorin_South,28.279595947265648
2023-12-24,0.0,Ilorin_South,27.41471951802572
2023-12-25,0.0,Ilorin_South,26.815142567952478
2023-12-26,0.0,Ilorin_South,26.414192454020224
2023-12-27,0.0,Ilorin_South,26.2146933237712
2023-12-28,0.0,Ilorin_South,27.395718510945642
2023-12-29,0.0,Ilorin_South,27.71385218302413
2023-12-30,0.0,Ilorin_South,27.487816747029626
2023-12-31,0.0,Ilorin_South,27.39824765523275
2024-01-01,0.0,Ilorin_South,28.379293696085654
2024-01-02,0.0,Ilorin_South,28.337011591593466
2024-01-03,0.0,Ilorin_South,28.80986048380538
2024-01-04,0.0,Ilorin_South,29.290787633260095
2024-01-05,0.0,Ilorin_South,28.91714693705245
2024-01-06,0.0,Ilorin_South,29.266405359904013
2024-01-07,0.0,Ilorin_South,29.360477066040062
2024-01-08,0.0,Ilorin_South,28.724845504760765
2024-01-09,0.0,Ilorin_South,28.649645741780603
2024-01-10,0.0,Ilorin_South,28.698845799764
2024-01-11,0.0,Ilorin_South,28.028538004557333
2024-01-12,0.0,Ilorin_South,27.704719161987327
2024-01-13,0.0,Ilorin_South,27.383672332763695
2024-01-14,0.0,Ilorin_South,26.90474090576174
2024-01-15,0.0,Ilorin_South,27.12762858072921
2024-01-16,0.0,Ilorin_South,26.309119796752952
2024-01-17,0.0,Ilorin_South,26.553756332397484
2024-01-18,0.0,Ilorin_South,26.547712580362997
2024-01-19,0.0,Ilorin_South,26.691196695963583
2024-01-20,0.0,Ilorin_South,27.461461003621423
2024-01-21,0.0,Ilorin_South,28.116664505004906
2024-01-22,0.0,Ilorin_South,27.73375027974447
2024-01-23,0.0,Ilorin_South,28.061585362752282
2024-01-24,0.0,Ilorin_South,28.805934524536156
2024-01-25,0.0,Ilorin_South,27.917703247070335
2024-01-26,0.0,Ilorin_South,27.32664578755697
2024-01-27,0.0,Ilorin_South,27.680664316813193
2024-01-28,0.0,Ilorin_South,27.348386383056663
2024-01-29,0.0,Ilorin_South,28.44298451741537
2024-01-30,0.0,Ilorin_South,29.229988988240564
2024-01-31,0.0,Ilorin_South,29.44771537780764
2024-02-01,3.7986018657684326,Ilorin_South,29.21770375569662
2024-02-02,0.0,Ilorin_South,28.408157602946005
2024-02-03,0.0,Ilorin_South,28.471815363566122
2024-02-04,0.0,Ilorin_South,28.066969172159872
2024-02-05,0.0,Ilorin_South,27.885715103149437
2024-02-06,0.0,Ilorin_South,27.91542460123702
2024-02-07,0.0,Ilorin_South,28.311707433064782
2024-02-08,0.0,Ilorin_South,28.885457611084007
2024-02-09,0.0,Ilorin_South,28.65224990844729
2024-02-10,0.0,Ilorin_South,29.432810719807946
2024-02-11,0.0,Ilorin_South,30.724065399169945
2024-02-12,0.0,Ilorin_South,31.356161371866904
2024-02-13,0.0,Ilorin_South,31.21213302612307
2024-02-14,0.0,Ilorin_South,31.18298937479659
2024-02-15,0.0,Ilorin_South,30.563232676188193
2024-02-16,0.0,Ilorin_South,29.99459292093917
2024-02-17,0.0,Ilorin_South,29.795786794026696
2024-02-18,0.0,Ilorin_South,31.277686691284202
2024-02-19,0.0,Ilorin_South,31.970671590169275
2024-02-20,5.035923957824707,Ilorin_South,31.95967508951827
2024-02-21,0.0,Ilorin_South,31.860333379109704
2024-02-22,0.0,Ilorin_South,31.6111776987712
2024-02-23,0.0,Ilorin_South,28.70868581136068
2024-02-24,0.0,Ilorin_South,28.54424120585128
2024-02-25,0.0,Ilorin_South,30.294651285807333
2024-02-26,0.0,Ilorin_South,31.25773391723635
2024-02-27,0.0,Ilorin_South,31.533463414510095
2024-02-28,0.0,Ilorin_South,31.799594497680687
2024-02-29,0.0,Ilorin_South,32.00800666809084
2024-03-01,0.0,Ilorin_South,30.633231735229515
2024-03-02,5.817869663238525,Ilorin_South,31.435992177327478
2024-03-03,1.939289927482605,Ilorin_South,31.039654668172204
2024-03-04,1.939289927482605,Ilorin_South,31.42043584187826
2024-03-05,1.939289927482605,Ilorin_South,31.692025121053064
2024-03-06,5.113798141479492,Ilorin_South,31.363641357421898
2024-03-07,2.556899070739746,Ilorin_South,30.657876586914085
2024-03-08,5.113798141479492,Ilorin_South,30.801800028483115
2024-03-09,2.556899070739746,Ilorin_South,31.52809867858889
2024-03-10,0.0,Ilorin_South,32.38938929239913
2024-03-11,0.0,Ilorin_South,31.60357564290365
2024-03-12,0.0,Ilorin_South,31.62041562398275
2024-03-13,1.5370179414749146,Ilorin_South,31.956404622395837
2024-03-14,3.074035882949829,Ilorin_South,30.527590688069665
2024-03-15,1.5370179414749146,Ilorin_South,29.36588058471682
2024-03-16,3.8481173515319824,Ilorin_South,32.06933746337893
2024-03-17,0.0,Ilorin_South,32.336754735310876
2024-03-18,0.0,Ilorin_South,32.41666183471682
2024-03-19,0.0,Ilorin_South,32.15726496378585
2024-03-20,0.0,Ilorin_South,31.56285883585616
2024-03-21,1.6873021125793457,Ilorin_South,31.961941019694052
2024-03-22,1.6873021125793457,Ilorin_South,32.205290095011435
2024-03-23,1.6873021125793457,Ilorin_South,30.533550516764365
2024-03-24,0.0,Ilorin_South,31.64301770528158
2024-03-25,0.8436510562896729,Ilorin_South,31.140887832641624
2024-03-26,0.0,Ilorin_South,31.06629079182943
2024-03-27,0.0,Ilorin_South,32.03186442057296
2024-03-28,1.9844645261764526,Ilorin_South,32.70731124877932
2024-03-29,0.9922322630882263,Ilorin_South,32.62768135070803
2024-03-30,0.0,Ilorin_South,31.941916402180993
2024-03-31,0.0,Ilorin_South,31.90579503377279
2024-04-01,0.0,Ilorin_South,30.87587127685549
2024-04-02,4.928844928741455,Ilorin_South,32.33388989766439
2024-04-03,2.4644224643707275,Ilorin_South,31.14119110107424
2024-04-04,0.0,Ilorin_South,30.928495661417685
2024-04-05,2.4644224643707275,Ilorin_South,28.910127258300804
2024-04-06,9.254146575927734,Ilorin_South,30.077023442586267
2024-04-07,13.881218910217285,Ilorin_South,31.20555712382003
2024-04-08,9.254146575927734,Ilorin_South,30.44495290120443
2024-04-09,4.627073287963867,Ilorin_South,30.574563598632835
2024-04-10,4.627073287963867,Ilorin_South,31.038913981119833
2024-04-11,0.0,Ilorin_South,30.98286590576174
2024-04-12,4.544869422912598,Ilorin_South,29.563115056355798
2024-04-13,0.88161700963974,Ilorin_South,29.64351870218917
2024-04-14,17.786361694335938,Ilorin_South,28.563687260945642
2024-04-15,0.0,Ilorin_South,30.634783681233728
2024-04-16,3.250890016555786,Ilorin_South,31.20034561157229
2024-04-17,3.250890016555786,Ilorin_South,31.32220039367678
2024-04-18,0.0,Ilorin_South,31.918553288777673
2024-04-19,0.0,Ilorin_South,31.417668914794945
2024-04-20,1.625445008277893,Ilorin_South,31.422573979695642
2024-04-21,14.654483795166016,Ilorin_South,30.548535919189476
2024-04-22,2.482172966003418,Ilorin_South,31.579509353637718
2024-04-23,11.165322303771973,Ilorin_South,28.4899676005046
2024-04-24,0.0,Ilorin_South,29.90971972147628
2024-04-25,0.0,Ilorin_South,30.117944335937523
2024-04-26,4.744356632232666,Ilorin_South,30.216966247558616
2024-04-27,4.744356632232666,Ilorin_South,30.947122828165732
2024-04-28,4.744356632232666,Ilorin_South,31.346893564860068
2024-04-29,4.744356632232666,Ilorin_South,30.6580800374349
2024-04-30,4.744356632232666,Ilorin_South,31.899079895019554
2024-05-01,5.21419620513916,Ilorin_South,30.191789881388388
2024-05-02,0.0,Ilorin_South,30.10347455342611
2024-05-03,5.21419620513916,Ilorin_South,30.068845367431663
2024-05-04,0.0,Ilorin_South,30.43779589335128
2024-05-05,5.21419620513916,Ilorin_South,30.61727358500167
2024-05-06,14.371344566345215,Ilorin_South,29.771599706014
2024-05-07,0.0,Ilorin_South,29.710764185587607
2024-05-08,0.0,Ilorin_South,30.332482910156273
2024-05-09,0.0,Ilorin_South,30.694344456990564
2024-05-10,0.0,Ilorin_South,30.652445093790732
2024-05-11,10.56265926361084,Ilorin_South,30.539486185709677
2024-05-12,5.28132963180542,Ilorin_South,29.53234697977706
2024-05-13,21.12531852722168,Ilorin_South,28.932485198974632
2024-05-14,0.0,Ilorin_South,29.511241531372093
2024-05-15,0.0,Ilorin_South,29.42330894470217
2024-05-16,10.300666809082031,Ilorin_South,27.457096989949548
2024-05-17,21.891881942749023,Ilorin_South,29.58499107360842
2024-05-18,0.0,Ilorin_South,30.33592249552413
2024-05-19,5.962946891784668,Ilorin_South,30.295900599161826
2024-05-20,1.0567306280136108,Ilorin_South,30.513905461629236
2024-05-21,4.0485029220581055,Ilorin_South,30.163305536905966
2024-05-22,12.145508766174316,Ilorin_South,29.17715733846029
2024-05-23,0.0,Ilorin_South,29.535718536376976
2024-05-24,8.097005844116211,Ilorin_South,28.87372423807784
2024-05-25,8.097005844116211,Ilorin_South,28.35009918212893
2024-05-26,0.0,Ilorin_South,29.48467280069991
2024-05-27,0.0,Ilorin_South,29.01045633951827
2024-05-28,0.0,Ilorin_South,29.291060384114587
2024-05-29,0.0,Ilorin_South,29.76144180297854
2024-05-30,0.0,Ilorin_South,29.40586179097494
2024-05-31,0.0,Ilorin_South,28.46636543273928
2024-06-01,0.0,Ilorin_South,28.67587814331057
2024-06-02,26.507234573364258,Ilorin_South,27.39278691609701
2024-06-03,0.0,Ilorin_South,29.07367350260421
2024-06-04,0.0,Ilorin_South,28.491565958658896
2024-06-05,0.0,Ilorin_South,29.624620056152366
2024-06-06,12.503339767456055,Ilorin_South,27.833544667561853
2024-06-07,0.0,Ilorin_South,27.862523015340173
2024-06-08,0.0,Ilorin_South,28.02662620544436
2024-06-09,0.0,Ilorin_South,28.37616373697921
2024-06-10,0.0,Ilorin_South,27.99923985799154
2024-06-11,4.396768569946289,Ilorin_South,26.95787073771163
2024-06-12,9.522520065307617,Ilorin_South,27.16201235453292
2024-06-13,0.5892962217330933,Ilorin_South,28.315819040934286
2024-06-14,6.015807628631592,Ilorin_South,28.107745742797874
2024-06-15,2.0532095432281494,Ilorin_South,26.127226130167685
2024-06-16,0.0,Ilorin_South,26.629580434163415
2024-06-17,0.0,Ilorin_South,27.577806727091513
2024-06-18,5.501392364501953,Ilorin_South,27.678182856241904
2024-06-19,5.501392364501953,Ilorin_South,28.09247487386068
2024-06-20,0.0,Ilorin_South,27.580361938476585
2024-06-21,10.506449699401855,Ilorin_South,27.200847244262718
2024-06-22,0.0,Ilorin_South,28.126727676391624
2024-06-23,0.0,Ilorin_South,28.259114837646507
2024-06-24,10.506449699401855,Ilorin_South,27.570348993937216
2024-06-25,10.506449699401855,Ilorin_South,24.922451273600302
2024-06-26,23.417085647583008,Ilorin_South,26.65526479085287
2024-06-27,0.0,Ilorin_South,26.904941813151083
2024-06-28,23.417085647583008,Ilorin_South,27.218680953979515
2024-06-29,0.0,Ilorin_South,26.40467542012533
2024-06-30,0.0,Ilorin_South,26.315759277343773
2024-07-01,0.0,Ilorin_South,27.517097727457724
2024-07-02,17.24534034729004,Ilorin_South,26.380076344807946
2024-07-03,17.24534034729004,Ilorin_South,24.51542689005538
2024-07-04,0.0,Ilorin_South,25.115787124633812
2024-07-05,0.0,Ilorin_South,25.749403889973962
2024-07-06,14.532381057739258,Ilorin_South,25.169480895996116
2024-07-07,4.8441267013549805,Ilorin_South,25.57180239359542
2024-07-08,0.0,Ilorin_South,24.499391810099326
2024-07-09,0.0,Ilorin_South,25.871581649780296
2024-07-10,9.688253402709961,Ilorin_South,26.14161071777346
2024-07-11,5.383149147033691,Ilorin_South,24.781582768758142
2024-07-12,0.0,Ilorin_South,24.490916188557946
2024-07-13,0.0,Ilorin_South,25.95663223266604
2024-07-14,0.0,Ilorin_South,25.71211967468264
2024-07-15,0.0,Ilorin_South,25.58047447204592
2024-07-16,0.0,Ilorin_South,24.927168782552087
2024-07-17,19.023351669311523,Ilorin_South,25.075720723470056
2024-07-18,0.0,Ilorin_South,26.161666488647484
2024-07-19,6.3411173820495605,Ilorin_South,25.8040761311849
2024-07-20,6.3411173820495605,Ilorin_South,24.052604293823265
2024-07-21,0.0,Ilorin_South,25.52264302571615
2024-07-22,0.0,Ilorin_South,25.557160949707054
2024-07-23,0.0,Ilorin_South,26.035220718383812
2024-07-24,0.0,Ilorin_South,25.044221496582054
2024-07-25,0.0,Ilorin_South,25.616085942586267
2024-07-26,0.0,Ilorin_South,26.019711430867517
2024-07-27,0.0,Ilorin_South,25.97532742818197
2024-07-28,11.81668472290039,Ilorin_South,24.15737368265792
2024-07-29,5.908342361450195,Ilorin_South,25.311884180704794
2024-07-30,0.0,Ilorin_South,25.826846694946312
2024-07-31,0.0,Ilorin_South,25.96373583475753
2024-08-01,0.0,Ilorin_South,25.519347763061546
2024-08-02,0.0,Ilorin_South,25.610641098022484
2024-08-03,0.0,Ilorin_South,25.951159413655603
2024-08-04,0.0,Ilorin_South,25.83718325297042
2024-08-05,0.0,Ilorin_South,26.17789230346682
2024-08-06,0.0,Ilorin_South,26.411207453409872
2024-08-07,0.0,Ilorin_South,25.623003260294638
2024-08-08,0.0,Ilorin_South,26.13011767069503
2024-08-09,0.0,Ilorin_South,26.107055918375693
2024-08-10,1.526533842086792,Ilorin_South,26.40369822184249
2024-08-11,0.0,Ilorin_South,26.22266858418783
2024-08-12,0.0,Ilorin_South,25.6708974202474
2024-08-13,7.363965034484863,Ilorin_South,25.63193600972494
2024-08-14,0.0,Ilorin_South,26.274239476521814
2024-08-15,0.0,Ilorin_South,26.68585103352865
2024-08-16,2.9719274044036865,Ilorin_South,24.944844818115257
2024-08-17,0.0,Ilorin_South,26.229838943481468
2024-08-18,0.0,Ilorin_South,27.02507044474288
2024-08-19,5.943854808807373,Ilorin_South,25.287062581380212
2024-08-20,0.0,Ilorin_South,22.483570988972986
2024-08-21,0.6553803086280823,Ilorin_South,24.962568537394247
2024-08-22,3.7106478214263916,Ilorin_South,24.96503346761068
2024-08-23,17.618274688720703,Ilorin_South,22.56026738484701
2024-08-24,3.2109251022338867,Ilorin_South,24.00702056884768
2024-08-25,3.17399525642395,Ilorin_South,25.179132080078148
2024-08-26,4.479815483093262,Ilorin_South,24.821100489298544
2024-08-27,3.644441604614258,Ilorin_South,24.93775075276693
2024-08-28,1.0130032300949097,Ilorin_South,25.57782643636068
2024-08-29,1.5678120851516724,Ilorin_South,25.334326680501306
2024-08-30,16.8215389251709,Ilorin_South,23.27642720540365
2024-08-31,3.867906093597412,Ilorin_South,23.979617055257165
2024-09-01,0.0,Ilorin_South,24.816430664062523
2024-09-02,0.0,Ilorin_South,25.26980107625326
2024-09-03,0.0,Ilorin_South,25.72393951416018
2024-09-04,0.0,Ilorin_South,25.861355717976892
2024-09-05,0.0,Ilorin_South,25.667127227783226
2024-09-06,7.0572333335876465,Ilorin_South,25.207548395792685
2024-09-07,21.17169952392578,Ilorin_South,23.63718694051107
2024-09-08,0.0,Ilorin_South,25.19236272176107
2024-09-09,0.0,Ilorin_South,26.24529291788741
2024-09-10,14.114466667175293,Ilorin_South,25.32927729288741
2024-09-11,4.257776737213135,Ilorin_South,25.186075464884482
2024-09-12,0.7594209909439087,Ilorin_South,24.92138506571456
2024-09-13,7.059699058532715,Ilorin_South,24.870327885945642
2024-09-14,4.768393039703369,Ilorin_South,24.295829391479515
2024-09-15,4.312248706817627,Ilorin_South,25.217111841837607
2024-09-16,15.351277351379395,Ilorin_South,25.807892735799157
2024-09-17,0.0,Ilorin_South,25.365595118204794
2024-09-18,61.40510940551758,Ilorin_South,23.547174072265648
2024-09-19,15.351277351379395,Ilorin_South,24.861128107706747
2024-09-20,0.0,Ilorin_South,25.136382039388025
2024-09-21,11.38121223449707,Ilorin_South,24.10112024943038
2024-09-22,0.0,Ilorin_South,24.544286982218466
2024-09-23,0.0,Ilorin_South,25.185243860880576
2024-09-24,11.38121223449707,Ilorin_South,25.002449289957724
2024-09-25,0.0,Ilorin_South,24.65545552571615
2024-09-26,9.411749839782715,Ilorin_South,25.297262446085654
2024-09-27,18.82349967956543,Ilorin_South,25.98293011983236
2024-09-28,18.82349967956543,Ilorin_South,25.192580159505212
2024-09-29,0.0,Ilorin_South,24.699246342976892
2024-09-30,18.82349967956543,Ilorin_South,24.900144195556663
2024-10-01,8.274165153503418,Ilorin_South,24.527930831909202
2024-10-02,10.070333480834961,Ilorin_South,25.657983398437523
2024-10-03,10.437475204467773,Ilorin_South,24.896250025431357
2024-10-04,48.17719268798828,Ilorin_South,23.786628977457724
2024-10-05,22.40736961364746,Ilorin_South,23.355609512329124
2024-10-06,7.419772624969482,Ilorin_South,24.157279586792015
2024-10-07,7.419772624969482,Ilorin_South,24.230998611450218
2024-10-08,7.419772624969482,Ilorin_South,25.375732676188193
2024-10-09,14.839545249938965,Ilorin_South,25.31872965494796
2024-10-10,7.419772624969482,Ilorin_South,25.714676157633505
2024-10-11,19.0042781829834,Ilorin_South,25.608068720499716
2024-10-12,28.506418228149414,Ilorin_South,24.915046310424827
2024-10-13,0.0,Ilorin_South,25.01730626424154
2024-10-14,0.0,Ilorin_South,24.88897603352865
2024-10-15,0.0,Ilorin_South,25.50163866678878
2024-10-16,11.266464233398438,Ilorin_South,25.56085611979171
2024-10-17,22.532928466796875,Ilorin_South,24.926257069905603
2024-10-18,22.532928466796875,Ilorin_South,24.97894694010421
2024-10-19,0.0,Ilorin_South,26.064408238728845
2024-10-20,22.532928466796875,Ilorin_South,26.04101142883303
2024-10-21,8.872171401977539,Ilorin_South,25.91107584635421
2024-10-22,0.0,Ilorin_South,25.432700093587243
2024-10-23,0.0,Ilorin_South,26.23130823771163
2024-10-24,0.0,Ilorin_South,26.96868158976241
2024-10-25,17.744342803955078,Ilorin_South,26.29698969523116
2024-10-26,22.1695556640625,Ilorin_South,26.982965087890648
2024-10-27,11.08477783203125,Ilorin_South,27.41539789835616
2024-10-28,0.0,Ilorin_South,27.003360366821312
2024-10-29,0.0,Ilorin_South,27.130408223470056
2024-10-30,0.0,Ilorin_South,27.415928777058923
2024-10-31,0.0,Ilorin_South,27.647299067179404
2024-11-01,0.0,Ilorin_South,27.041137949625693
2024-11-02,2.618525266647339,Ilorin_South,27.023971176147484
2024-11-03,5.237050533294678,Ilorin_South,27.049055353800497
2024-11-04,0.0,Ilorin_South,26.549012120564782
2024-11-05,0.0,Ilorin_South,26.111384328206384
2024-11-06,0.0,Ilorin_South,26.36231702168783
2024-11-07,0.0,Ilorin_South,27.319880421956384
2024-11-08,0.0,Ilorin_South,27.896253204345726
2024-11-09,0.0,Ilorin_South,28.111736551920615
2024-11-10,0.0,Ilorin_South,27.009165064493857
2024-11-11,0.0,Ilorin_South,27.316531753540062
2024-11-12,0.0,Ilorin_South,27.481713231404626
2024-11-13,0.0,Ilorin_South,28.312192535400413
2024-11-14,0.0,Ilorin_South,28.43180109659835
2024-11-15,0.0,Ilorin_South,27.807095464070642
2024-11-16,0.0,Ilorin_South,26.68094151814779
2024-11-17,0.0,Ilorin_South,26.123537953694665
2024-11-18,0.0,Ilorin_South,26.777064895629906
2024-11-19,0.0,Ilorin_South,27.661838150024437
2024-11-20,0.0,Ilorin_South,27.762462234497093
2024-11-21,0.0,Ilorin_South,27.19036699930831
2024-11-22,0.0,Ilorin_South,27.311278915405296
2024-11-23,0.0,Ilorin_South,26.932972208658896
2024-11-24,0.0,Ilorin_South,26.742177581787132
2024-11-25,0.0,Ilorin_South,26.909559504191122
2024-11-26,0.0,Ilorin_South,26.15325190226241
2024-11-27,0.0,Ilorin_South,26.73904190063479
2024-11-28,0.0,Ilorin_South,25.87427164713546
2024-11-29,0.0,Ilorin_South,25.818528747558616
2024-11-30,0.0,Ilorin_South,26.326593017578148
2024-12-01,0.0,Ilorin_South,27.66177584330245
2024-12-02,0.0,Ilorin_South,28.023381169637048
2024-12-03,0.0,Ilorin_South,27.680410003662132
2024-12-04,0.0,Ilorin_South,27.338313039143884
2024-12-05,0.0,Ilorin_South,26.887918726603232
2024-12-06,0.0,Ilorin_South,26.970334625244163
2024-12-07,0.0,Ilorin_South,27.6164267222087
2024-12-08,0.0,Ilorin_South,26.856872812906943
2024-12-09,0.0,Ilorin_South,27.36229731241866
2024-12-10,0.0,Ilorin_South,28.318659718831384
2024-12-11,0.0,Ilorin_South,28.647161102294945
2024-12-12,0.0,Ilorin_South,28.023538843790732
2024-12-13,3.2891056537628174,Ilorin_South,27.888482666015648
2024-12-14,0.0,Ilorin_South,26.896464920043968
2024-12-15,0.0,Ilorin_South,26.019636408487997
2024-12-16,0.0,Ilorin_South,26.42707977294924
2024-12-17,0.0,Ilorin_South,27.051601664225302
2024-12-18,0.0,Ilorin_South,26.631759262084984
2024-12-19,0.0,Ilorin_South,25.419333394368493
2024-12-20,0.0,Ilorin_South,24.682455952962243
2024-12-21,0.0,Ilorin_South,25.002238845825218
2024-12-22,0.0,Ilorin_South,26.320917383829794
2024-12-23,0.0,Ilorin_South,26.96453755696615
2024-12-24,0.0,Ilorin_South,27.345660781860374
2024-12-25,0.0,Ilorin_South,27.759925460815452
2024-12-26,0.0,Ilorin_South,27.41462669372561
2024-12-27,0.0,Ilorin_South,27.751617685953818
2024-12-28,0.0,Ilorin_South,27.063076273600302
2024-12-29,0.0,Ilorin_South,28.105666097005212
2024-12-30,3.9831202030181885,Ilorin_South,28.772990798950218
2024-12-31,0.0,Ilorin_South,29.095513916015648
2025-01-01,0.0,Ilorin_South,27.983890151977562
2025-01-02,0.0,Ilorin_South,28.096652603149437
2025-01-03,0.0,Ilorin_South,28.164566294352255
2025-01-04,0.0,Ilorin_South,27.95051727294924
2025-01-05,0.0,Ilorin_South,28.286513264973962
2025-01-06,0.0,Ilorin_South,28.329335149129236
2025-01-07,0.0,Ilorin_South,27.821424738566122
2025-01-08,0.0,Ilorin_South,26.951281483968103
2025-01-09,0.0,Ilorin_South,26.652385965983115
2025-01-10,0.0,Ilorin_South,25.894399261474632
2025-01-11,0.0,Ilorin_South,26.273764546712243
2025-01-12,0.0,Ilorin_South,26.508632914225302
2025-01-13,0.0,Ilorin_South,27.286191558837913
2025-01-14,0.0,Ilorin_South,27.311563746134482
2025-01-15,0.0,Ilorin_South,27.822267786661826
2025-01-16,0.0,Ilorin_South,28.748935317993187
2025-01-17,0.0,Ilorin_South,28.625576909383142
2025-01-18,0.0,Ilorin_South,28.41837081909182
2025-01-19,0.0,Ilorin_South,29.001629130045615
2025-01-20,0.0,Ilorin_South,29.345385487874353
2025-01-21,0.0,Ilorin_South,29.11505724589034
2025-01-22,0.041862811893224716,Ilorin_South,29.06342150370284
2025-01-23,0.23464632034301758,Ilorin_South,28.248800532023154
2025-01-24,1.6615251302719116,Ilorin_South,28.523629124959314
2025-01-25,0.07019735127687454,Ilorin_South,28.339057540893577
2025-01-26,0.0,Ilorin_South,27.758087412516318
2025-01-27,0.0,Ilorin_South,27.836530939737997
2025-01-28,0.0,Ilorin_South,28.22968699137374
2025-01-29,0.0,Ilorin_South,27.961255645751976
2025-01-30,0.0,Ilorin_South,27.99800071716311
2025-01-31,0.0,Ilorin_South,28.888000742594443
2025-02-01,0.0,Ilorin_South,29.33472340901693
2025-02-02,0.0,Ilorin_South,29.512247339884482
2025-02-03,0.0,Ilorin_South,29.92657368977865
2025-02-04,0.0,Ilorin_South,29.66699879964193
2025-02-05,0.0,Ilorin_South,29.486479059855185
2025-02-06,1.2740403413772583,Ilorin_South,29.91298065185549
2025-02-07,0.3356207609176636,Ilorin_South,30.98250287373861
2025-02-08,0.0,Ilorin_South,30.791802978515648
2025-02-09,0.0,Ilorin_South,30.34717458089193
2025-02-10,0.4602232873439789,Ilorin_South,30.319724019368493
2025-02-11,0.0,Ilorin_South,30.072183863321982
2025-02-12,0.0,Ilorin_South,29.879256820678734
2025-02-13,0.0,Ilorin_South,29.68453178405764
2025-02-14,0.0,Ilorin_South,29.526431020100915
2025-02-15,0.0,Ilorin_South,29.22363115946456
2025-02-16,0.0,Ilorin_South,29.49503606160482
2025-02-17,0.0,Ilorin_South,29.671121215820335
2025-02-18,0.0,Ilorin_South,29.819940821329794
2025-02-19,0.0,Ilorin_South,29.804139073689782
2025-02-20,0.0,Ilorin_South,30.56349334716799
2025-02-21,0.0,Ilorin_South,30.377640660603845
2025-02-22,4.025134563446045,Ilorin_South,29.200327173868857
2025-02-23,0.0,Ilorin_South,29.30316060384115
2025-02-24,2.0125672817230225,Ilorin_South,31.016671117146814
2025-02-25,0.0,Ilorin_South,30.720354970296228
2025-02-26,2.676379919052124,Ilorin_South,30.344153976440452
2025-02-27,0.0,Ilorin_South,30.742466227213583
2025-02-28,0.0,Ilorin_South,30.171800231933616
2025-03-01,0.0,Ilorin_South,30.733586247762048
2025-03-02,0.0,Ilorin_South,31.077945327758812
2025-03-03,0.0,Ilorin_South,30.925002034505212
2025-03-04,0.0,Ilorin_South,30.64312324523928
2025-03-05,0.0,Ilorin_South,30.246029154459677
2025-03-06,0.0,Ilorin_South,30.665718968709314
2025-03-07,0.0,Ilorin_South,31.163155492146814
2025-03-08,0.0,Ilorin_South,31.679084396362327
2025-03-09,0.0,Ilorin_South,31.408003107706747
2025-03-10,4.750749111175537,Ilorin_South,30.937082544962607
2025-03-11,7.005326271057129,Ilorin_South,30.409656778971396
2025-03-12,7.005326271057129,Ilorin_South,31.08324775695803
2025-03-13,3.5026631355285645,Ilorin_South,30.82955449422201
2025-03-14,3.5026631355285645,Ilorin_South,30.936935043334984
2025-03-15,0.0,Ilorin_South,31.00122985839846
2025-03-16,0.0,Ilorin_South,30.992805735270224
2025-03-17,3.224125623703003,Ilorin_South,30.95729217529299
2025-03-18,0.0,Ilorin_South,30.924822107950888
2025-03-19,0.0,Ilorin_South,30.643578465779626
2025-03-20,3.224125623703003,Ilorin_South,30.45303560892745
2025-03-21,7.703773498535156,Ilorin_South,30.67794570922854
2025-03-22,7.703773498535156,Ilorin_South,29.845184580485068
2025-03-23,2.5679242610931396,Ilorin_South,30.122043863932333
2025-03-24,2.5679242610931396,Ilorin_South,30.18228937784835
2025-03-25,5.135848522186279,Ilorin_South,29.156865692138695
2025-03-26,0.0,Ilorin_South,29.949491755167685
2025-03-27,4.533025741577148,Ilorin_South,29.71162885030111
2025-03-28,4.533025741577148,Ilorin_South,30.096497472127282
2025-03-29,9.066051483154297,Ilorin_South,30.379574712117517
2025-03-30,9.066051483154297,Ilorin_South,30.36358222961428
2025-03-31,4.533025741577148,Ilorin_South,29.71310958862307
2025-04-01,0.0,Ilorin_South,29.856533304850302
2025-04-02,9.79462718963623,Ilorin_South,28.18566474914553
2025-04-03,0.0,Ilorin_South,29.531348164876306
2025-04-04,0.0,Ilorin_South,30.25586853027346
2025-04-05,0.0,Ilorin_South,30.62320226033529
2025-04-06,0.0,Ilorin_South,30.063033040364587
2025-04-07,9.067801475524902,Ilorin_South,30.421325937906943
2025-04-08,0.0,Ilorin_South,30.192227300008142
2025-04-09,9.067801475524902,Ilorin_South,29.918073908487997
2025-04-10,9.067801475524902,Ilorin_South,29.568713124593103
2025-04-11,11.609580993652344,Ilorin_South,28.392870839436853
2025-04-12,5.804790496826172,Ilorin_South,30.047343826293968
2025-04-13,0.0,Ilorin_South,30.527014032999716
2025-04-14,0.0,Ilorin_South,30.12338536580404
2025-04-15,0.0,Ilorin_South,30.360328292846702
2025-04-16,2.8248279094696045,Ilorin_South,30.156630452473962
2025-04-17,5.649655818939209,Ilorin_South,30.108296966552757
2025-04-18,5.649655818939209,Ilorin_South,31.003354008992517
2025-04-19,0.0,Ilorin_South,29.998659388224326
2025-04-20,0.0,Ilorin_South,29.604266738891624
2025-04-21,6.5608978271484375,Ilorin_South,30.422086970011435
2025-04-22,13.121795654296875,Ilorin_South,29.67870165507003
2025-04-23,13.121795654296875,Ilorin_South,29.528113301595056
2025-04-24,0.0,Ilorin_South,29.8494697570801
2025-04-25,0.0,Ilorin_South,30.85892257690432
2025-04-26,15.583935737609863,Ilorin_South,28.931409454345726
2025-04-27,0.0,Ilorin_South,29.19905815124514
2025-04-28,5.194645404815674,Ilorin_South,29.70697428385421
2025-04-29,0.0,Ilorin_South,28.552491124471032
2025-04-30,5.194645404815674,Ilorin_South,28.690546925862634
2025-05-01,5.176301956176758,Ilorin_South,27.914211527506552
2025-05-02,10.352603912353516,Ilorin_South,27.519335047404013
2025-05-03,5.176301956176758,Ilorin_South,28.493952687581384
2025-05-04,0.0,Ilorin_South,28.878765360514365
2025-05-05,0.0,Ilorin_South,28.44543037414553
2025-05-06,4.000568389892578,Ilorin_South,28.789723332722986
2025-05-07,6.679381370544434,Ilorin_South,29.92716242472335
2025-05-08,5.605444431304932,Ilorin_South,29.771986262003622
2025-05-09,0.0,Ilorin_South,28.45198529561361
2025-05-10,0.0,Ilorin_South,29.337415313720726
2025-05-11,0.0,Ilorin_South,29.21386871337893
2025-05-12,2.580436944961548,Ilorin_South,29.38893534342452
2025-05-13,0.0,Ilorin_South,28.445143000284872
2025-05-14,2.580436944961548,Ilorin_South,28.76716257731124
2025-05-15,5.160873889923096,Ilorin_South,29.03536758422854
2025-05-16,0.09263371676206589,Ilorin_South,28.444661712646507
2025-05-17,8.310564041137695,Ilorin_South,25.830815251668298
2025-05-18,1.3355215787887573,Ilorin_South,26.8011299133301
2025-05-19,0.6154592037200928,Ilorin_South,28.148288981119833
2025-05-20,0.5502870678901672,Ilorin_South,27.215247726440452
2025-05-21,0.0,Ilorin_South,27.442063903808616
2025-05-22,0.0,Ilorin_South,28.14600779215499
2025-05-23,16.235158920288086,Ilorin_South,27.257647450764978
2025-05-24,0.0,Ilorin_South,28.36043192545577
2025-05-25,0.0,Ilorin_South,28.255391693115257
2025-05-26,0.0,Ilorin_South,28.52053286234542
2025-05-27,6.740624904632568,Ilorin_South,28.323470052083337
2025-05-28,6.740624904632568,Ilorin_South,26.919338480631552
2025-05-29,6.740624904632568,Ilorin_South,24.162297185262048
2025-05-30,0.0,Ilorin_South,26.190658187866234
2025-05-31,0.0,Ilorin_South,27.56982256571456
2025-06-01,8.680176734924316,Ilorin_South,27.070286051432333
2025-06-02,0.0,Ilorin_South,27.397010421752952
2025-06-03,8.680176734924316,Ilorin_South,25.99387130737307
2025-06-04,0.0,Ilorin_South,24.915043767293298
2025-06-05,8.680176734924316,Ilorin_South,27.039514160156273
2025-06-06,13.960970878601074,Ilorin_South,26.994472757975302
2025-06-07,6.980485439300537,Ilorin_South,26.23843345642092
2025-06-08,6.980485439300537,Ilorin_South,26.40263710021975
2025-06-09,0.0,Ilorin_South,26.064346567789755
2025-06-10,0.0,Ilorin_South,26.49701588948568
2025-06-11,11.10520076751709,Ilorin_South,25.828305816650413
2025-06-12,0.6593621373176575,Ilorin_South,26.921357091267907
2025-06-13,3.061551332473755,Ilorin_South,27.253553644816122
2025-06-14,14.363667488098145,Ilorin_South,25.711015955607138
2025-06-15,4.497175693511963,Ilorin_South,26.51358311971029
2025-06-16,27.47731590270996,Ilorin_South,27.160569763183616
2025-06-17,6.86932897567749,Ilorin_South,27.019606526692712
2025-06-18,6.86932897567749,Ilorin_South,26.67140350341799
2025-06-19,6.86932897567749,Ilorin_South,26.58743820190432
2025-06-20,0.0,Ilorin_South,26.081932957967126
2025-06-21,0.0,Ilorin_South,25.68489227294924
2025-06-22,0.0,Ilorin_South,26.15667050679525
2025-06-23,0.0,Ilorin_South,26.331519699096702
2025-06-24,0.0,Ilorin_South,26.879466629028343
2025-06-25,0.0,Ilorin_South,26.7150811513265
2025-06-26,19.41990852355957,Ilorin_South,26.18291816711428
2025-06-27,0.0,Ilorin_South,25.93173751831057
2025-06-28,0.0,Ilorin_South,26.92513554890951
2025-06-29,0.0,Ilorin_South,26.29816843668624
2025-06-30,0.0,Ilorin_South,26.012319183349632
2025-07-01,16.083311080932617,Ilorin_South,25.72607828776046
2025-07-02,26.705358505249023,Ilorin_South,25.370100911458337
2025-07-03,21.376220703125,Ilorin_South,24.017042414347372
2025-07-04,5.346758842468262,Ilorin_South,23.082154210408532
2025-07-05,5.999441623687744,Ilorin_South,24.290113703409872
2025-07-06,5.5193190574646,Ilorin_South,24.042253748575888
2025-07-07,5.5193190574646,Ilorin_South,24.285710906982445
2025-07-08,16.55795669555664,Ilorin_South,24.258648808797204
2025-07-09,5.5193190574646,Ilorin_South,23.876173273722372
2025-07-10,0.0,Ilorin_South,25.166940943400107
2025-07-11,0.0,Ilorin_South,25.047568257649743
2025-07-12,0.0,Ilorin_South,24.735121027628622
2025-07-13,0.0,Ilorin_South,24.530158615112327
2025-07-14,0.0,Ilorin_South,25.13066762288412
2025-07-15,0.0,Ilorin_South,25.462114588419638
2025-07-16,0.0,Ilorin_South,24.430579757690452
2025-07-17,0.0,Ilorin_South,24.32853024800619
2025-07-18,0.0,Ilorin_South,24.98730621337893
2025-07-19,0.0,Ilorin_South,25.611943181355798
2025-07-20,0.0,Ilorin_South,25.664076741536462
2025-07-21,4.086708068847656,Ilorin_South,24.90327606201174
2025-07-22,4.086708068847656,Ilorin_South,22.97629636128744
2025-07-23,0.0,Ilorin_South,24.7523183186849
2025-07-24,0.0,Ilorin_South,25.087939198811853
2025-07-25,0.0,Ilorin_South,25.327769215901696
2025-07-26,0.0,Ilorin_South,23.8637577056885
2025-07-27,0.0,Ilorin_South,24.333981450398767
2025-07-28,0.0,Ilorin_South,24.78919690450033
2025-07-29,0.0,Ilorin_South,25.620154953002952
2025-07-30,0.0,Ilorin_South,25.34171320597335
2025-07-31,0.0,Ilorin_South,24.793361918131552
2025-08-01,7.401403903961182,Ilorin_South,24.62399826049807
2025-08-02,7.401403903961182,Ilorin_South,25.47038294474288
2025-08-03,14.802807807922363,Ilorin_South,24.460666275024437
2025-08-04,0.0,Ilorin_South,22.429165140787802
2025-08-05,0.0,Ilorin_South,23.96625925699874
2025-08-06,0.0,Ilorin_South,24.08493576049807
2025-08-07,0.0,Ilorin_South,24.1984687805176
2025-08-08,0.0,Ilorin_South,24.29250869750979
2025-08-09,0.0,Ilorin_South,22.86604016621908
2025-08-10,0.0,Ilorin_South,24.612482325236044
2025-08-11,0.0,Ilorin_South,24.919233576456747
2025-08-12,0.0,Ilorin_South,24.24175351460775
2025-08-13,0.0,Ilorin_South,25.03899408976241
2025-08-14,14.44771957397461,Ilorin_South,24.731259918212913
2025-08-15,14.44771957397461,Ilorin_South,22.924881235758505
2025-08-16,0.0,Ilorin_South,21.612727101643884
2025-08-17,18.59954833984375,Ilorin_South,23.89718907674154
2025-08-18,0.0,Ilorin_South,24.469090398152673
2025-08-19,0.0,Ilorin_South,24.79532712300619
2025-08-20,0.0,Ilorin_South,24.57465769449874
2025-08-21,0.0,Ilorin_South,23.507833735148154
2025-08-22,0.0,Ilorin_South,24.320544179280603
2025-08-23,0.0,Ilorin_South,24.96848068237307
2025-08-24,0.0,Ilorin_South,24.87066548665365
2025-08-25,0.0,Ilorin_South,25.264353052775107
2025-08-26,0.0,Ilorin_South,23.864535903930687
2025-08-27,0.0,Ilorin_South,24.849694824218773
2025-08-28,0.0,Ilorin_South,24.82517331441244
2025-08-29,0.0,Ilorin_South,24.567461903889978
2025-08-30,0.0,Ilorin_South,24.37295811971029
2025-08-31,0.0,Ilorin_South,24.465686416626
2025-09-01,0.0,Ilorin_South,25.187160746256552
2025-09-02,13.539112091064453,Ilorin_South,25.349068578084314
2025-09-03,13.539112091064453,Ilorin_South,24.701469039917015
2025-09-04,0.0,Ilorin_South,24.910397466023767
2025-09-05,0.0,Ilorin_South,25.135614649454794
2025-09-06,6.0290093421936035,Ilorin_South,25.24734268188479
2025-09-07,6.0290093421936035,Ilorin_South,25.53704986572268
2025-09-08,12.058018684387207,Ilorin_South,24.904074605305993
2025-09-09,0.0,Ilorin_South,24.041756566365564
2025-09-10,0.0,Ilorin_South,25.683093007405603
2025-09-11,0.0,Ilorin_South,25.439225133260095
2025-09-12,0.0,Ilorin_South,23.38814188639327
2025-09-13,0.0,Ilorin_South,24.430141067504906
2025-09-14,0.0,Ilorin_South,25.263351058959984
2025-09-15,54.28203201293945,Ilorin_South,24.529503758748376
2025-09-16,10.474442481994629,Ilorin_South,24.674111938476585
2025-09-17,0.0,Ilorin_South,25.320054626464866
2025-09-18,31.423328399658203,Ilorin_South,25.001648839314782
2025-09-19,10.474442481994629,Ilorin_South,25.376357014973962
2025-09-20,31.423328399658203,Ilorin_South,25.18944384257003
2025-09-21,14.118812561035156,Ilorin_South,25.0345448811849
2025-09-22,7.059406280517578,Ilorin_South,25.426377868652366
2025-09-23,14.118812561035156,Ilorin_South,24.918443298339866
2025-09-24,7.059406280517578,Ilorin_South,25.39649925231936
2025-09-25,14.118812561035156,Ilorin_South,24.329236602783226
2025-09-26,11.235200881958008,Ilorin_South,25.43532269795736
2025-09-27,22.470401763916016,Ilorin_South,24.95274378458663
2025-09-28,33.705604553222656,Ilorin_South,25.03918609619143
2025-09-29,11.235200881958008,Ilorin_South,25.09011802673342
2025-09-30,0.0,Ilorin_South,25.771550750732445
2025-10-01,11.071785926818848,Ilorin_South,25.03459765116378
2025-10-02,0.0,Ilorin_South,25.321819559733115
2025-10-03,0.0,Ilorin_South,26.701498921712243
2025-10-04,11.071785926818848,Ilorin_South,26.214905039469443
2025-10-05,11.071785926818848,Ilorin_South,25.07956975301107
2025-10-06,1.398038625717163,Ilorin_South,24.590419387817406
2025-10-07,11.712584495544434,Ilorin_South,23.14988225301107
2025-10-08,0.7091920375823975,Ilorin_South,25.48675371805831
2025-10-09,0.0,Ilorin_South,25.871395365397177
2025-10-10,8.280003547668457,Ilorin_South,23.852669016520224
2025-10-11,9.123095512390137,Ilorin_South,24.739563878377282
2025-10-12,4.561547756195068,Ilorin_South,24.3372576395671
2025-10-13,9.123095512390137,Ilorin_South,24.715435282389365
2025-10-14,4.561547756195068,Ilorin_South,24.588307317097986
2025-10-15,13.684643745422363,Ilorin_South,25.423748906453454
2025-10-16,3.693315029144287,Ilorin_South,24.42402801513674
2025-10-17,0.0,Ilorin_South,25.262944157918298
2025-10-18,0.0,Ilorin_South,26.084361648559593
2025-10-19,0.0,Ilorin_South,26.822663879394554
2025-10-20,3.693315029144287,Ilorin_South,26.50811665852865
2025-10-21,0.0,Ilorin_South,26.95565312703451
2025-10-22,8.866363525390625,Ilorin_South,26.52778015136721
2025-10-23,0.0,Ilorin_South,26.946293767293298
2025-10-24,8.866363525390625,Ilorin_South,26.738601938883505
2025-10-25,0.0,Ilorin_South,26.81743202209475
2025-10-26,0.0,Ilorin_South,27.193565622965536
2025-10-27,0.0,Ilorin_South,27.43089383443197
2025-10-28,0.0,Ilorin_South,27.354898707071982
2025-10-29,4.81899881362915,Ilorin_South,26.84954096476241
2025-10-30,0.0,Ilorin_South,27.14412078857424
2025-10-31,0.0,Ilorin_South,27.277985509236657
2025-11-01,0.0,Ilorin_South,27.36281547546389
2025-11-02,0.0,Ilorin_South,27.271304066975915
2025-11-03,0.0,Ilorin_South,26.958544031779013
2025-11-04,3.542417526245117,Ilorin_South,27.133908208211267
2025-11-05,3.542417526245117,Ilorin_South,27.08184394836428
2025-11-06,2.4865050315856934,Ilorin_South,27.36756032307943
2025-11-07,0.0,Ilorin_South,26.614820098876976
2025-11-08,0.0,Ilorin_South,27.64396692911788
2025-11-09,0.0,Ilorin_South,28.10913683573409
2025-11-10,0.0,Ilorin_South,28.29317754109701
2025-11-11,0.0,Ilorin_South,27.906681950887048
2025-11-12,0.4597133696079254,Ilorin_South,27.84031194051107
2025-11-13,0.9194267392158508,Ilorin_South,27.960541025797568
2025-11-14,0.0,Ilorin_South,28.241317367553734
2025-11-15,0.0,Ilorin_South,28.520731226603232
2025-11-16,0.0,Ilorin_South,28.253942743937216
2025-11-17,0.0,Ilorin_South,28.23531875610354
2025-11-18,0.0,Ilorin_South,28.053819910685263
2025-11-19,0.0,Ilorin_South,28.519560750325525
2025-11-20,0.0,Ilorin_South,28.818259175618493
2025-11-21,0.0,Ilorin_South,28.720461781819665
2025-11-22,0.0,Ilorin_South,28.955714797973656
2025-11-23,0.0,Ilorin_South,28.594326909383142
2025-11-24,0.0,Ilorin_South,28.57197532653811
2025-11-25,0.0,Ilorin_South,27.642798360188806
2025-11-26,0.0,Ilorin_South,28.81686172485354
2025-11-27,0.0,Ilorin_South,29.204529698689782
2025-11-28,0.0,Ilorin_South,29.148055013020837
2025-11-29,0.0,Ilorin_South,28.808928426106775
2025-11-30,0.0,Ilorin_South,28.835809961954794
2025-12-01,0.0,Ilorin_South,28.932192738850915
2025-12-02,0.0,Ilorin_South,28.939197794596396
2025-12-03,0.0,Ilorin_South,29.67195536295577
2025-12-04,0.0,Ilorin_South,29.41985918680831
2025-12-05,0.0,Ilorin_South,28.860739008585654
2025-12-06,0.0,Ilorin_South,28.810636774698935
2025-12-07,0.0,Ilorin_South,29.055698013305687
2025-12-08,0.0,Ilorin_South,28.809930419921898
2025-12-09,0.0,Ilorin_South,28.774061457316122
2025-12-10,0.0,Ilorin_South,28.488764063517294
2025-12-11,0.0,Ilorin_South,28.457676188151083
2025-12-12,0.0,Ilorin_South,28.861832555135095
2025-12-13,0.0,Ilorin_South,28.787544504801474
2025-12-14,0.0,Ilorin_South,29.2086171468099
2025-12-15,0.0,Ilorin_South,29.17156308492025
2025-12-16,4.983415126800537,Ilorin_South,28.16660079956057
2025-12-17,0.0,Ilorin_South,27.904307937622093
2025-12-18,0.0,Ilorin_South,28.434336598714196
2025-12-19,0.0,Ilorin_South,29.1431601206462
2025-12-20,0.0,Ilorin_South,29.434781010945642
2025-12-21,5.20498514175415,Ilorin_South,28.96643218994143
2025-12-22,0.0,Ilorin_South,28.67818730672201
2025-12-23,0.0,Ilorin_South,28.785986200968466
2025-12-24,0.0,Ilorin_South,29.04580650329592
2025-12-25,0.0,Ilorin_South,29.498495992024743
2025-12-26,0.0,Ilorin_South,29.938627497355185
2025-12-27,0.0,Ilorin_South,29.59615033467611
2025-12-28,0.0,Ilorin_South,29.57369511922201
2025-12-29,0.0,Ilorin_South,29.352664566040062
2025-12-30,0.0,Ilorin_South,29.240570958455407
2025-12-31,0.0,Ilorin_South,29.790551757812523
2021-01-01,0.0,Asa,27.476167297363304
2021-01-02,0.0,Asa,28.02137145996096
2021-01-03,0.0,Asa,28.05798492431643
2021-01-04,0.0,Asa,28.90185381571456
2021-01-05,0.0,Asa,28.432295735677087
2021-01-06,0.0,Asa,28.640109634399437
2021-01-07,0.0,Asa,28.591563161214196
2021-01-08,0.0,Asa,28.34157524108889
2021-01-09,0.0,Asa,27.863538996378622
2021-01-10,0.0,Asa,27.571293767293298
2021-01-11,0.0,Asa,27.75148735046389
2021-01-12,0.0,Asa,27.596477127075218
2021-01-13,0.0,Asa,27.430013910929404
2021-01-14,0.0,Asa,27.224165852864587
2021-01-15,0.0,Asa,27.020949300130212
2021-01-16,0.0,Asa,27.18055686950686
2021-01-17,0.0,Asa,27.45656865437826
2021-01-18,0.0,Asa,27.678829447428427
2021-01-19,0.0,Asa,27.47147394816085
2021-01-20,0.0,Asa,26.872537231445335
2021-01-21,0.0,Asa,27.203995641072595
2021-01-22,0.0,Asa,26.286328887939476
2021-01-23,0.0,Asa,26.801351801554404
2021-01-24,0.0,Asa,27.35607744852706
2021-01-25,0.0,Asa,26.9785037994385
2021-01-26,0.0,Asa,27.364202117919945
2021-01-27,0.0,Asa,27.431827163696312
2021-01-28,0.0,Asa,27.775896326700888
2021-01-29,0.0,Asa,28.353773371378622
2021-01-30,0.0,Asa,28.017477925618493
2021-01-31,0.0,Asa,27.35712331136068
2021-02-01,0.0,Asa,28.07918192545577
2021-02-02,0.0,Asa,28.258124923706077
2021-02-03,0.0,Asa,28.841906483968103
2021-02-04,0.0,Asa,29.064935938517294
2021-02-05,0.0,Asa,28.725579833984398
2021-02-06,0.0,Asa,29.11226870218917
2021-02-07,0.0,Asa,29.189495340983115
2021-02-08,0.0,Asa,29.15400403340658
2021-02-09,0.0,Asa,28.507158533732138
2021-02-10,0.0,Asa,29.015874481201195
2021-02-11,5.225660800933838,Asa,29.548424657185876
2021-02-12,0.0,Asa,29.61806131998702
2021-02-13,0.0,Asa,29.35166956583663
2021-02-14,0.0,Asa,29.37716636657717
2021-02-15,0.0,Asa,30.083035405476892
2021-02-16,0.0,Asa,29.77518552144369
2021-02-17,0.0,Asa,28.794409052530966
2021-02-18,0.0,Asa,27.270427958170615
2021-02-19,0.0,Asa,25.548429743448935
2021-02-20,0.0,Asa,25.683529154459677
2021-02-21,0.0,Asa,26.725426610310876
2021-02-22,0.0,Asa,27.295365269978845
2021-02-23,0.0,Asa,27.888791656494163
2021-02-24,0.0,Asa,29.050680414835654
2021-02-25,0.0,Asa,29.554039255778036
2021-02-26,0.0,Asa,29.551495488484704
2021-02-27,0.0,Asa,29.142729695638025
2021-02-28,0.0,Asa,29.59607340494796
2021-03-01,0.0,Asa,29.769308980305993
2021-03-02,0.0,Asa,29.782435989379906
2021-03-03,0.0,Asa,30.060432052612327
2021-03-04,0.0,Asa,29.71291885375979
2021-03-05,1.8515148162841797,Asa,30.114064153035486
2021-03-06,2.1853606700897217,Asa,30.359484608968103
2021-03-07,2.1853606700897217,Asa,30.720013554890954
2021-03-08,0.0,Asa,30.48190587361654
2021-03-09,0.0,Asa,29.69573046366378
2021-03-10,4.370721340179443,Asa,29.415240859985374
2021-03-11,3.1929337978363037,Asa,28.95918744405111
2021-03-12,6.385867595672607,Asa,28.58411814371749
2021-03-13,6.385867595672607,Asa,27.893293635050497
2021-03-14,3.1929337978363037,Asa,28.372863388061546
2021-03-15,0.0,Asa,29.209764734904013
2021-03-16,4.999861240386963,Asa,28.43015060424807
2021-03-17,0.0,Asa,27.657966868082724
2021-03-18,14.99958324432373,Asa,27.267522430419945
2021-03-19,0.0,Asa,27.31947034200033
2021-03-20,9.999722480773926,Asa,27.567011769612634
2021-03-21,5.391090393066406,Asa,27.93260854085287
2021-03-22,0.0,Asa,28.224834060668968
2021-03-23,5.391090393066406,Asa,28.533986028035486
2021-03-24,0.0,Asa,27.670028305053734
2021-03-25,0.0,Asa,27.874942398071312
2021-03-26,0.0,Asa,29.251812871297204
2021-03-27,0.0,Asa,29.01507975260421
2021-03-28,0.0,Asa,29.033810551961267
2021-03-29,0.0,Asa,29.20228538513186
2021-03-30,0.0,Asa,29.636530812581384
2021-03-31,0.0,Asa,29.702267583211267
2021-04-01,0.0,Asa,29.97261454264327
2021-04-02,0.0,Asa,29.74993031819662
2021-04-03,0.0,Asa,29.984467442830407
2021-04-04,0.0,Asa,30.285151418050134
2021-04-05,0.0,Asa,30.156708017985068
2021-04-06,0.0,Asa,30.488362884521507
2021-04-07,0.0,Asa,30.66513595581057
2021-04-08,7.239569187164307,Asa,30.85826708475753
2021-04-09,14.479138374328613,Asa,29.293687438964866
2021-04-10,7.239569187164307,Asa,29.785917536417685
2021-04-11,13.82200813293457,Asa,28.73564745585128
2021-04-12,0.0,Asa,29.581009801228845
2021-04-13,13.82200813293457,Asa,29.195089594523154
2021-04-14,0.0,Asa,29.601151402791345
2021-04-15,13.82200813293457,Asa,29.434123611450218
2021-04-16,2.7540955543518066,Asa,29.008279418945335
2021-04-17,0.0,Asa,28.33425356547042
2021-04-18,8.262286186218262,Asa,29.37908007303878
2021-04-19,0.0,Asa,29.38465588887533
2021-04-20,0.0,Asa,29.380935923258505
2021-04-21,0.0,Asa,29.688694254557333
2021-04-22,13.094674110412598,Asa,28.701426442464196
2021-04-23,0.0,Asa,29.442401504516624
2021-04-24,3.2736685276031494,Asa,29.057679112752282
2021-04-25,3.2736685276031494,Asa,29.0480730692546
2021-04-26,0.0,Asa,29.890285110473656
2021-04-27,4.73107385635376,Asa,29.61913197835287
2021-04-28,4.73107385635376,Asa,28.878163274129236
2021-04-29,0.0,Asa,29.379591242472372
2021-04-30,0.0,Asa,29.209649658203148
2021-05-01,0.0,Asa,29.90954996744796
2021-05-02,0.0,Asa,29.904941177368187
2021-05-03,5.191281795501709,Asa,28.294895426432333
2021-05-04,15.573844909667969,Asa,28.49023590087893
2021-05-05,0.0,Asa,28.886123911539755
2021-05-06,17.971769332885742,Asa,28.592993036905966
2021-05-07,11.981179237365723,Asa,27.316952641805017
2021-05-08,0.0,Asa,27.63632481892904
2021-05-09,11.981179237365723,Asa,26.94254328409835
2021-05-10,0.0,Asa,27.413180923461937
2021-05-11,0.0,Asa,28.90421320597335
2021-05-12,0.0,Asa,28.340992863972986
2021-05-13,0.0,Asa,27.923837916056357
2021-05-14,0.0,Asa,28.62950922648116
2021-05-15,11.644977569580078,Asa,28.518717066446982
2021-05-16,0.0,Asa,28.823714192708337
2021-05-17,11.288140296936035,Asa,28.389900461832724
2021-05-18,7.525426864624023,Asa,28.178691482543968
2021-05-19,7.525426864624023,Asa,28.88349876403811
2021-05-20,3.7627134323120117,Asa,27.67110977172854
2021-05-21,0.0,Asa,28.322138722737634
2021-05-22,10.125052452087402,Asa,27.310394541422568
2021-05-23,0.0,Asa,28.3365194956462
2021-05-24,0.0,Asa,29.001468276977562
2021-05-25,0.0,Asa,28.654609934488974
2021-05-26,0.0,Asa,28.88816858927413
2021-05-27,0.0,Asa,28.76248703002932
2021-05-28,5.32893180847168,Asa,28.880100504557333
2021-05-29,5.32893180847168,Asa,28.265693918863974
2021-05-30,10.65786361694336,Asa,28.640348688761435
2021-05-31,5.32893180847168,Asa,28.652659988403343
2021-06-01,15.958456993103027,Asa,28.29242858886721
2021-06-02,0.0,Asa,28.787337875366234
2021-06-03,0.0,Asa,29.27037137349447
2021-06-04,23.937685012817383,Asa,26.92975769042971
2021-06-05,7.979228496551514,Asa,26.56464220682784
2021-06-06,0.0,Asa,26.974091466267907
2021-06-07,0.0,Asa,28.00515963236495
2021-06-08,16.32961654663086,Asa,28.45548782348635
2021-06-09,0.0,Asa,26.84473571777346
2021-06-10,0.0,Asa,27.7903877258301
2021-06-11,0.0,Asa,27.418658828735374
2021-06-12,8.60144329071045,Asa,27.924305216471396
2021-06-13,0.0,Asa,28.056587473551474
2021-06-14,0.0,Asa,27.728770828247093
2021-06-15,8.60144329071045,Asa,27.258646265665732
2021-06-16,3.466229200363159,Asa,26.20826683044436
2021-06-17,0.0,Asa,26.761667505900107
2021-06-18,0.0,Asa,27.17234319051107
2021-06-19,0.0,Asa,27.020979181925497
2021-06-20,17.331146240234375,Asa,24.40031204223635
2021-06-21,0.0,Asa,25.090236918131552
2021-06-22,22.999357223510742,Asa,25.108509318033896
2021-06-23,11.499678611755371,Asa,25.01394106547042
2021-06-24,0.0,Asa,26.268284098307333
2021-06-25,0.0,Asa,26.696299489339196
2021-06-26,10.323418617248535,Asa,25.157677586873376
2021-06-27,0.0,Asa,26.092664972941122
2021-06-28,6.882278919219971,Asa,26.331418609619163
2021-06-29,0.0,Asa,25.681626892089866
2021-06-30,6.882278919219971,Asa,25.997943496704124
2021-07-01,0.0,Asa,25.561573918660486
2021-07-02,0.0,Asa,26.169011052449548
2021-07-03,10.334837913513184,Asa,25.43140818277999
2021-07-04,0.0,Asa,25.504259363810263
2021-07-05,0.0,Asa,26.392057673136435
2021-07-06,11.170828819274902,Asa,25.868904368082724
2021-07-07,0.0,Asa,25.197949981689476
2021-07-08,0.0,Asa,25.95518519083663
2021-07-09,0.0,Asa,24.637414550781273
2021-07-10,0.0,Asa,25.14432805379232
2021-07-11,6.740994453430176,Asa,25.201954142252646
2021-07-12,13.481988906860352,Asa,24.94207598368331
2021-07-13,0.0,Asa,25.907820002237997
2021-07-14,0.0,Asa,25.819820658365927
2021-07-15,0.0,Asa,25.51234079996749
2021-07-16,7.840332984924316,Asa,24.04035021464034
2021-07-17,0.0,Asa,24.83446337382003
2021-07-18,0.0,Asa,25.39541587829592
2021-07-19,0.0,Asa,24.793719863891624
2021-07-20,0.0,Asa,24.951405461629236
2021-07-21,0.0,Asa,25.415249125162802
2021-07-22,0.0,Asa,25.755893961588583
2021-07-23,0.0,Asa,26.167403157552087
2021-07-24,0.0,Asa,25.258131917317712
2021-07-25,0.0,Asa,25.497147496541345
2021-07-26,0.0,Asa,23.32614415486654
2021-07-27,0.0,Asa,23.658357238769554
2021-07-28,0.0,Asa,25.00604400634768
2021-07-29,0.0,Asa,25.903681055704794
2021-07-30,0.0,Asa,24.82973696390792
2021-07-31,0.0,Asa,25.116668955485068
2021-08-01,0.0,Asa,25.933337148030603
2021-08-02,9.937374114990234,Asa,25.413159942626976
2021-08-03,0.0,Asa,25.138080215454124
2021-08-04,4.968687057495117,Asa,24.700718816121423
2021-08-05,0.0,Asa,23.891160583496116
2021-08-06,5.889904022216797,Asa,25.509748713175497
2021-08-07,11.779808044433594,Asa,23.810983912150107
2021-08-08,17.66971206665039,Asa,22.986341730753622
2021-08-09,0.0,Asa,24.1519549051921
2021-08-10,0.0,Asa,24.35435002644857
2021-08-11,17.0499210357666,Asa,23.989164606730185
2021-08-12,0.0,Asa,24.196492767334007
2021-08-13,17.0499210357666,Asa,23.452702458699548
2021-08-14,0.0,Asa,24.174534098307333
2021-08-15,0.0,Asa,24.23158671061202
2021-08-16,15.059179306030273,Asa,23.59490292867025
2021-08-17,15.059179306030273,Asa,24.05105361938479
2021-08-18,0.0,Asa,23.014325078328454
2021-08-19,0.0,Asa,22.588096872965536
2021-08-20,15.059179306030273,Asa,24.415711339314782
2021-08-21,0.0,Asa,23.43218256632491
2021-08-22,10.125282287597656,Asa,24.45790824890139
2021-08-23,20.250564575195312,Asa,24.32939173380538
2021-08-24,30.37584686279297,Asa,24.07162437438967
2021-08-25,10.125282287597656,Asa,24.31529261271163
2021-08-26,16.15741729736328,Asa,23.127645111084007
2021-08-27,24.236125946044922,Asa,23.210438664754236
2021-08-28,0.0,Asa,24.811971282959007
2021-08-29,16.15741729736328,Asa,24.75598742167159
2021-08-30,8.07870864868164,Asa,23.247253672281943
2021-08-31,0.0,Asa,25.42114664713546
2021-09-01,31.25839614868164,Asa,25.204111353556357
2021-09-02,20.838930130004883,Asa,23.017235056559286
2021-09-03,20.838930130004883,Asa,24.420319493611657
2021-09-04,0.0,Asa,24.327010091145837
2021-09-05,0.0,Asa,25.16479899088546
2021-09-06,0.0,Asa,23.966373062133812
2021-09-07,11.23824691772461,Asa,25.323208745320642
2021-09-08,11.23824691772461,Asa,24.634622828165732
2021-09-09,22.47649383544922,Asa,25.702603276570642
2021-09-10,33.71474075317383,Asa,25.312895711263025
2021-09-11,9.838451385498047,Asa,24.642683919270837
2021-09-12,0.0,Asa,26.613129552205407
2021-09-13,29.515356063842773,Asa,24.872932052612327
2021-09-14,9.838451385498047,Asa,24.213021214803064
2021-09-15,9.838451385498047,Asa,24.87561632792159
2021-09-16,6.481141090393066,Asa,24.872166570027673
2021-09-17,12.962282180786133,Asa,24.63775469462081
2021-09-18,12.962282180786133,Asa,25.417406972249353
2021-09-19,0.0,Asa,25.531098302205407
2021-09-20,19.44342041015625,Asa,25.90459276835128
2021-09-21,22.12409210205078,Asa,25.107273991902673
2021-09-22,13.274456024169922,Asa,23.874278004964196
2021-09-23,0.0,Asa,24.487195587158226
2021-09-24,8.849637031555176,Asa,25.60550715128585
2021-09-25,0.0,Asa,24.95948753356936
2021-09-26,0.0,Asa,25.250753657023154
2021-09-27,0.0,Asa,25.226646677653036
2021-09-28,3.9139621257781982,Asa,25.679984664917015
2021-09-29,11.741886138916016,Asa,24.972292836507165
2021-09-30,7.8279242515563965,Asa,24.185804621378622
2021-10-01,0.0,Asa,24.979011789957724
2021-10-02,9.488386154174805,Asa,26.394549942016624
2021-10-03,0.0,Asa,25.788893636067712
2021-10-04,9.488386154174805,Asa,26.277265803019247
2021-10-05,18.97677230834961,Asa,26.6080038706462
2021-10-06,13.389211654663086,Asa,25.431106821696005
2021-10-07,13.389211654663086,Asa,25.924478149414085
2021-10-08,13.389211654663086,Asa,26.53375841776534
2021-10-09,13.389211654663086,Asa,26.615643437703454
2021-10-10,0.0,Asa,26.269979095459007
2021-10-11,0.0,Asa,27.077060317993187
2021-10-12,0.0,Asa,27.674914296468103
2021-10-13,0.0,Asa,27.307997639973962
2021-10-14,6.548048973083496,Asa,26.508658981323265
2021-10-15,6.548048973083496,Asa,26.903365707397484
2021-10-16,0.0,Asa,26.764834976196312
2021-10-17,16.680391311645508,Asa,26.578408813476585
2021-10-18,0.0,Asa,25.661639785766624
2021-10-19,12.510293960571289,Asa,26.575982666015648
2021-10-20,12.510293960571289,Asa,25.46551920572921
2021-10-21,0.0,Asa,25.74306767781576
2021-10-22,5.973624229431152,Asa,25.401375071207724
2021-10-23,17.920873641967773,Asa,23.55813115437826
2021-10-24,0.0,Asa,25.65153528849288
2021-10-25,0.0,Asa,27.11727104187014
2021-10-26,0.0,Asa,26.302272415161156
2021-10-27,8.711094856262207,Asa,25.939569091796898
2021-10-28,0.0,Asa,26.007461802164755
2021-10-29,0.0,Asa,27.010715103149437
2021-10-30,0.0,Asa,26.969953791300497
2021-10-31,8.711094856262207,Asa,27.148809051513695
2021-11-01,0.0,Asa,26.991250610351585
2021-11-02,7.934665679931641,Asa,26.539270019531273
2021-11-03,0.0,Asa,27.146925226847372
2021-11-04,7.934665679931641,Asa,27.164717610677087
2021-11-05,3.9673328399658203,Asa,26.994734064737997
2021-11-06,0.0,Asa,27.235781606038415
2021-11-07,0.0,Asa,27.408314005533896
2021-11-08,0.0,Asa,27.22377166748049
2021-11-09,0.0,Asa,27.356705602010095
2021-11-10,9.526741027832031,Asa,26.69558931986495
2021-11-11,6.396116256713867,Asa,27.394135411580407
2021-11-12,3.1980581283569336,Asa,27.138974126180017
2021-11-13,0.0,Asa,27.039912160237634
2021-11-14,3.1980581283569336,Asa,27.303859329223656
2021-11-15,0.0,Asa,27.593209203084314
2021-11-16,0.0,Asa,27.39843012491866
2021-11-17,11.469608306884766,Asa,27.875617599487327
2021-11-18,0.0,Asa,28.201081212361657
2021-11-19,0.0,Asa,28.183426157633505
2021-11-20,0.0,Asa,27.932537968953454
2021-11-21,0.0,Asa,27.533409372965536
2021-11-22,0.0,Asa,27.69630902608236
2021-11-23,0.0,Asa,28.02629178365072
2021-11-24,0.0,Asa,28.294600423177087
2021-11-25,0.0,Asa,28.512589391072595
2021-11-26,0.0,Asa,28.453085835774743
2021-11-27,0.0,Asa,27.79300778706869
2021-11-28,0.0,Asa,28.13650728861495
2021-11-29,0.0,Asa,27.81419970194503
2021-11-30,0.0,Asa,28.012393569946312
2021-12-01,0.0,Asa,27.611593500773154
2021-12-02,0.0,Asa,27.676089223225915
2021-12-03,0.0,Asa,28.04796943664553
2021-12-04,0.0,Asa,28.180984751383505
2021-12-05,0.0,Asa,28.89942893981936
2021-12-06,0.0,Asa,29.159342066446982
2021-12-07,0.0,Asa,28.199707285563193
2021-12-08,0.0,Asa,27.5350331624349
2021-12-09,0.0,Asa,27.002799606323265
2021-12-10,0.0,Asa,27.80421155293783
2021-12-11,0.0,Asa,27.246679560343466
2021-12-12,0.0,Asa,27.607172266642294
2021-12-13,0.0,Asa,27.897636032104515
2021-12-14,0.0,Asa,27.994897460937523
2021-12-15,0.0,Asa,27.76908963521322
2021-12-16,0.0,Asa,26.801520919799827
2021-12-17,0.0,Asa,27.09217478434249
2021-12-18,0.0,Asa,25.936762746175134
2021-12-19,0.0,Asa,25.882338460286462
2021-12-20,0.0,Asa,25.954672749837243
2021-12-21,0.0,Asa,26.64490915934249
2021-12-22,0.0,Asa,27.51088422139486
2021-12-23,0.0,Asa,28.602056121826195
2021-12-24,0.0,Asa,28.38150812784835
2021-12-25,0.0,Asa,27.667836761474632
2021-12-26,0.0,Asa,28.012406285603845
2021-12-27,0.0,Asa,27.54046211242678
2021-12-28,0.0,Asa,27.62507336934408
2021-12-29,0.0,Asa,27.34250157674154
2021-12-30,0.0,Asa,27.362439727783226
2021-12-31,0.0,Asa,27.207235590616904
2022-01-01,0.0,Asa,27.441755549112997
2022-01-02,0.0,Asa,26.94237353007003
2022-01-03,0.0,Asa,26.827347691853845
2022-01-04,0.0,Asa,27.200638707478845
2022-01-05,0.0,Asa,27.077319081624353
2022-01-06,0.0,Asa,28.24042917887374
2022-01-07,0.0,Asa,28.303227996826195
2022-01-08,0.0,Asa,28.280686950683616
2022-01-09,0.0,Asa,28.637511825561546
2022-01-10,0.0,Asa,28.34126752217611
2022-01-11,0.0,Asa,27.764187113444052
2022-01-12,0.0,Asa,28.24854431152346
2022-01-13,0.0,Asa,28.583315785725915
2022-01-14,0.0,Asa,28.377613321940146
2022-01-15,0.0,Asa,28.075277582804404
2022-01-16,0.0,Asa,28.024389521280966
2022-01-17,0.0,Asa,26.65650583902999
2022-01-18,0.0,Asa,25.80814641316732
2022-01-19,0.0,Asa,25.762353515625023
2022-01-20,0.0,Asa,26.469777679443382
2022-01-21,0.0,Asa,26.51264343261721
2022-01-22,0.0,Asa,26.706353759765648
2022-01-23,0.0,Asa,26.816353098551474
2022-01-24,0.0,Asa,26.737847900390648
2022-01-25,0.0,Asa,26.634547805786156
2022-01-26,0.0,Asa,26.67760810852053
2022-01-27,0.0,Asa,26.656167602539085
2022-01-28,0.0,Asa,26.737684504191122
2022-01-29,0.0,Asa,26.862000401814782
2022-01-30,0.0,Asa,25.95214678446456
2022-01-31,0.0,Asa,25.829486465454124
2022-02-01,0.0,Asa,26.086239115397177
2022-02-02,0.0,Asa,26.19048970540365
2022-02-03,0.0,Asa,26.606843566894554
2022-02-04,0.0,Asa,26.678294118245446
2022-02-05,0.0,Asa,27.030748621622763
2022-02-06,0.0,Asa,27.437253570556663
2022-02-07,0.0,Asa,27.3852528889974
2022-02-08,0.0,Asa,27.599077479044638
2022-02-09,0.0,Asa,28.12968788146975
2022-02-10,0.0,Asa,28.439748382568382
2022-02-11,0.0,Asa,28.461923853556357
2022-02-12,0.0,Asa,27.880710220336937
2022-02-13,0.0,Asa,28.722571945190452
2022-02-14,0.0,Asa,29.197307205200218
2022-02-15,0.0,Asa,28.466558074951195
2022-02-16,0.0,Asa,28.82367095947268
2022-02-17,0.0,Asa,29.199859873453818
2022-02-18,0.0,Asa,29.953990554809593
2022-02-19,0.0,Asa,29.689274724324548
2022-02-20,0.0,Asa,29.18033116658529
2022-02-21,0.0,Asa,28.369982655843103
2022-02-22,0.0,Asa,28.889322535196982
2022-02-23,0.0,Asa,29.01537221272787
2022-02-24,0.0,Asa,29.339443461100302
2022-02-25,0.0,Asa,29.43793958028158
2022-02-26,0.0,Asa,29.553095753987634
2022-02-27,0.0,Asa,29.51580963134768
2022-02-28,0.0,Asa,29.97396303812667
2022-03-01,0.0,Asa,30.328411992390954
2022-03-02,1.432517409324646,Asa,30.082115427653036
2022-03-03,2.865034818649292,Asa,29.836189524332724
2022-03-04,2.865034818649292,Asa,28.089618301391624
2022-03-05,4.297552108764648,Asa,28.23424364725753
2022-03-06,0.0,Asa,29.164542770385765
2022-03-07,0.0,Asa,29.28875630696615
2022-03-08,0.0,Asa,30.37975908915206
2022-03-09,0.0,Asa,30.850006357828818
2022-03-10,0.0,Asa,30.642495727539085
2022-03-11,6.106908321380615,Asa,29.79684219360354
2022-03-12,3.0534541606903076,Asa,29.520637130737327
2022-03-13,0.0,Asa,28.83179944356283
2022-03-14,0.0,Asa,30.014550781250023
2022-03-15,0.0,Asa,29.96368306477865
2022-03-16,0.0,Asa,29.787188466389978
2022-03-17,0.5513901114463806,Asa,30.515107727050804
2022-03-18,0.0,Asa,30.396759287516318
2022-03-19,0.5513901114463806,Asa,29.866163508097372
2022-03-20,1.1027802228927612,Asa,30.205802536010765
2022-03-21,1.281037449836731,Asa,30.380264536539755
2022-03-22,1.281037449836731,Asa,30.130752817789755
2022-03-23,1.281037449836731,Asa,29.892120615641318
2022-03-24,1.281037449836731,Asa,29.613341903686546
2022-03-25,0.0,Asa,30.486575063069665
2022-03-26,0.0,Asa,30.85329971313479
2022-03-27,0.0,Asa,30.67054456075033
2022-03-28,0.0,Asa,30.652267074584984
2022-03-29,0.0,Asa,30.47993431091311
2022-03-30,0.0,Asa,30.223881657918298
2022-03-31,6.443577289581299,Asa,30.380811945597372
2022-04-01,5.203248023986816,Asa,30.409771219889365
2022-04-02,0.0,Asa,29.50493647257491
2022-04-03,0.0,Asa,29.925826644897484
2022-04-04,5.203248023986816,Asa,28.955677286783896
2022-04-05,7.804872035980225,Asa,29.720785395304404
2022-04-06,6.59859037399292,Asa,30.27192840576174
2022-04-07,0.0,Asa,29.450755055745446
2022-04-08,6.59859037399292,Asa,29.60360997517904
2022-04-09,6.59859037399292,Asa,29.323903656005882
2022-04-10,0.0,Asa,29.769366836547874
2022-04-11,0.0,Asa,29.42803217569991
2022-04-12,3.6583685874938965,Asa,28.413265482584677
2022-04-13,0.0,Asa,27.225464121500693
2022-04-14,3.6583685874938965,Asa,28.492320632934593
2022-04-15,10.975106239318848,Asa,27.52399342854818
2022-04-16,0.0,Asa,27.811889266967796
2022-04-17,12.209136962890625,Asa,27.372924423217796
2022-04-18,12.209136962890625,Asa,24.901062266031943
2022-04-19,4.069712162017822,Asa,27.38509012858077
2022-04-20,8.139424324035645,Asa,28.228319422404013
2022-04-21,8.590222358703613,Asa,26.48359324137374
2022-04-22,0.0,Asa,28.382049814860068
2022-04-23,0.0,Asa,28.756863530476892
2022-04-24,17.180444717407227,Asa,28.26048876444503
2022-04-25,0.0,Asa,28.2554705301921
2022-04-26,0.0,Asa,28.055505371093773
2022-04-27,6.092855453491211,Asa,27.555635070800804
2022-04-28,3.0464277267456055,Asa,27.72020047505697
2022-04-29,3.0464277267456055,Asa,27.518060302734398
2022-04-30,0.0,Asa,27.820137914021814
2022-05-01,0.0,Asa,28.199024454752646
2022-05-02,11.074786186218262,Asa,27.973070398966513
2022-05-03,0.0,Asa,28.183609263102255
2022-05-04,11.074786186218262,Asa,28.156175867716513
2022-05-05,0.0,Asa,28.36161130269369
2022-05-06,9.203760147094727,Asa,27.257863616943382
2022-05-07,0.0,Asa,28.00226491292318
2022-05-08,0.0,Asa,29.36136398315432
2022-05-09,9.203760147094727,Asa,27.55181783040365
2022-05-10,3.067920446395874,Asa,27.50348498026534
2022-05-11,0.0,Asa,28.715362803141318
2022-05-12,0.0,Asa,28.54406318664553
2022-05-13,21.359033584594727,Asa,28.58268826802572
2022-05-14,0.0,Asa,28.454599634806357
2022-05-15,0.0,Asa,28.255875523885095
2022-05-16,0.0,Asa,28.173644638061546
2022-05-17,0.0,Asa,28.73645680745443
2022-05-18,0.0,Asa,28.380530929565452
2022-05-19,0.0,Asa,27.069909032185876
2022-05-20,12.284175872802734,Asa,26.85010363260909
2022-05-21,23.780364990234375,Asa,25.94216117858889
2022-05-22,0.0,Asa,26.56322377522787
2022-05-23,7.926788806915283,Asa,25.497001266479515
2022-05-24,0.0,Asa,26.2028741200765
2022-05-25,0.0,Asa,26.59901072184249
2022-05-26,0.0,Asa,26.216910934448265
2022-05-27,0.0,Asa,26.665938313802087
2022-05-28,0.0,Asa,27.51531117757162
2022-05-29,0.0,Asa,27.40503527323409
2022-05-30,0.0,Asa,27.139900461832724
2022-05-31,11.452569961547852,Asa,26.755251820882165
2022-06-01,3.825406074523926,Asa,27.802925364176474
2022-06-02,0.0,Asa,28.209767278035486
2022-06-03,3.825406074523926,Asa,27.946353530883812
2022-06-04,0.0,Asa,27.32002410888674
2022-06-05,7.650812149047852,Asa,26.43115386962893
2022-06-06,0.0,Asa,25.912499364217126
2022-06-07,5.832398891448975,Asa,27.345894749959314
2022-06-08,0.0,Asa,27.74724922180178
2022-06-09,0.0,Asa,26.723114903767907
2022-06-10,17.497196197509766,Asa,26.438191986084007
2022-06-11,20.92734718322754,Asa,23.240875498453818
2022-06-12,0.0,Asa,25.93317883809408
2022-06-13,4.185469150543213,Asa,26.4697090148926
2022-06-14,8.370938301086426,Asa,24.512066141764365
2022-06-15,0.0,Asa,24.724666849772177
2022-06-16,10.171294212341309,Asa,24.309201176961267
2022-06-17,7.896481990814209,Asa,24.654454167683923
2022-06-18,3.7857742309570312,Asa,24.55360120137533
2022-06-19,1.465240716934204,Asa,25.28861770629885
2022-06-20,2.5870614051818848,Asa,25.851902898152673
2022-06-21,29.749202728271484,Asa,25.268799718221032
2022-06-22,0.0,Asa,24.15086453755697
2022-06-23,0.0,Asa,25.340265528361044
2022-06-24,19.832801818847656,Asa,25.596753692626976
2022-06-25,0.0,Asa,25.010757700602255
2022-06-26,8.51621150970459,Asa,24.872380193074548
2022-06-27,4.258105754852295,Asa,24.91436665852865
2022-06-28,0.0,Asa,25.465945180257165
2022-06-29,8.51621150970459,Asa,25.223845418294275
2022-06-30,4.258105754852295,Asa,23.18140818277999
2022-07-01,8.870092391967773,Asa,23.761994298299157
2022-07-02,8.870092391967773,Asa,24.470918273925804
2022-07-03,0.0,Asa,25.690588887532556
2022-07-04,8.870092391967773,Asa,24.73092422485354
2022-07-05,0.0,Asa,23.776738103230798
2022-07-06,0.0,Asa,25.427516555786156
2022-07-07,0.0,Asa,25.76362317403158
2022-07-08,0.0,Asa,25.085350290934286
2022-07-09,0.0,Asa,24.796723302205407
2022-07-10,0.0,Asa,25.337911224365257
2022-07-11,0.0,Asa,24.95596847534182
2022-07-12,0.0,Asa,25.34845123291018
2022-07-13,13.077235221862793,Asa,24.317955907185876
2022-07-14,0.0,Asa,24.874338404337607
2022-07-15,0.0,Asa,25.270104344685876
2022-07-16,0.0,Asa,24.364820098876976
2022-07-17,0.0,Asa,24.93244005839034
2022-07-18,0.0,Asa,25.5312324523926
2022-07-19,0.0,Asa,25.04113349914553
2022-07-20,0.0,Asa,24.44064292907717
2022-07-21,0.0,Asa,24.788197453816736
2022-07-22,10.564227104187012,Asa,23.341997400919638
2022-07-23,5.282113552093506,Asa,23.067711766560876
2022-07-24,5.282113552093506,Asa,24.363594945271814
2022-07-25,0.0,Asa,24.45832214355471
2022-07-26,9.485782623291016,Asa,24.078839238484704
2022-07-27,0.0,Asa,24.357817586263025
2022-07-28,9.485782623291016,Asa,24.225759124755882
2022-07-29,0.0,Asa,24.451840972900413
2022-07-30,28.457347869873047,Asa,23.4096453348796
2022-07-31,0.0,Asa,23.488840357462607
2022-08-01,0.0,Asa,23.55604705810549
2022-08-02,0.0,Asa,23.794260279337607
2022-08-03,0.0,Asa,24.00483665466311
2022-08-04,0.0,Asa,23.97866020202639
2022-08-05,0.0,Asa,24.463814036051474
2022-08-06,0.0,Asa,24.777094777425134
2022-08-07,0.0,Asa,25.029894129435263
2022-08-08,7.690987586975098,Asa,24.887317276001
2022-08-09,0.0,Asa,25.14088401794436
2022-08-10,0.0,Asa,25.267225519816122
2022-08-11,15.957472801208496,Asa,24.14418500264486
2022-08-12,0.0,Asa,22.20029729207357
2022-08-13,0.0,Asa,24.14968833923342
2022-08-14,31.914945602416992,Asa,21.95481961568197
2022-08-15,0.0,Asa,22.035862859090173
2022-08-16,0.0,Asa,23.829671478271507
2022-08-17,0.0,Asa,24.365549341837607
2022-08-18,14.956083297729492,Asa,25.393803532918298
2022-08-19,14.956083297729492,Asa,22.97813504536947
2022-08-20,0.0,Asa,23.98946914672854
2022-08-21,0.0,Asa,25.06701494852706
2022-08-22,33.53135299682617,Asa,24.214356358846032
2022-08-23,0.0,Asa,22.663582738240564
2022-08-24,0.0,Asa,23.80397440592452
2022-08-25,0.0,Asa,24.251674270629906
2022-08-26,31.801025390625,Asa,22.853335952758812
2022-08-27,15.9005126953125,Asa,22.516702906290732
2022-08-28,0.0,Asa,23.7209462483724
2022-08-29,0.0,Asa,23.824120457967126
2022-08-30,15.9005126953125,Asa,22.079646046956384
2022-08-31,15.9005126953125,Asa,23.338893508911156
2022-09-01,0.0,Asa,23.558265304565452
2022-09-02,30.825912475585938,Asa,23.25079243977865
2022-09-03,0.0,Asa,23.26730880737307
2022-09-04,0.0,Asa,23.99074770609542
2022-09-05,0.0,Asa,24.80985285441085
2022-09-06,0.0,Asa,24.834156926472986
2022-09-07,13.764304161071777,Asa,24.20824330647787
2022-09-08,0.0,Asa,23.76224797566732
2022-09-09,0.0,Asa,24.342639541626
2022-09-10,0.0,Asa,24.584690348307333
2022-09-11,7.118575572967529,Asa,23.357448832194052
2022-09-12,14.237151145935059,Asa,22.341016387939476
2022-09-13,0.0,Asa,23.90569648742678
2022-09-14,0.0,Asa,24.829457219441736
2022-09-15,14.237151145935059,Asa,23.049603398640954
2022-09-16,0.0,Asa,24.715294138590536
2022-09-17,0.0,Asa,24.58639806111654
2022-09-18,0.0,Asa,23.03617884318038
2022-09-19,26.949766159057617,Asa,22.13773625691732
2022-09-20,0.0,Asa,22.6141347249349
2022-09-21,12.49778938293457,Asa,23.893521245320642
2022-09-22,12.49778938293457,Asa,24.21227162679037
2022-09-23,0.0,Asa,24.217591222127282
2022-09-24,0.0,Asa,25.299472427368187
2022-09-25,12.49778938293457,Asa,25.266983922322595
2022-09-26,5.544985294342041,Asa,23.915154393514
2022-09-27,7.068789958953857,Asa,23.84055417378744
2022-09-28,22.308311462402344,Asa,23.620167032877646
2022-09-29,10.343022346496582,Asa,24.84723498026534
2022-09-30,19.040611267089844,Asa,22.79361813863119
2022-10-01,8.680181503295898,Asa,23.630419667561853
2022-10-02,8.680181503295898,Asa,25.08677762349447
2022-10-03,0.0,Asa,25.71911773681643
2022-10-04,4.340090751647949,Asa,25.2640205383301
2022-10-05,8.680181503295898,Asa,25.15945714314779
2022-10-06,29.470867156982422,Asa,22.92841746012374
2022-10-07,0.0,Asa,23.816013590494833
2022-10-08,0.0,Asa,24.663943862915062
2022-10-09,9.823622703552246,Asa,23.713305409749353
2022-10-10,9.823622703552246,Asa,24.345340347290062
2022-10-11,0.0,Asa,25.581351852417015
2022-10-12,5.460455894470215,Asa,25.429475402832054
2022-10-13,16.381366729736328,Asa,23.425727462768577
2022-10-14,10.92091178894043,Asa,24.751521046956384
2022-10-15,5.460455894470215,Asa,24.505389785766624
2022-10-16,0.0,Asa,25.60220108032229
2022-10-17,0.0,Asa,25.625132497151696
2022-10-18,0.0,Asa,26.207418696085654
2022-10-19,0.0,Asa,26.243133799235068
2022-10-20,0.0,Asa,26.393369293212913
2022-10-21,11.264684677124023,Asa,25.72668609619143
2022-10-22,5.632342338562012,Asa,26.677800750732445
2022-10-23,11.264684677124023,Asa,27.085659917195642
2022-10-24,5.632342338562012,Asa,27.151415761311853
2022-10-25,11.264684677124023,Asa,25.82358830769857
2022-10-26,0.0,Asa,26.486181513468466
2022-10-27,0.0,Asa,26.690369542439782
2022-10-28,0.0,Asa,26.395853296915732
2022-10-29,0.0,Asa,26.19069887797042
2022-10-30,0.0,Asa,26.956299718221032
2022-10-31,0.0,Asa,26.742269134521507
2022-11-01,0.0,Asa,27.293335215250693
2022-11-02,0.0,Asa,27.37820714314779
2022-11-03,0.0,Asa,27.206866836547874
2022-11-04,0.0,Asa,27.073009109497093
2022-11-05,0.0,Asa,26.946019109090173
2022-11-06,0.0,Asa,27.043863550821982
2022-11-07,0.0,Asa,27.191029485066736
2022-11-08,0.0,Asa,26.89373931884768
2022-11-09,0.0,Asa,27.376970545450888
2022-11-10,0.0,Asa,27.22278238932296
2022-11-11,0.0,Asa,26.63929901123049
2022-11-12,12.882963180541992,Asa,27.148048019409202
2022-11-13,0.0,Asa,27.4135515848796
2022-11-14,0.0,Asa,27.167655563354515
2022-11-15,0.0,Asa,26.420160547892294
2022-11-16,0.0,Asa,26.323089853922568
2022-11-17,0.0,Asa,26.450048700968466
2022-11-18,0.0,Asa,26.580786641438806
2022-11-19,0.0,Asa,26.991889572143577
2022-11-20,0.0,Asa,27.360077158610068
2022-11-21,0.0,Asa,27.58099263509115
2022-11-22,0.0,Asa,27.11985867818197
2022-11-23,0.0,Asa,27.422229385376
2022-11-24,0.0,Asa,26.735487238566122
2022-11-25,0.0,Asa,26.600626246134482
2022-11-26,0.0,Asa,26.860568618774437
2022-11-27,0.0,Asa,27.282593027750693
2022-11-28,0.0,Asa,26.8632528940837
2022-11-29,0.0,Asa,27.111712392171228
2022-11-30,0.0,Asa,26.97956555684408
2022-12-01,0.0,Asa,27.581333414713583
2022-12-02,0.0,Asa,28.082146581014
2022-12-03,0.0,Asa,28.174975331624353
2022-12-04,0.0,Asa,28.10047302246096
2022-12-05,0.0,Asa,28.42487233479818
2022-12-06,1.8581396341323853,Asa,27.33952356974288
2022-12-07,0.0,Asa,27.49985783894857
2022-12-08,0.0,Asa,27.552770868937216
2022-12-09,0.0,Asa,27.02432022094729
2022-12-10,0.0,Asa,26.633742268880212
2022-12-11,0.0,Asa,26.664998626709007
2022-12-12,0.0,Asa,26.453504816691122
2022-12-13,0.0,Asa,27.141017532348656
2022-12-14,0.0,Asa,26.794878260294638
2022-12-15,0.0,Asa,26.717427825927757
2022-12-16,0.0,Asa,27.475015894571982
2022-12-17,1.604366421699524,Asa,27.45455449422201
2022-12-18,2.4065494537353516,Asa,26.190532938639365
2022-12-19,0.0,Asa,26.501095708211267
2022-12-20,0.0,Asa,26.14199345906576
2022-12-21,0.0,Asa,25.638763682047568
2022-12-22,0.0,Asa,25.222683207194052
2022-12-23,0.0,Asa,25.299059804280603
2022-12-24,0.0,Asa,24.81230189005538
2022-12-25,0.0,Asa,24.774425125122093
2022-12-26,0.0,Asa,25.372994359334314
2022-12-27,0.0,Asa,26.414778645833337
2022-12-28,0.0,Asa,26.345388031005882
2022-12-29,0.0,Asa,26.301494216918968
2022-12-30,0.0,Asa,25.708397165934286
2022-12-31,0.0,Asa,24.945055898030603
2023-01-01,0.0,Asa,25.195973968505882
2023-01-02,0.0,Asa,25.71798222859701
2023-01-03,0.0,Asa,25.950766499837243
2023-01-04,0.0,Asa,26.75502421061202
2023-01-05,0.0,Asa,26.6071767171224
2023-01-06,1.6613258123397827,Asa,27.19582010904952
2023-01-07,0.0,Asa,27.270638402303064
2023-01-08,0.0,Asa,27.007292048136435
2023-01-09,0.0,Asa,26.568850453694665
2023-01-10,0.0,Asa,25.821560160319052
2023-01-11,0.0,Asa,25.391108449300134
2023-01-12,0.0,Asa,25.96378097534182
2023-01-13,0.0,Asa,26.049855168660486
2023-01-14,0.0,Asa,26.016514078776083
2023-01-15,0.0,Asa,26.31643638610842
2023-01-16,0.0,Asa,26.42500012715658
2023-01-17,0.0,Asa,26.74446576436361
2023-01-18,0.0,Asa,26.91531651814779
2023-01-19,0.0,Asa,27.001212692260765
2023-01-20,0.0,Asa,27.125026321411156
2023-01-21,0.0,Asa,27.730253473917685
2023-01-22,0.0,Asa,28.212962722778343
2023-01-23,0.0,Asa,28.57583834330245
2023-01-24,0.0,Asa,28.661007817586267
2023-01-25,0.0,Asa,28.467096583048544
2023-01-26,0.0,Asa,27.960034942626976
2023-01-27,0.0,Asa,28.73888422648116
2023-01-28,1.858743667602539,Asa,28.909664408365927
2023-01-29,3.717487335205078,Asa,27.841958618164085
2023-01-30,0.0,Asa,28.937404251098656
2023-01-31,0.0,Asa,28.48409233093264
2023-02-01,0.0,Asa,28.602364476521814
2023-02-02,0.0,Asa,28.530613199869833
2023-02-03,0.0,Asa,29.473633066813193
2023-02-04,0.0,Asa,29.335071182251
2023-02-05,0.0,Asa,29.335616683959984
2023-02-06,0.0,Asa,29.240670140584314
2023-02-07,0.0,Asa,28.578007634480798
2023-02-08,0.0,Asa,28.995811716715536
2023-02-09,0.0,Asa,28.7255683898926
2023-02-10,0.0,Asa,29.100771840413415
2023-02-11,0.0,Asa,29.15963706970217
2023-02-12,0.0,Asa,28.74455922444662
2023-02-13,0.0,Asa,28.385224278767907
2023-02-14,0.0,Asa,27.778307215372763
2023-02-15,2.3915207386016846,Asa,27.343100484212243
2023-02-16,0.0,Asa,26.807040786743187
2023-02-17,0.0,Asa,26.896635309855185
2023-02-18,0.0,Asa,27.916222508748376
2023-02-19,0.0,Asa,28.240152613321982
2023-02-20,0.0,Asa,28.454961395263695
2023-02-21,0.0,Asa,29.09810345967611
2023-02-22,0.0,Asa,28.71122004191085
2023-02-23,0.0,Asa,30.06003341674807
2023-02-24,0.0,Asa,30.03596903483077
2023-02-25,2.425488233566284,Asa,29.85453885396322
2023-02-26,0.0,Asa,29.738398488362634
2023-02-27,1.1573635339736938,Asa,30.172942097981775
2023-02-28,3.472090721130371,Asa,30.07716331481936
2023-03-01,0.0,Asa,30.25770530700686
2023-03-02,0.0,Asa,29.88431065877279
2023-03-03,0.0,Asa,28.58252550760909
2023-03-04,0.0,Asa,28.747197087605798
2023-03-05,8.968814849853516,Asa,29.531602478027366
2023-03-06,6.84163236618042,Asa,29.061890538533532
2023-03-07,10.26244831085205,Asa,29.59444135030111
2023-03-08,6.84163236618042,Asa,29.24152208964034
2023-03-09,6.84163236618042,Asa,29.436316426595056
2023-03-10,3.42081618309021,Asa,29.87606328328451
2023-03-11,0.0,Asa,29.03770472208663
2023-03-12,4.334473133087158,Asa,29.79719250996908
2023-03-13,0.0,Asa,28.653030649821005
2023-03-14,0.0,Asa,29.176054255167685
2023-03-15,0.0,Asa,29.50668296813967
2023-03-16,0.0,Asa,29.523819859822595
2023-03-17,0.0,Asa,29.669197972615564
2023-03-18,0.0,Asa,29.295056915283226
2023-03-19,3.1667776107788086,Asa,28.77553838094076
2023-03-20,0.0,Asa,28.66889915466311
2023-03-21,5.79225492477417,Asa,27.16360244750979
2023-03-22,2.896127462387085,Asa,25.874694442749046
2023-03-23,8.688382148742676,Asa,26.875501251220726
2023-03-24,8.688382148742676,Asa,28.266898727417015
2023-03-25,0.0,Asa,27.990186309814476
2023-03-26,12.400725364685059,Asa,27.31061960856124
2023-03-27,0.0,Asa,26.862674331665062
2023-03-28,0.0,Asa,28.764004007975302
2023-03-29,6.200362682342529,Asa,29.553517913818382
2023-03-30,0.0,Asa,29.12285639444991
2023-03-31,6.200362682342529,Asa,29.398034032185876
2023-04-01,0.0,Asa,29.287030156453454
2023-04-02,0.0,Asa,29.669096883138025
2023-04-03,3.007490396499634,Asa,29.25375645955404
2023-04-04,0.0,Asa,29.4982791900635
2023-04-05,0.0,Asa,29.495252863566122
2023-04-06,0.0,Asa,29.551163609822595
2023-04-07,6.130154132843018,Asa,29.15495643615725
2023-04-08,12.260308265686035,Asa,27.55875167846682
2023-04-09,9.195231437683105,Asa,27.679480489095056
2023-04-10,0.0,Asa,29.132652537028036
2023-04-11,11.983017921447754,Asa,29.191762542724632
2023-04-12,0.0,Asa,28.408543523152673
2023-04-13,0.0,Asa,29.716228739420615
2023-04-14,0.0,Asa,30.255740102132165
2023-04-15,11.983017921447754,Asa,28.757439549764
2023-04-16,6.123223781585693,Asa,29.2813494364421
2023-04-17,9.184835433959961,Asa,28.060660934448265
2023-04-18,0.0,Asa,29.249200439453148
2023-04-19,9.184835433959961,Asa,28.75710258483889
2023-04-20,0.0,Asa,29.284455871582054
2023-04-21,0.0,Asa,28.738750076293968
2023-04-22,0.0,Asa,28.41020291646322
2023-04-23,11.559504508972168,Asa,27.601108805338583
2023-04-24,5.779752254486084,Asa,28.930687204996786
2023-04-25,11.559504508972168,Asa,30.26984049479171
2023-04-26,0.0,Asa,28.762431716918968
2023-04-27,16.840885162353516,Asa,24.768433507283532
2023-04-28,0.0,Asa,27.49015324910482
2023-04-29,0.0,Asa,26.903802490234398
2023-04-30,0.0,Asa,27.158551152547204
2023-05-01,0.0,Asa,27.43446820576986
2023-05-02,0.0,Asa,27.876167551676474
2023-05-03,0.0,Asa,28.36233482360842
2023-05-04,29.63242530822754,Asa,27.680695470174157
2023-05-05,14.81621265411377,Asa,27.606113688151083
2023-05-06,0.0,Asa,27.888982391357445
2023-05-07,10.541335105895996,Asa,28.418260192871116
2023-05-08,15.812004089355469,Asa,28.967431004842126
2023-05-09,0.0,Asa,29.000072097778343
2023-05-10,0.0,Asa,29.003731664021814
2023-05-11,0.0,Asa,28.78762270609542
2023-05-12,10.17685604095459,Asa,29.314021046956384
2023-05-13,5.088428020477295,Asa,29.34841435750326
2023-05-14,5.088428020477295,Asa,27.751982625325525
2023-05-15,15.265284538269043,Asa,27.58771921793624
2023-05-16,0.0,Asa,28.01619364420577
2023-05-17,0.0,Asa,28.83589324951174
2023-05-18,17.49009132385254,Asa,27.381042734781943
2023-05-19,0.0,Asa,28.05000712076827
2023-05-20,5.8300299644470215,Asa,27.80000267028811
2023-05-21,4.1743879318237305,Asa,27.46658604939779
2023-05-22,6.261582374572754,Asa,27.547259267171228
2023-05-23,2.0871939659118652,Asa,27.17009760538741
2023-05-24,6.261582374572754,Asa,27.463823572794638
2023-05-25,2.0871939659118652,Asa,27.95449600219729
2023-05-26,3.389380693435669,Asa,28.879541015625023
2023-05-27,13.557522773742676,Asa,27.89818916320803
2023-05-28,0.0,Asa,27.97294133504232
2023-05-29,10.16814136505127,Asa,26.811356480916345
2023-05-30,0.0,Asa,27.98817087809249
2023-05-31,3.389380693435669,Asa,27.806335703531943
2023-06-01,15.245427131652832,Asa,27.885668055216513
2023-06-02,0.0,Asa,27.424176152547204
2023-06-03,15.245427131652832,Asa,27.083084360758505
2023-06-04,0.0,Asa,27.670067087809286
2023-06-05,7.622713565826416,Asa,27.850838597615564
2023-06-06,42.9069938659668,Asa,27.13503799438479
2023-06-07,21.4534969329834,Asa,26.166764195760095
2023-06-08,10.7267484664917,Asa,26.219235356648767
2023-06-09,0.0,Asa,26.665476735432946
2023-06-10,21.4534969329834,Asa,26.389066950480185
2023-06-11,0.0,Asa,24.478115971883142
2023-06-12,0.0,Asa,26.084866460164392
2023-06-13,11.200770378112793,Asa,27.12451324462893
2023-06-14,11.200770378112793,Asa,25.824637985229515
2023-06-15,33.60231399536133,Asa,24.382151540120446
2023-06-16,8.395561218261719,Asa,25.785652414957724
2023-06-17,16.791122436523438,Asa,27.24392217000326
2023-06-18,8.395561218261719,Asa,26.43067893981936
2023-06-19,0.0,Asa,26.333018875122093
2023-06-20,16.791122436523438,Asa,26.446256891886435
2023-06-21,6.008137226104736,Asa,26.87666727701827
2023-06-22,18.024410247802734,Asa,24.446026102701865
2023-06-23,6.008137226104736,Asa,25.876132583618187
2023-06-24,12.016274452209473,Asa,22.496486282348656
2023-06-25,0.0,Asa,24.409792200724326
2023-06-26,11.388532638549805,Asa,25.049844360351585
2023-06-27,11.388532638549805,Asa,25.8156562805176
2023-06-28,0.0,Asa,23.628516769409202
2023-06-29,5.694266319274902,Asa,24.803639348347986
2023-06-30,0.0,Asa,25.105697250366234
2023-07-01,3.472862720489502,Asa,25.566926574707054
2023-07-02,3.472862720489502,Asa,25.662027613321982
2023-07-03,0.0,Asa,26.03186187744143
2023-07-04,10.418587684631348,Asa,26.140777842203818
2023-07-05,3.472862720489502,Asa,25.945931371053064
2023-07-06,5.562056541442871,Asa,26.00499560038253
2023-07-07,5.562056541442871,Asa,25.97256685892745
2023-07-08,5.562056541442871,Asa,25.780332183837913
2023-07-09,5.562056541442871,Asa,23.436402257283532
2023-07-10,0.0,Asa,25.529107666015648
2023-07-11,20.038063049316406,Asa,25.867196019490564
2023-07-12,0.0,Asa,24.430841064453148
2023-07-13,20.038063049316406,Asa,24.58808606465658
2023-07-14,10.019031524658203,Asa,25.084565734863304
2023-07-15,0.0,Asa,25.732364273071312
2023-07-16,0.0,Asa,26.06224657694503
2023-07-17,0.0,Asa,25.64887390136721
2023-07-18,21.630050659179688,Asa,25.13645451863607
2023-07-19,21.630050659179688,Asa,25.76062672932943
2023-07-20,0.0,Asa,25.752054468790732
2023-07-21,12.772228240966797,Asa,25.632769521077478
2023-07-22,19.158342361450195,Asa,24.800701395670615
2023-07-23,12.772228240966797,Asa,24.773803329467796
2023-07-24,0.0,Asa,24.45298856099447
2023-07-25,0.0,Asa,26.009943262736044
2023-07-26,0.0,Asa,25.69697278340658
2023-07-27,0.0,Asa,25.88577550252279
2023-07-28,12.053547859191895,Asa,25.527815119425497
2023-07-29,24.10709571838379,Asa,24.93405431111654
2023-07-30,0.0,Asa,25.33812548319503
2023-07-31,12.053547859191895,Asa,25.360883967081747
2023-08-01,14.389861106872559,Asa,23.132294591267907
2023-08-02,0.0,Asa,24.604567464192712
2023-08-03,0.0,Asa,24.84667549133303
2023-08-04,0.0,Asa,25.415598805745446
2023-08-05,0.0,Asa,25.72043889363607
2023-08-06,0.0,Asa,25.092706298828148
2023-08-07,0.0,Asa,24.071682866414392
2023-08-08,0.0,Asa,24.17510884602865
2023-08-09,0.0,Asa,23.71858622233077
2023-08-10,0.0,Asa,24.547634379069052
2023-08-11,0.0,Asa,24.20078557332357
2023-08-12,5.393657684326172,Asa,24.440127309163415
2023-08-13,0.0,Asa,23.056288019816122
2023-08-14,0.0,Asa,23.052747344970726
2023-08-15,10.787315368652344,Asa,24.969859695434593
2023-08-16,6.273287773132324,Asa,25.33634974161788
2023-08-17,12.546575546264648,Asa,25.15037053426107
2023-08-18,6.273287773132324,Asa,25.453413899739587
2023-08-19,12.546575546264648,Asa,25.729664738972986
2023-08-20,0.0,Asa,24.021153386433923
2023-08-21,0.0,Asa,25.47510681152346
2023-08-22,0.0,Asa,25.91496047973635
2023-08-23,17.585296630859375,Asa,24.937096532185876
2023-08-24,0.0,Asa,24.765639241536462
2023-08-25,8.792648315429688,Asa,25.870634333292685
2023-08-26,0.0,Asa,25.901944096883142
2023-08-27,14.237719535827637,Asa,24.74545822143557
2023-08-28,0.0,Asa,24.794796244303427
2023-08-29,0.0,Asa,26.399929300944052
2023-08-30,28.475439071655273,Asa,23.936079279581747
2023-08-31,0.0,Asa,24.925730641682946
2023-09-01,10.312466621398926,Asa,25.229082997639978
2023-09-02,20.62493324279785,Asa,24.462322489420615
2023-09-03,0.0,Asa,23.998125966389978
2023-09-04,0.0,Asa,24.170423126220726
2023-09-05,0.0,Asa,23.91246821085616
2023-09-06,0.0,Asa,25.617442703247093
2023-09-07,0.0,Asa,26.001222864786826
2023-09-08,29.424654006958008,Asa,24.54833819071456
2023-09-09,0.0,Asa,24.56158345540365
2023-09-10,0.0,Asa,24.998131688435876
2023-09-11,0.0,Asa,26.003786977132165
2023-09-12,21.016389846801758,Asa,24.953430430094443
2023-09-13,0.0,Asa,24.880264536539755
2023-09-14,0.0,Asa,25.6729452768962
2023-09-15,31.524581909179688,Asa,25.649109776814782
2023-09-16,11.905740737915039,Asa,24.989142990112327
2023-09-17,0.0,Asa,24.157161966959677
2023-09-18,11.905740737915039,Asa,24.692906316121423
2023-09-19,0.0,Asa,25.296776072184286
2023-09-20,0.0,Asa,25.27615890502932
2023-09-21,0.0,Asa,24.90447896321615
2023-09-22,9.359183311462402,Asa,25.56273994445803
2023-09-23,9.359183311462402,Asa,24.787048594156943
2023-09-24,9.359183311462402,Asa,24.525241470336937
2023-09-25,18.718366622924805,Asa,26.046020762125693
2023-09-26,12.732184410095215,Asa,26.696460978190146
2023-09-27,25.46436882019043,Asa,26.760681406656943
2023-09-28,12.732184410095215,Asa,26.555382029215536
2023-09-29,0.0,Asa,25.331505711873376
2023-09-30,0.0,Asa,26.71955579121908
2023-10-01,8.508156776428223,Asa,25.721446609497093
2023-10-02,4.254078388214111,Asa,25.540548578898154
2023-10-03,4.254078388214111,Asa,23.84095153808596
2023-10-04,12.762235641479492,Asa,25.69454409281417
2023-10-05,4.254078388214111,Asa,25.067321395874046
2023-10-06,0.0,Asa,25.452588653564476
2023-10-07,6.414424419403076,Asa,24.99114824930831
2023-10-08,12.828848838806152,Asa,26.106761550903343
2023-10-09,12.828848838806152,Asa,25.753848012288415
2023-10-10,12.828848838806152,Asa,26.123134231567406
2023-10-11,10.384862899780273,Asa,25.61681391398116
2023-10-12,10.384862899780273,Asa,26.149708048502646
2023-10-13,0.0,Asa,26.308456039428734
2023-10-14,10.384862899780273,Asa,25.79023132324221
2023-10-15,5.192431449890137,Asa,26.21086718241378
2023-10-16,5.465634822845459,Asa,26.208406066894554
2023-10-17,5.465634822845459,Asa,25.134793217976892
2023-10-18,10.931269645690918,Asa,26.597910817464196
2023-10-19,5.465634822845459,Asa,26.654498036702478
2023-10-20,5.465634822845459,Asa,26.709448115030966
2023-10-21,0.0,Asa,26.893829600016318
2023-10-22,5.4528045654296875,Asa,27.20378901163741
2023-10-23,0.0,Asa,27.25208117167159
2023-10-24,0.0,Asa,27.40040740966799
2023-10-25,0.0,Asa,27.133285140991234
2023-10-26,6.366195201873779,Asa,26.948979949951195
2023-10-27,12.732390403747559,Asa,27.13481483459475
2023-10-28,12.732390403747559,Asa,26.97607002258303
2023-10-29,0.0,Asa,27.509449895222986
2023-10-30,6.366195201873779,Asa,26.992768859863304
2023-10-31,6.366195201873779,Asa,27.274714406331384
2023-11-01,0.0,Asa,27.514990107218466
2023-11-02,0.0,Asa,27.47017313639327
2023-11-03,0.0,Asa,27.032165781656943
2023-11-04,0.0,Asa,26.724235153198265
2023-11-05,0.0,Asa,27.500057474772177
2023-11-06,8.77211856842041,Asa,26.83336982727053
2023-11-07,2.924039602279663,Asa,26.791315968831384
2023-11-08,0.0,Asa,27.50419705708822
2023-11-09,0.0,Asa,27.715749359130882
2023-11-10,0.0,Asa,27.575500106811546
2023-11-11,0.0,Asa,27.356766001383505
2023-11-12,0.0,Asa,27.52985788981124
2023-11-13,0.0,Asa,27.978611246744833
2023-11-14,0.0,Asa,28.072202301025413
2023-11-15,3.8793294429779053,Asa,26.21093012491866
2023-11-16,2.14935040473938,Asa,27.991604105631552
2023-11-17,2.14935040473938,Asa,28.571066792805993
2023-11-18,0.0,Asa,28.85393104553225
2023-11-19,0.0,Asa,27.7756280263265
2023-11-20,0.0,Asa,27.226012802124046
2023-11-21,0.0,Asa,27.52937469482424
2023-11-22,0.0,Asa,27.31976153055831
2023-11-23,0.0,Asa,27.89471588134768
2023-11-24,0.0,Asa,27.725673929850302
2023-11-25,5.353420257568359,Asa,26.631021118164085
2023-11-26,0.0,Asa,23.864698664347372
2023-11-27,0.0,Asa,27.032635625203454
2023-11-28,0.0,Asa,27.403079605102562
2023-11-29,0.0,Asa,27.598428980509482
2023-11-30,0.0,Asa,27.58663457234701
2023-12-01,0.0,Asa,27.69416961669924
2023-12-02,0.0,Asa,27.491293843587243
2023-12-03,0.0,Asa,27.372736867268884
2023-12-04,0.0,Asa,27.42215754191085
2023-12-05,2.9806978702545166,Asa,27.149607594807946
2023-12-06,0.0,Asa,27.523634211222372
2023-12-07,0.0,Asa,27.45810470581057
2023-12-08,0.0,Asa,27.79718615214034
2023-12-09,0.0,Asa,27.33354784647628
2023-12-10,0.0,Asa,26.873342132568382
2023-12-11,3.7255702018737793,Asa,26.883077875773154
2023-12-12,0.0,Asa,25.20167948404952
2023-12-13,0.0,Asa,25.37136611938479
2023-12-14,0.0,Asa,26.595225906372093
2023-12-15,0.0,Asa,27.221397654215536
2023-12-16,0.0,Asa,27.98841247558596
2023-12-17,0.0,Asa,27.382557805379236
2023-12-18,0.0,Asa,28.10967152913412
2023-12-19,0.0,Asa,27.90320231119796
2023-12-20,0.0,Asa,27.267623519897484
2023-12-21,0.0,Asa,27.562390899658226
2023-12-22,0.0,Asa,28.08596254984542
2023-12-23,0.0,Asa,28.068495686848962
2023-12-24,0.0,Asa,27.67920519510909
2023-12-25,0.0,Asa,27.10477472941085
2023-12-26,0.0,Asa,26.049690500895224
2023-12-27,0.0,Asa,26.37232678731283
2023-12-28,0.0,Asa,26.929979578654013
2023-12-29,0.0,Asa,27.28611780802413
2023-12-30,0.0,Asa,27.172224299112997
2023-12-31,0.0,Asa,27.066053644816122
2024-01-01,0.0,Asa,27.921530024210654
2024-01-02,0.0,Asa,28.296158727010095
2024-01-03,0.0,Asa,28.59159876505538
2024-01-04,0.0,Asa,29.01238594055178
2024-01-05,0.0,Asa,28.410636520385765
2024-01-06,0.0,Asa,28.807014083862327
2024-01-07,0.0,Asa,29.093468602498376
2024-01-08,0.0,Asa,28.45759290059408
2024-01-09,0.0,Asa,28.387764231363974
2024-01-10,0.0,Asa,28.651401138305687
2024-01-11,0.0,Asa,28.005995686848962
2024-01-12,0.0,Asa,27.506070073445642
2024-01-13,0.0,Asa,27.02901738484701
2024-01-14,0.0,Asa,26.516882832845056
2024-01-15,0.0,Asa,26.85223795572921
2024-01-16,0.0,Asa,26.488074874877952
2024-01-17,0.0,Asa,26.233281071980798
2024-01-18,0.0,Asa,26.257022476196312
2024-01-19,0.0,Asa,26.723992919921898
2024-01-20,0.0,Asa,27.236444727579794
2024-01-21,0.0,Asa,27.88513781229659
2024-01-22,0.0,Asa,27.150905227661156
2024-01-23,0.0,Asa,27.817933019002282
2024-01-24,0.0,Asa,28.66132189432784
2024-01-25,0.0,Asa,27.66737772623702
2024-01-26,0.0,Asa,27.47483914693197
2024-01-27,0.0,Asa,27.815999603271507
2024-01-28,0.0,Asa,27.611407216389978
2024-01-29,0.0,Asa,28.21324818929037
2024-01-30,0.0,Asa,28.94304237365725
2024-01-31,0.0,Asa,29.096966679890954
2024-02-01,0.0,Asa,28.92310740152999
2024-02-02,0.0,Asa,28.450638071696005
2024-02-03,0.0,Asa,28.60796445210775
2024-02-04,0.0,Asa,28.025302505493187
2024-02-05,0.0,Asa,27.867404556274437
2024-02-06,0.0,Asa,28.21514790852865
2024-02-07,0.0,Asa,28.602072016398154
2024-02-08,0.0,Asa,28.99662297566732
2024-02-09,0.0,Asa,28.463203684488974
2024-02-10,0.0,Asa,29.246775563557946
2024-02-11,0.0,Asa,30.35817998250326
2024-02-12,0.0,Asa,31.036174392700218
2024-02-13,0.0,Asa,30.936335500081384
2024-02-14,0.0,Asa,30.97856229146322
2024-02-15,0.0,Asa,30.57242863972982
2024-02-16,0.0,Asa,29.615605290730798
2024-02-17,0.0,Asa,29.720347340901696
2024-02-18,0.0,Asa,31.019385910034202
2024-02-19,0.0,Asa,31.256153361002646
2024-02-20,5.88625431060791,Asa,31.1741933186849
2024-02-21,0.0,Asa,31.176007207234704
2024-02-22,0.0,Asa,30.822196578979515
2024-02-23,0.0,Asa,27.564968363444052
2024-02-24,3.1927649974823,Asa,28.350474929809593
2024-02-25,0.0,Asa,29.885390218098962
2024-02-26,0.0,Asa,30.679771677653036
2024-02-27,0.0,Asa,31.043473180135095
2024-02-28,0.0,Asa,31.316033299764
2024-02-29,0.0,Asa,31.571727371215843
2024-03-01,0.0,Asa,30.075614547729515
2024-03-02,4.409396171569824,Asa,30.780637359619163
2024-03-03,2.204698085784912,Asa,30.51198539733889
2024-03-04,2.204698085784912,Asa,30.92116826375326
2024-03-05,4.409396171569824,Asa,31.179655329386435
2024-03-06,3.5948660373687744,Asa,30.993605550130212
2024-03-07,0.0,Asa,30.220376586914085
2024-03-08,3.5948660373687744,Asa,30.385703023274743
2024-03-09,7.189732074737549,Asa,31.036806360880576
2024-03-10,0.0,Asa,31.80727666219076
2024-03-11,0.0,Asa,31.314187622070335
2024-03-12,0.0,Asa,31.076144790649437
2024-03-13,0.0,Asa,31.256697591145837
2024-03-14,2.8869330883026123,Asa,29.911949412028036
2024-03-15,4.330399513244629,Asa,28.872391001383505
2024-03-16,4.991856575012207,Asa,31.471111551920615
2024-03-17,0.0,Asa,31.840905125935876
2024-03-18,0.0,Asa,32.007807668050134
2024-03-19,0.0,Asa,31.867144521077478
2024-03-20,0.0,Asa,31.15262120564779
2024-03-21,1.3615267276763916,Asa,31.360622660319052
2024-03-22,0.0,Asa,31.697884496053064
2024-03-23,2.723053455352783,Asa,30.16034088134768
2024-03-24,0.0,Asa,31.19843762715658
2024-03-25,1.3615267276763916,Asa,30.76670163472494
2024-03-26,0.0,Asa,30.55408376057943
2024-03-27,0.0,Asa,31.656213378906273
2024-03-28,1.5356028079986572,Asa,32.148391977946005
2024-03-29,1.5356028079986572,Asa,32.24413642883303
2024-03-30,0.0,Asa,31.501242574055993
2024-03-31,0.0,Asa,31.451123809814476
2024-04-01,0.0,Asa,30.350887552897177
2024-04-02,4.374902248382568,Asa,31.751288986206077
2024-04-03,2.187451124191284,Asa,30.73347625732424
2024-04-04,0.0,Asa,30.522978083292685
2024-04-05,4.374902248382568,Asa,28.68022816975912
2024-04-06,8.99631404876709,Asa,29.777381515502952
2024-04-07,4.498157024383545,Asa,30.85350634257003
2024-04-08,4.498157024383545,Asa,30.205613708496116
2024-04-09,8.99631404876709,Asa,29.84075826009115
2024-04-10,8.99631404876709,Asa,30.249607340494833
2024-04-11,0.0,Asa,30.07978973388674
2024-04-12,8.726677894592285,Asa,29.21187807718917
2024-04-13,1.7714085578918457,Asa,29.516972478230798
2024-04-14,17.98757553100586,Asa,28.180874760945642
2024-04-15,0.0,Asa,29.854184722900413
2024-04-16,1.6711339950561523,Asa,30.57705459594729
2024-04-17,1.6711339950561523,Asa,30.803238805135095
2024-04-18,0.0,Asa,31.506525293986044
2024-04-19,0.0,Asa,30.790959930419945
2024-04-20,1.6711339950561523,Asa,30.990933354695642
2024-04-21,13.448189735412598,Asa,30.238721466064476
2024-04-22,2.8393216133117676,Asa,31.194336827596032
2024-04-23,15.369359016418457,Asa,28.257627105712913
2024-04-24,0.0,Asa,29.79155565897628
2024-04-25,0.0,Asa,29.95111490885421
2024-04-26,0.0,Asa,29.960293070475302
2024-04-27,4.543926239013672,Asa,30.714212671915732
2024-04-28,4.543926239013672,Asa,30.985484059651696
2024-04-29,9.087852478027344,Asa,30.292276000976585
2024-04-30,4.543926239013672,Asa,31.58275502522787
2024-05-01,3.6022534370422363,Asa,29.836321131388388
2024-05-02,0.0,Asa,29.731729761759482
2024-05-03,7.204506874084473,Asa,29.820066070556663
2024-05-04,0.0,Asa,30.017548497517907
2024-05-05,3.6022534370422363,Asa,30.228520329793298
2024-05-06,13.630782127380371,Asa,29.548455174764
2024-05-07,0.0,Asa,29.32485923767092
2024-05-08,0.0,Asa,29.790816243489587
2024-05-09,0.0,Asa,30.231453831990564
2024-05-10,0.0,Asa,30.219421005249046
2024-05-11,7.420121192932129,Asa,29.99171600341799
2024-05-12,14.840242385864258,Asa,29.17069333394369
2024-05-13,22.26036262512207,Asa,28.373240407307946
2024-05-14,0.0,Asa,28.76213671366378
2024-05-15,0.0,Asa,29.295216496785486
2024-05-16,12.51799201965332,Asa,27.69716860453292
2024-05-17,17.635906219482422,Asa,29.291940943400107
2024-05-18,0.0,Asa,29.72109502156576
2024-05-19,4.922878742218018,Asa,29.877687708536826
2024-05-20,0.8995924592018127,Asa,30.178212102254236
2024-05-21,5.705535888671875,Asa,29.803198115030966
2024-05-22,11.41107177734375,Asa,28.77334874471029
2024-05-23,0.0,Asa,29.00609614054366
2024-05-24,11.41107177734375,Asa,28.31846707661947
2024-05-25,11.41107177734375,Asa,27.795330301920615
2024-05-26,0.0,Asa,29.123426055908226
2024-05-27,0.0,Asa,28.7413319905599
2024-05-28,0.0,Asa,28.732385253906273
2024-05-29,0.0,Asa,29.403124745686853
2024-05-30,0.0,Asa,29.050311660766624
2024-05-31,0.0,Asa,27.72564277648928
2024-06-01,0.0,Asa,28.090754445393884
2024-06-02,26.648637771606445,Asa,27.08329798380538
2024-06-03,0.0,Asa,28.731062825520837
2024-06-04,0.0,Asa,28.197295125325525
2024-06-05,0.0,Asa,29.171006774902366
2024-06-06,13.309297561645508,Asa,27.496386464436853
2024-06-07,0.0,Asa,27.529108301798544
2024-06-08,0.0,Asa,27.568943913777673
2024-06-09,0.0,Asa,27.924829101562523
2024-06-10,0.0,Asa,27.57329584757491
2024-06-11,2.6716179847717285,Asa,26.513372039794945
2024-06-12,8.204756736755371,Asa,26.80166079203292
2024-06-13,0.5330361127853394,Asa,27.937319691975915
2024-06-14,6.42730712890625,Asa,27.717853164672874
2024-06-15,2.1685791015625,Asa,25.839547093709314
2024-06-16,0.0,Asa,26.4493232727051
2024-06-17,0.0,Asa,27.035489018758142
2024-06-18,3.7117369174957275,Asa,27.382609939575218
2024-06-19,7.423473834991455,Asa,27.91522878011068
2024-06-20,0.0,Asa,27.28975321451827
2024-06-21,13.759875297546387,Asa,26.823894119262718
2024-06-22,0.0,Asa,27.83733965555831
2024-06-23,0.0,Asa,27.748860931396507
2024-06-24,6.879937648773193,Asa,27.065466181437216
2024-06-25,13.759875297546387,Asa,24.47681325276693
2024-06-26,18.076343536376953,Asa,26.33869578043624
2024-06-27,0.0,Asa,26.834303792317712
2024-06-28,18.076343536376953,Asa,26.70972913106283
2024-06-29,0.0,Asa,26.364310836792015
2024-06-30,9.038171768188477,Asa,26.280440266927087
2024-07-01,0.0,Asa,27.253425852457724
2024-07-02,18.44788360595703,Asa,25.974802907307946
2024-07-03,18.44788360595703,Asa,24.235478973388695
2024-07-04,0.0,Asa,24.757388687133812
2024-07-05,9.223941802978516,Asa,25.538385009765648
2024-07-06,12.550750732421875,Asa,24.606492614746116
2024-07-07,4.183583736419678,Asa,25.25832583109542
2024-07-08,8.367167472839355,Asa,24.351198450724326
2024-07-09,0.0,Asa,25.569010035196982
2024-07-10,8.367167472839355,Asa,25.88428649902346
2024-07-11,0.0,Asa,24.491299565633142
2024-07-12,0.0,Asa,23.704701995849632
2024-07-13,0.0,Asa,25.62997207641604
2024-07-14,0.0,Asa,25.46578178405764
2024-07-15,0.0,Asa,25.26138267517092
2024-07-16,0.0,Asa,24.743981933593773
2024-07-17,16.705350875854492,Asa,24.744910176595056
2024-07-18,0.0,Asa,25.725387191772484
2024-07-19,8.352675437927246,Asa,25.54561258951827
2024-07-20,8.352675437927246,Asa,24.006705856323265
2024-07-21,0.0,Asa,25.207376098632835
2024-07-22,0.0,Asa,25.30781199137374
2024-07-23,0.0,Asa,25.610416030883812
2024-07-24,0.0,Asa,24.934602355957054
2024-07-25,0.0,Asa,25.176551437377952
2024-07-26,0.0,Asa,25.545915857950888
2024-07-27,0.0,Asa,25.633937454223656
2024-07-28,7.2957611083984375,Asa,23.961491521199548
2024-07-29,14.591522216796875,Asa,24.82905540466311
2024-07-30,0.0,Asa,25.419701512654626
2024-07-31,0.0,Asa,25.48131395975753
2024-08-01,0.0,Asa,25.15492719014486
2024-08-02,0.0,Asa,25.175419743855798
2024-08-03,0.0,Asa,25.51455459594729
2024-08-04,0.0,Asa,25.146916325887048
2024-08-05,0.0,Asa,25.555903371175134
2024-08-06,0.0,Asa,25.867018000284872
2024-08-07,0.0,Asa,25.073279953002952
2024-08-08,0.0,Asa,25.538239415486657
2024-08-09,0.0,Asa,25.648803965250693
2024-08-10,0.0,Asa,25.78252309163412
2024-08-11,0.0,Asa,25.6214316050212
2024-08-12,0.0,Asa,25.16414286295577
2024-08-13,0.0,Asa,25.07513262430831
2024-08-14,0.0,Asa,25.641426976521814
2024-08-15,0.0,Asa,26.170632934570335
2024-08-16,5.662227153778076,Asa,24.268249766031943
2024-08-17,0.0,Asa,25.484803136189782
2024-08-18,0.0,Asa,26.479497528076195
2024-08-19,5.662227153778076,Asa,24.877557373046898
2024-08-20,0.0,Asa,22.09530601501467
2024-08-21,0.438419908285141,Asa,24.654381688435876
2024-08-22,2.661630868911743,Asa,24.53192799886068
2024-08-23,13.008563995361328,Asa,22.28609746297201
2024-08-24,2.6148488521575928,Asa,23.460796610514365
2024-08-25,1.8740451335906982,Asa,24.874525960286462
2024-08-26,5.070400714874268,Asa,24.455866114298544
2024-08-27,4.005992412567139,Asa,24.570481872558616
2024-08-28,1.0372123718261719,Asa,25.382595316569052
2024-08-29,1.7784911394119263,Asa,24.931250508626306
2024-08-30,20.61872100830078,Asa,23.055398559570335
2024-08-31,4.017511367797852,Asa,23.75468215942385
2024-09-01,0.0,Asa,24.48334147135421
2024-09-02,0.0,Asa,24.979924774169945
2024-09-03,0.0,Asa,25.411520894368493
2024-09-04,0.0,Asa,25.417752202351892
2024-09-05,0.0,Asa,25.20977045694991
2024-09-06,7.87594747543335,Asa,24.988147354126
2024-09-07,15.7518949508667,Asa,23.45017522176107
2024-09-08,0.0,Asa,25.023336029052757
2024-09-09,0.0,Asa,26.117932891845726
2024-09-10,15.7518949508667,Asa,25.115491485595726
2024-09-11,4.254772663116455,Asa,24.904825464884482
2024-09-12,0.7618566155433655,Asa,24.64664548238119
2024-09-13,7.20808219909668,Asa,24.751919682820642
2024-09-14,5.015990257263184,Asa,24.177177047729515
2024-09-15,4.234694480895996,Asa,24.85513267517092
2024-09-16,21.18630599975586,Asa,25.58165575663253
2024-09-17,0.0,Asa,25.14399681091311
2024-09-18,63.558921813964844,Asa,23.527968343098962
2024-09-19,0.0,Asa,24.608198420206747
2024-09-20,0.0,Asa,25.07526550292971
2024-09-21,8.213419914245605,Asa,24.12065149943038
2024-09-22,0.0,Asa,24.610367711385095
2024-09-23,0.0,Asa,24.963482793172204
2024-09-24,8.213419914245605,Asa,24.762947336832724
2024-09-25,16.42683982849121,Asa,24.631448364257835
2024-09-26,0.0,Asa,25.319723383585654
2024-09-27,19.830045700073242,Asa,25.81105511983236
2024-09-28,19.830045700073242,Asa,25.104608154296898
2024-09-29,0.0,Asa,24.453315353393577
2024-09-30,19.830045700073242,Asa,24.83487726847335
2024-10-01,9.224771499633789,Asa,24.227719243367517
2024-10-02,10.672289848327637,Asa,25.47479654947921
2024-10-03,10.596095085144043,Asa,25.004160181681357
2024-10-04,41.88999938964844,Asa,23.748461659749353
2024-10-05,22.37653350830078,Asa,23.22466875712081
2024-10-06,11.501084327697754,Asa,24.1025107065837
2024-10-07,0.0,Asa,24.113241449991904
2024-10-08,5.750542163848877,Asa,25.318929290771507
2024-10-09,11.501084327697754,Asa,25.155236816406273
2024-10-10,17.25162696838379,Asa,25.504633839925134
2024-10-11,13.40126895904541,Asa,25.422765986124716
2024-10-12,26.80253791809082,Asa,24.734870529174827
2024-10-13,0.0,Asa,24.83273595174154
2024-10-14,6.700634479522705,Asa,24.47133280436202
2024-10-15,6.700634479522705,Asa,25.63127733866378
2024-10-16,13.142662048339844,Asa,25.270898437500023
2024-10-17,26.285324096679688,Asa,24.662666575113974
2024-10-18,26.285324096679688,Asa,24.90472819010421
2024-10-19,0.0,Asa,26.014847691853845
2024-10-20,13.142662048339844,Asa,25.939367548624716
2024-10-21,0.0,Asa,25.73675944010421
2024-10-22,0.0,Asa,25.098552958170615
2024-10-23,0.0,Asa,25.92995732625326
2024-10-24,9.831798553466797,Asa,26.82244135538741
2024-10-25,19.663597106933594,Asa,26.131543731689476
2024-10-26,44.92252731323242,Asa,26.656142171223962
2024-10-27,0.0,Asa,27.31407953898116
2024-10-28,0.0,Asa,26.958682632446312
2024-10-29,0.0,Asa,27.005489603678427
2024-10-30,0.0,Asa,27.259434636433923
2024-10-31,0.0,Asa,27.590414301554404
2024-11-01,0.0,Asa,27.022094980875693
2024-11-02,5.227208137512207,Asa,26.888554509480798
2024-11-03,10.454416275024414,Asa,26.861799494425497
2024-11-04,0.0,Asa,26.903422927856468
2024-11-05,0.0,Asa,26.05808029174807
2024-11-06,0.0,Asa,25.946220016479515
2024-11-07,0.0,Asa,26.974665578206384
2024-11-08,0.0,Asa,27.58114903767904
2024-11-09,0.0,Asa,28.058513895670615
2024-11-10,0.0,Asa,26.755991236368857
2024-11-11,0.0,Asa,27.062381362915062
2024-11-12,0.0,Asa,27.185896174112997
2024-11-13,0.0,Asa,28.214373524983728
2024-11-14,0.0,Asa,28.168047841389978
2024-11-15,0.0,Asa,27.672329839070642
2024-11-16,0.0,Asa,26.74596430460616
2024-11-17,0.0,Asa,25.851809438069665
2024-11-18,0.0,Asa,26.69275499979659
2024-11-19,0.0,Asa,26.983615493774437
2024-11-20,0.0,Asa,27.280528640747093
2024-11-21,0.0,Asa,27.22739499409994
2024-11-22,0.0,Asa,27.401041285196982
2024-11-23,0.0,Asa,26.762317911783896
2024-11-24,0.0,Asa,26.561513519287132
2024-11-25,0.0,Asa,25.999728775024437
2024-11-26,0.0,Asa,26.03874994913741
2024-11-27,0.0,Asa,26.429634348551474
2024-11-28,0.0,Asa,25.747155761718773
2024-11-29,0.0,Asa,25.96533864339193
2024-11-30,0.0,Asa,26.391697184244833
2024-12-01,3.053513288497925,Asa,27.676993942260765
2024-12-02,0.0,Asa,27.724308904012048
2024-12-03,0.0,Asa,27.284739430745446
2024-12-04,0.0,Asa,27.151301320393884
2024-12-05,0.0,Asa,26.441711044311546
2024-12-06,0.0,Asa,26.491574859619163
2024-12-07,0.0,Asa,27.14808362325033
2024-12-08,0.0,Asa,26.951680755615257
2024-12-09,0.0,Asa,27.573560333251976
2024-12-10,0.0,Asa,28.130915578206384
2024-12-11,0.0,Asa,28.22373987833663
2024-12-12,0.0,Asa,28.03346722920736
2024-12-13,0.0,Asa,27.476129150390648
2024-12-14,0.0,Asa,26.990377680460654
2024-12-15,0.0,Asa,26.107527033487997
2024-12-16,0.0,Asa,26.547522481282556
2024-12-17,0.0,Asa,27.100267028808616
2024-12-18,0.0,Asa,26.63021303812667
2024-12-19,0.0,Asa,25.811260477701865
2024-12-20,0.0,Asa,25.01538238525393
2024-12-21,0.0,Asa,25.442749913533532
2024-12-22,0.0,Asa,26.659784571329794
2024-12-23,0.0,Asa,27.07122701009115
2024-12-24,0.0,Asa,27.05822588602706
2024-12-25,0.0,Asa,27.332597986857138
2024-12-26,0.0,Asa,27.541417058308923
2024-12-27,0.0,Asa,27.561350758870446
2024-12-28,0.0,Asa,26.848802185058616
2024-12-29,0.0,Asa,27.506707763671898
2024-12-30,2.890307903289795,Asa,28.339559809366904
2024-12-31,0.0,Asa,28.557997639973962
2025-01-01,0.0,Asa,28.020511245727562
2025-01-02,0.0,Asa,28.14019101460775
2025-01-03,0.0,Asa,28.21249923706057
2025-01-04,0.0,Asa,27.848059590657556
2025-01-05,0.0,Asa,28.129449462890648
2025-01-06,0.0,Asa,27.669911321004236
2025-01-07,0.0,Asa,27.320773696899437
2025-01-08,0.0,Asa,27.021105702718103
2025-01-09,0.0,Asa,26.851116434733115
2025-01-10,0.0,Asa,25.895131683349632
2025-01-11,0.0,Asa,26.589031473795615
2025-01-12,0.0,Asa,26.65650075276693
2025-01-13,0.0,Asa,27.211240386962913
2025-01-14,0.0,Asa,27.21968549092611
2025-01-15,0.0,Asa,27.68856010437014
2025-01-16,0.0,Asa,28.341952896118187
2025-01-17,0.0,Asa,28.474291102091513
2025-01-18,0.0,Asa,27.99136886596682
2025-01-19,0.0,Asa,28.57055816650393
2025-01-20,0.0,Asa,28.948901112874353
2025-01-21,0.0,Asa,28.813380813598656
2025-01-22,0.060043904930353165,Asa,28.70445340474447
2025-01-23,0.1894974261522293,Asa,27.950542068481468
2025-01-24,1.3088319301605225,Asa,28.365670140584314
2025-01-25,0.05078205466270447,Asa,28.220974858601892
2025-01-26,0.0,Asa,27.624868011474632
2025-01-27,0.0,Asa,27.878116226196312
2025-01-28,0.0,Asa,28.22496693929037
2025-01-29,0.0,Asa,27.973950958251976
2025-01-30,0.0,Asa,27.831822331746423
2025-01-31,0.0,Asa,28.68039983113607
2025-02-01,0.0,Asa,28.78662770589193
2025-02-02,0.0,Asa,29.00484174092611
2025-02-03,0.0,Asa,29.66273905436202
2025-02-04,0.0,Asa,29.203945414225302
2025-02-05,0.0,Asa,29.150948460896814
2025-02-06,1.0592825412750244,Asa,29.52943572998049
2025-02-07,0.36868345737457275,Asa,30.50301068623861
2025-02-08,0.0,Asa,30.090875244140648
2025-02-09,0.0,Asa,30.004970804850302
2025-02-10,0.49662983417510986,Asa,30.096660868326865
2025-02-11,0.0,Asa,29.944823837280296
2025-02-12,0.0,Asa,29.722599919637048
2025-02-13,0.0,Asa,29.504518763224326
2025-02-14,0.0,Asa,29.2238594055176
2025-02-15,0.0,Asa,28.96427243550619
2025-02-16,0.0,Asa,29.431640879313193
2025-02-17,0.0,Asa,29.548806762695335
2025-02-18,0.0,Asa,29.49726829528811
2025-02-19,0.0,Asa,29.201355870564782
2025-02-20,0.0,Asa,30.12379608154299
2025-02-21,0.0,Asa,30.041052118937216
2025-02-22,3.2993083000183105,Asa,28.95309410095217
2025-02-23,0.0,Asa,29.004251098632835
2025-02-24,3.2993083000183105,Asa,30.570626195271814
2025-02-25,0.0,Asa,30.288226064046228
2025-02-26,3.8015007972717285,Asa,29.955563481648767
2025-02-27,0.0,Asa,30.539585367838583
2025-02-28,0.0,Asa,29.156093851725302
2025-03-01,0.0,Asa,29.87746645609542
2025-03-02,0.0,Asa,30.668358739217126
2025-03-03,0.0,Asa,30.365024820963583
2025-03-04,0.0,Asa,29.853409703572595
2025-03-05,0.0,Asa,29.47145233154299
2025-03-06,0.0,Asa,29.953642145792685
2025-03-07,0.0,Asa,30.5056034088135
2025-03-08,0.0,Asa,31.036180750529013
2025-03-09,0.0,Asa,30.647749201456747
2025-03-10,5.463683605194092,Asa,30.215646998087607
2025-03-11,0.0,Asa,29.722645060221396
2025-03-12,10.465126991271973,Asa,30.41747627258303
2025-03-13,5.232563495635986,Asa,30.05229212443038
2025-03-14,0.0,Asa,30.166264470418298
2025-03-15,0.0,Asa,30.260100301106775
2025-03-16,0.0,Asa,30.432421620686853
2025-03-17,3.0464348793029785,Asa,30.498145039876306
2025-03-18,0.0,Asa,30.507585779825888
2025-03-19,0.0,Asa,30.113549168904626
2025-03-20,6.092869758605957,Asa,30.03034680684408
2025-03-21,10.100393295288086,Asa,30.176318105061853
2025-03-22,10.100393295288086,Asa,29.509816741943382
2025-03-23,3.366797924041748,Asa,29.544244384765648
2025-03-24,3.366797924041748,Asa,29.529050445556663
2025-03-25,3.366797924041748,Asa,28.71627324422201
2025-03-26,5.056458473205566,Asa,29.211291885376
2025-03-27,0.0,Asa,29.26997845967611
2025-03-28,10.112916946411133,Asa,29.622539138793968
2025-03-29,5.056458473205566,Asa,29.711605962117517
2025-03-30,10.112916946411133,Asa,29.74175605773928
2025-03-31,5.056458473205566,Asa,28.859431203206384
2025-04-01,0.0,Asa,29.306565856933616
2025-04-02,9.186956405639648,Asa,27.53966865539553
2025-04-03,0.0,Asa,28.758724466959677
2025-04-04,0.0,Asa,29.623625691731775
2025-04-05,0.0,Asa,30.136792755126976
2025-04-06,0.0,Asa,29.269494628906273
2025-04-07,4.730989456176758,Asa,29.699971771240257
2025-04-08,0.0,Asa,29.591641362508142
2025-04-09,9.461978912353516,Asa,29.227318700154626
2025-04-10,9.461978912353516,Asa,28.703478749593103
2025-04-11,11.03312873840332,Asa,27.86715469360354
2025-04-12,5.51656436920166,Asa,29.325745519002282
2025-04-13,0.0,Asa,29.88500556945803
2025-04-14,0.0,Asa,29.47087885538741
2025-04-15,0.0,Asa,29.877743657430017
2025-04-16,2.984182119369507,Asa,29.620009358723962
2025-04-17,2.984182119369507,Asa,29.513570404052757
2025-04-18,5.968364238739014,Asa,30.154395675659202
2025-04-19,0.0,Asa,29.319867070515954
2025-04-20,0.0,Asa,29.133319473266624
2025-04-21,0.0,Asa,29.813851292928064
2025-04-22,14.921841621398926,Asa,29.05248095194503
2025-04-23,14.921841621398926,Asa,28.899207051595056
2025-04-24,0.0,Asa,29.513857777913415
2025-04-25,0.0,Asa,30.33817062377932
2025-04-26,16.714059829711914,Asa,28.44182612101241
2025-04-27,0.0,Asa,28.550295130411826
2025-04-28,5.571353435516357,Asa,29.20770670572921
2025-04-29,0.0,Asa,27.657959874471032
2025-04-30,5.571353435516357,Asa,28.031692759196005
2025-05-01,8.381978988647461,Asa,27.60016530354818
2025-05-02,8.381978988647461,Asa,26.830695724487327
2025-05-03,5.587985992431641,Asa,28.28659591674807
2025-05-04,0.0,Asa,28.373312886555993
2025-05-05,0.0,Asa,28.044876988728845
2025-05-06,4.8896684646606445,Asa,28.285084660847986
2025-05-07,7.948357105255127,Asa,29.318357086181663
2025-05-08,4.908613204956055,Asa,29.332126235961937
2025-05-09,0.0,Asa,27.908365503946982
2025-05-10,0.0,Asa,28.72087885538741
2025-05-11,0.0,Asa,28.746258036295615
2025-05-12,3.184647798538208,Asa,28.75408833821615
2025-05-13,0.0,Asa,27.9619073232015
2025-05-14,3.184647798538208,Asa,28.22704213460287
2025-05-15,0.0,Asa,28.522753651936853
2025-05-16,0.038740046322345734,Asa,28.005371348063193
2025-05-17,5.774709701538086,Asa,25.73690249125167
2025-05-18,1.0886300802230835,Asa,26.326846059163415
2025-05-19,0.46791571378707886,Asa,27.970554606119833
2025-05-20,0.4341103434562683,Asa,27.092282231648767
2025-05-21,0.0,Asa,27.091396586100302
2025-05-22,0.0,Asa,27.91765492757162
2025-05-23,10.007098197937012,Asa,27.092038726806663
2025-05-24,0.0,Asa,28.1022939046224
2025-05-25,10.007098197937012,Asa,28.083435312906943
2025-05-26,0.0,Asa,28.120223617553734
2025-05-27,9.945652961730957,Asa,27.787581380208337
2025-05-28,4.9728264808654785,Asa,26.549058532714866
2025-05-29,4.9728264808654785,Asa,23.957951482137048
2025-05-30,0.0,Asa,26.31972719828292
2025-05-31,0.0,Asa,27.45621579488119
2025-06-01,5.9284443855285645,Asa,26.790012613932333
2025-06-02,0.0,Asa,26.910845057169638
2025-06-03,11.856888771057129,Asa,25.76462326049807
2025-06-04,0.0,Asa,24.971196111043298
2025-06-05,5.9284443855285645,Asa,26.90979410807296
2025-06-06,8.888233184814453,Asa,26.74976247151693
2025-06-07,0.0,Asa,26.37222251892092
2025-06-08,8.888233184814453,Asa,26.32304725646975
2025-06-09,0.0,Asa,26.25461349487307
2025-06-10,0.0,Asa,26.553249613444052
2025-06-11,9.592423439025879,Asa,25.9505388895671
2025-06-12,0.5880889296531677,Asa,26.909882481892907
2025-06-13,2.9888176918029785,Asa,27.190158462524437
2025-06-14,13.284899711608887,Asa,25.488685226440452
2025-06-15,4.470523357391357,Asa,26.368482208251976
2025-06-16,24.500459671020508,Asa,26.879970804850302
2025-06-17,0.0,Asa,26.920648193359398
2025-06-18,8.166820526123047,Asa,26.42823944091799
2025-06-19,0.0,Asa,26.363724009196005
2025-06-20,8.166820526123047,Asa,25.961815770467126
2025-06-21,7.265690326690674,Asa,25.26350555419924
2025-06-22,3.632845163345337,Asa,25.752210871378622
2025-06-23,0.0,Asa,25.822160975138388
2025-06-24,0.0,Asa,26.74754931132003
2025-06-25,0.0,Asa,26.4767999013265
2025-06-26,21.49852752685547,Asa,26.040014521280966
2025-06-27,0.0,Asa,25.510432179768884
2025-06-28,0.0,Asa,26.30119349161788
2025-06-29,0.0,Asa,25.78880971272787
2025-06-30,0.0,Asa,25.760121917724632
2025-07-01,13.30356216430664,Asa,25.409753417968773
2025-07-02,17.580657958984375,Asa,25.086897786458337
2025-07-03,13.789169311523438,Asa,23.667188898722372
2025-07-04,5.831341743469238,Asa,22.826132074991904
2025-07-05,4.531838417053223,Asa,24.0559014638265
2025-07-06,5.264074802398682,Asa,23.799740727742517
2025-07-07,5.264074802398682,Asa,23.88865687052413
2025-07-08,15.792223930358887,Asa,23.930279668172204
2025-07-09,10.528149604797363,Asa,23.708936945597372
2025-07-10,0.0,Asa,25.06155357360842
2025-07-11,0.0,Asa,24.779013570149743
2025-07-12,0.0,Asa,24.34758847554525
2025-07-13,4.0988993644714355,Asa,24.317919031779013
2025-07-14,0.0,Asa,24.79066111246749
2025-07-15,0.0,Asa,25.101925786336267
2025-07-16,0.0,Asa,24.089840825398767
2025-07-17,0.0,Asa,24.003497695922874
2025-07-18,0.0,Asa,24.683432515462243
2025-07-19,0.0,Asa,25.321578598022484
2025-07-20,0.0,Asa,25.297458902994833
2025-07-21,6.382568836212158,Asa,24.553341166178427
2025-07-22,0.0,Asa,22.75176836649581
2025-07-23,0.0,Asa,24.48677469889327
2025-07-24,0.0,Asa,24.768603261311853
2025-07-25,0.0,Asa,25.035207366943382
2025-07-26,0.0,Asa,23.728096898396814
2025-07-27,0.0,Asa,23.972571945190452
2025-07-28,0.0,Asa,24.51771252950033
2025-07-29,0.0,Asa,25.346798833211267
2025-07-30,0.0,Asa,24.89762140909835
2025-07-31,0.0,Asa,24.33600514729818
2025-08-01,0.0,Asa,24.299453989664755
2025-08-02,0.0,Asa,25.13119023640951
2025-08-03,37.244415283203125,Asa,24.133029556274437
2025-08-04,0.0,Asa,21.93518727620443
2025-08-05,0.0,Asa,23.59215443929037
2025-08-06,0.0,Asa,23.954971567789755
2025-08-07,0.0,Asa,23.9389472961426
2025-08-08,0.0,Asa,23.80349502563479
2025-08-09,0.0,Asa,22.561027145385765
2025-08-10,0.0,Asa,24.38722190856936
2025-08-11,0.0,Asa,24.710411961873376
2025-08-12,0.0,Asa,24.036105728149437
2025-08-13,0.0,Asa,24.56454747517904
2025-08-14,9.082300186157227,Asa,24.345110829671228
2025-08-15,18.164600372314453,Asa,23.02286300659182
2025-08-16,0.0,Asa,21.24789962768557
2025-08-17,0.0,Asa,23.535779571533226
2025-08-18,0.0,Asa,24.158869043986044
2025-08-19,0.0,Asa,24.40014483133956
2025-08-20,0.0,Asa,24.262971496582054
2025-08-21,0.0,Asa,23.343527094523154
2025-08-22,0.0,Asa,23.94619522094729
2025-08-23,0.0,Asa,24.67624435424807
2025-08-24,0.0,Asa,24.59022928873702
2025-08-25,0.0,Asa,24.865834172566736
2025-08-26,0.0,Asa,23.528435643514
2025-08-27,0.0,Asa,24.50244547526046
2025-08-28,0.0,Asa,24.53830808003744
2025-08-29,0.0,Asa,24.374753570556663
2025-08-30,0.0,Asa,24.14550043741866
2025-08-31,0.0,Asa,24.140653864542685
2025-09-01,0.0,Asa,24.786525980631552
2025-09-02,13.583492279052734,Asa,24.894478734334314
2025-09-03,13.583492279052734,Asa,24.23988049825033
2025-09-04,0.0,Asa,24.638017908732138
2025-09-05,0.0,Asa,24.915155665079794
2025-09-06,6.3493146896362305,Asa,25.079211171468103
2025-09-07,6.3493146896362305,Asa,25.190044657389365
2025-09-08,12.698629379272461,Asa,24.64813385009768
2025-09-09,0.0,Asa,23.96696815490725
2025-09-10,0.0,Asa,25.349596913655603
2025-09-11,7.16993522644043,Asa,25.170263544718466
2025-09-12,7.16993522644043,Asa,23.1143788655599
2025-09-13,0.0,Asa,23.99076932271322
2025-09-14,7.16993522644043,Asa,24.993901189168298
2025-09-15,28.67974090576172,Asa,24.519331232706747
2025-09-16,25.181562423706055,Asa,24.426065063476585
2025-09-17,0.0,Asa,25.039943949381552
2025-09-18,12.590781211853027,Asa,24.921652094523154
2025-09-19,0.0,Asa,25.187229410807333
2025-09-20,37.772342681884766,Asa,24.999583816528343
2025-09-21,14.156084060668945,Asa,24.806924438476585
2025-09-22,7.078042030334473,Asa,25.462185160319052
2025-09-23,14.156084060668945,Asa,25.161770121256552
2025-09-24,0.0,Asa,25.007990137736044
2025-09-25,14.156084060668945,Asa,24.11406733194991
2025-09-26,0.0,Asa,25.454040145874046
2025-09-27,13.162626266479492,Asa,24.70583623250326
2025-09-28,39.487876892089844,Asa,25.067180887858115
2025-09-29,13.162626266479492,Asa,25.049427922566736
2025-09-30,0.0,Asa,25.65249150594076
2025-10-01,11.843135833740234,Asa,25.02312304178878
2025-10-02,3.947711944580078,Asa,25.00280914306643
2025-10-03,0.0,Asa,26.48120269775393
2025-10-04,7.895423889160156,Asa,25.94895451863607
2025-10-05,7.895423889160156,Asa,25.119039154052757
2025-10-06,1.5807223320007324,Asa,24.80729764302572
2025-10-07,15.04512882232666,Asa,23.114644622802757
2025-10-08,0.9462164044380188,Asa,25.27793210347494
2025-10-09,0.0,Asa,25.666480000813806
2025-10-10,10.193241119384766,Asa,23.79293594360354
2025-10-11,9.770791053771973,Asa,24.718242263793968
2025-10-12,4.885395526885986,Asa,24.156756337483728
2025-10-13,4.885395526885986,Asa,24.81390533447268
2025-10-14,4.885395526885986,Asa,24.548512395222986
2025-10-15,19.541582107543945,Asa,25.20540580749514
2025-10-16,2.9799437522888184,Asa,24.29731903076174
2025-10-17,0.0,Asa,24.92342592875167
2025-10-18,0.0,Asa,25.722626622517907
2025-10-19,0.0,Asa,26.659577941894554
2025-10-20,2.9799437522888184,Asa,26.31036275227865
2025-10-21,0.0,Asa,26.82161992390951
2025-10-22,0.0,Asa,26.55048522949221
2025-10-23,6.1733717918396,Asa,26.735356267293298
2025-10-24,6.1733717918396,Asa,26.51163253784182
2025-10-25,6.1733717918396,Asa,26.40434608459475
2025-10-26,0.0,Asa,26.830284372965536
2025-10-27,0.0,Asa,27.141261672973656
2025-10-28,3.959385871887207,Asa,27.110351181030296
2025-10-29,3.959385871887207,Asa,26.436780548095726
2025-10-30,0.0,Asa,26.568030293782556
2025-10-31,0.0,Asa,26.870026524861657
2025-11-01,0.0,Asa,26.844586308797204
2025-11-02,0.0,Asa,26.814028676350915
2025-11-03,2.7722954750061035,Asa,26.437303797404013
2025-11-04,5.544590950012207,Asa,26.632606124877952
2025-11-05,5.544590950012207,Asa,26.68999824523928
2025-11-06,5.205860137939453,Asa,26.984829203287802
2025-11-07,0.0,Asa,26.141675567626976
2025-11-08,0.0,Asa,27.13444544474288
2025-11-09,0.0,Asa,27.544520950317406
2025-11-10,0.0,Asa,27.60714238484701
2025-11-11,0.0,Asa,27.332463200887048
2025-11-12,4.570075511932373,Asa,27.30637639363607
2025-11-13,4.570075511932373,Asa,27.440521494547568
2025-11-14,0.0,Asa,27.59841372172042
2025-11-15,0.0,Asa,28.028869247436546
2025-11-16,0.0,Asa,27.82604560852053
2025-11-17,0.0,Asa,27.79928359985354
2025-11-18,0.0,Asa,27.400825119018577
2025-11-19,0.0,Asa,27.709095255533896
2025-11-20,0.0,Asa,28.08624420166018
2025-11-21,0.15631148219108582,Asa,28.155520375569665
2025-11-22,0.6588723063468933,Asa,28.334376907348656
2025-11-23,0.6578653454780579,Asa,27.951341883341513
2025-11-24,6.055697667761706e-05,Asa,28.074498112996423
2025-11-25,0.4167797863483429,Asa,27.521948750813806
2025-11-26,0.00010455362644279376,Asa,28.24825820922854
2025-11-27,1.6600511074066162,Asa,28.479025141398154
2025-11-28,0.0,Asa,28.594995117187523
2025-11-29,0.5789361000061035,Asa,28.163990275065146
2025-11-30,3.0933406352996826,Asa,28.219273503621423
2025-12-01,0.0,Asa,28.243065134684286
2025-12-02,0.0,Asa,28.222645060221396
2025-12-03,0.0,Asa,28.9638661702474
2025-12-04,0.0,Asa,28.84588457743331
2025-12-05,0.0,Asa,28.178691482543968
2025-12-06,0.0,Asa,28.181242243448935
2025-12-07,0.0,Asa,28.483839289347372
2025-12-08,0.0,Asa,28.308791097005212
2025-12-09,0.0,Asa,28.358045832316122
2025-12-10,0.0,Asa,28.019769922892294
2025-12-11,0.0,Asa,27.908929443359398
2025-12-12,0.0,Asa,28.06756172180178
2025-12-13,0.0,Asa,28.10403213500979
2025-12-14,0.0,Asa,28.4759511311849
2025-12-15,0.0,Asa,28.722995376586937
2025-12-16,4.155703067779541,Asa,27.93442306518557
2025-12-17,0.0,Asa,27.327973302205407
2025-12-18,0.0,Asa,27.753916676839196
2025-12-19,0.0,Asa,28.3316366831462
2025-12-20,0.0,Asa,28.959520594279013
2025-12-21,4.604691028594971,Asa,28.470257059733115
2025-12-22,0.0,Asa,28.19291712443038
2025-12-23,0.0,Asa,28.287369664510095
2025-12-24,0.0,Asa,28.548329289754236
2025-12-25,0.0,Asa,28.952597554524743
2025-12-26,0.0,Asa,29.445219294230185
2025-12-27,0.0,Asa,29.13374799092611
2025-12-28,0.0,Asa,29.11235071818038
2025-12-29,0.0,Asa,28.569380060831747
2025-12-30,0.0,Asa,28.60173632303878
2025-12-31,0.0,Asa,29.289900716145837
2021-01-01,0.0,Kaiama,28.69532419840499
2021-01-02,0.0,Kaiama,28.75550231933596
2021-01-03,0.0,Kaiama,28.862509663899743
2021-01-04,0.0,Kaiama,29.68237139383956
2021-01-05,0.0,Kaiama,29.230391438802087
2021-01-06,0.0,Kaiama,29.029188410441122
2021-01-07,0.0,Kaiama,28.767344411214196
2021-01-08,0.0,Kaiama,28.05348930358889
2021-01-09,0.0,Kaiama,27.79534238179525
2021-01-10,0.0,Kaiama,27.805668767293298
2021-01-11,0.0,Kaiama,28.064394251505576
2021-01-12,0.0,Kaiama,28.071412022908532
2021-01-13,0.0,Kaiama,27.767090733846032
2021-01-14,0.0,Kaiama,27.511763509114587
2021-01-15,0.0,Kaiama,27.428582763671898
2021-01-16,0.0,Kaiama,27.553766504923544
2021-01-17,0.0,Kaiama,27.558049774169945
2021-01-18,0.0,Kaiama,27.899776713053427
2021-01-19,0.0,Kaiama,27.71195246378585
2021-01-20,0.0,Kaiama,26.897195434570335
2021-01-21,0.0,Kaiama,26.786759312947595
2021-01-22,0.0,Kaiama,26.672071075439476
2021-01-23,0.0,Kaiama,26.872885004679404
2021-01-24,0.0,Kaiama,27.90075518290206
2021-01-25,0.0,Kaiama,27.971016820271814
2021-01-26,0.0,Kaiama,28.21080042521163
2021-01-27,0.0,Kaiama,28.581403986612997
2021-01-28,0.0,Kaiama,28.727149581909202
2021-01-29,0.0,Kaiama,28.512057876586937
2021-01-30,0.0,Kaiama,28.17389068603518
2021-01-31,0.0,Kaiama,28.682644144694052
2021-02-01,0.0,Kaiama,28.568032836914085
2021-02-02,0.0,Kaiama,28.988268152872763
2021-02-03,0.0,Kaiama,29.28909072875979
2021-02-04,0.0,Kaiama,29.100580469767294
2021-02-05,0.0,Kaiama,29.070469156901083
2021-02-06,0.0,Kaiama,29.170292790730798
2021-02-07,0.0,Kaiama,29.487509663899743
2021-02-08,0.0,Kaiama,29.079703903198265
2021-02-09,0.0,Kaiama,28.357012049357138
2021-02-10,0.0,Kaiama,28.95736211140951
2021-02-11,0.0,Kaiama,29.495120620727562
2021-02-12,0.0,Kaiama,29.789773559570335
2021-02-13,0.0,Kaiama,29.589543914794945
2021-02-14,0.0,Kaiama,29.627736028035486
2021-02-15,0.0,Kaiama,30.005398686726892
2021-02-16,0.0,Kaiama,29.84305661519369
2021-02-17,0.0,Kaiama,28.62725410461428
2021-02-18,0.0,Kaiama,27.140545145670615
2021-02-19,0.0,Kaiama,25.081632868448935
2021-02-20,0.0,Kaiama,25.70216522216799
2021-02-21,0.0,Kaiama,26.879316584269247
2021-02-22,0.0,Kaiama,27.63927803039553
2021-02-23,0.0,Kaiama,28.288042958577478
2021-02-24,0.0,Kaiama,29.097962315877282
2021-02-25,0.0,Kaiama,29.974856313069665
2021-02-26,0.0,Kaiama,29.440411504109704
2021-02-27,0.0,Kaiama,29.68390808105471
2021-02-28,0.0,Kaiama,30.39856363932296
2021-03-01,0.0,Kaiama,30.87787017822268
2021-03-02,0.0,Kaiama,30.85405057271322
2021-03-03,0.0,Kaiama,30.842984135945642
2021-03-04,0.0,Kaiama,30.809435780843103
2021-03-05,0.0,Kaiama,30.80245933532717
2021-03-06,0.0,Kaiama,31.012642161051474
2021-03-07,0.0,Kaiama,31.264203008015954
2021-03-08,0.0,Kaiama,31.46782709757491
2021-03-09,0.0,Kaiama,31.466889317830407
2021-03-10,0.0,Kaiama,31.87707354227706
2021-03-11,3.891418695449829,Kaiama,32.06343549092611
2021-03-12,3.891418695449829,Kaiama,31.415254211425804
2021-03-13,7.782837390899658,Kaiama,29.792138036092126
2021-03-14,0.0,Kaiama,31.36342328389486
2021-03-15,0.0,Kaiama,31.490933354695642
2021-03-16,0.0,Kaiama,31.87912521362307
2021-03-17,5.939060211181641,Kaiama,30.342944081624353
2021-03-18,5.939060211181641,Kaiama,28.348088836669945
2021-03-19,0.0,Kaiama,28.5165732065837
2021-03-20,5.939060211181641,Kaiama,29.11282882690432
2021-03-21,4.236166954040527,Kaiama,29.47777455647787
2021-03-22,0.0,Kaiama,30.343567784627282
2021-03-23,0.0,Kaiama,29.787729517618857
2021-03-24,0.0,Kaiama,29.634139633178734
2021-03-25,0.0,Kaiama,29.925642267862997
2021-03-26,0.0,Kaiama,30.502301152547204
2021-03-27,0.0,Kaiama,30.636010742187523
2021-03-28,0.0,Kaiama,29.799842453002952
2021-03-29,0.0,Kaiama,30.610407129923544
2021-03-30,0.0,Kaiama,30.75754318237307
2021-03-31,0.0,Kaiama,31.071977869669638
2021-04-01,0.0,Kaiama,30.7364491780599
2021-04-02,0.0,Kaiama,30.76506703694662
2021-04-03,0.0,Kaiama,30.64275194803878
2021-04-04,0.0,Kaiama,31.359451548258505
2021-04-05,0.0,Kaiama,32.15719629923507
2021-04-06,0.0,Kaiama,32.27189153035482
2021-04-07,0.0,Kaiama,32.683120981852255
2021-04-08,6.197225093841553,Kaiama,32.91954638163253
2021-04-09,0.0,Kaiama,32.06802012125655
2021-04-10,0.0,Kaiama,32.400338109334314
2021-04-11,6.323009490966797,Kaiama,32.11341438293459
2021-04-12,3.1615047454833984,Kaiama,32.019974644978845
2021-04-13,6.323009490966797,Kaiama,32.00799649556478
2021-04-14,0.0,Kaiama,31.815262730916345
2021-04-15,3.1615047454833984,Kaiama,32.032430903116904
2021-04-16,0.0,Kaiama,31.723123168945335
2021-04-17,2.2713606357574463,Kaiama,31.237004216512048
2021-04-18,4.542721271514893,Kaiama,30.90740038553878
2021-04-19,0.0,Kaiama,31.7707235972087
2021-04-20,0.0,Kaiama,32.14371261596682
2021-04-21,4.839869499206543,Kaiama,30.843642171223962
2021-04-22,3.2265796661376953,Kaiama,30.306244150797568
2021-04-23,0.0,Kaiama,31.88397051493331
2021-04-24,3.2265796661376953,Kaiama,31.686666742960654
2021-04-25,1.6132898330688477,Kaiama,30.8913347880046
2021-04-26,0.0,Kaiama,31.51829617818197
2021-04-27,6.383338451385498,Kaiama,32.17406361897787
2021-04-28,2.127779483795166,Kaiama,31.921457544962607
2021-04-29,0.0,Kaiama,32.23587379455569
2021-04-30,0.0,Kaiama,31.562270100911462
2021-05-01,0.0,Kaiama,32.18241780598959
2021-05-02,0.0,Kaiama,32.0224541982015
2021-05-03,0.0,Kaiama,31.788873291015648
2021-05-04,9.61411190032959,Kaiama,31.122478739420615
2021-05-05,3.2047040462493896,Kaiama,30.78928146362307
2021-05-06,8.579559326171875,Kaiama,30.483618036905966
2021-05-07,8.579559326171875,Kaiama,28.589901860555017
2021-05-08,0.0,Kaiama,29.51531244913741
2021-05-09,8.579559326171875,Kaiama,28.66959406534835
2021-05-10,0.0,Kaiama,29.448255793253622
2021-05-11,0.0,Kaiama,30.843584950764978
2021-05-12,0.0,Kaiama,30.894459660847986
2021-05-13,6.24998664855957,Kaiama,30.21127281188967
2021-05-14,0.0,Kaiama,30.65905024210616
2021-05-15,6.24998664855957,Kaiama,30.246500269571982
2021-05-16,0.0,Kaiama,30.91119791666671
2021-05-17,0.0,Kaiama,31.546394602457724
2021-05-18,7.779860973358154,Kaiama,31.105612055460654
2021-05-19,7.779860973358154,Kaiama,31.316034571329794
2021-05-20,0.0,Kaiama,31.266405995686853
2021-05-21,0.0,Kaiama,30.57474288940432
2021-05-22,11.082390785217285,Kaiama,30.859141286214196
2021-05-23,0.0,Kaiama,31.0271933237712
2021-05-24,0.0,Kaiama,31.782392756144247
2021-05-25,0.0,Kaiama,31.597155507405603
2021-05-26,0.0,Kaiama,31.41396611531576
2021-05-27,0.0,Kaiama,30.955032602946005
2021-05-28,0.0,Kaiama,30.867893473307333
2021-05-29,1.4202789068222046,Kaiama,30.653877512613974
2021-05-30,0.0,Kaiama,30.541878636678064
2021-05-31,1.4202789068222046,Kaiama,31.239329910278343
2021-06-01,19.033702850341797,Kaiama,30.384062703450525
2021-06-02,0.0,Kaiama,30.889388656616234
2021-06-03,0.0,Kaiama,31.10655301411947
2021-06-04,19.033702850341797,Kaiama,28.846912638346396
2021-06-05,0.0,Kaiama,28.93549181620284
2021-06-06,0.0,Kaiama,28.126435216267907
2021-06-07,0.0,Kaiama,29.398307418823265
2021-06-08,9.759831428527832,Kaiama,29.82999954223635
2021-06-09,0.0,Kaiama,28.914641316731775
2021-06-10,0.0,Kaiama,29.893740590413415
2021-06-11,0.0,Kaiama,29.96642901102706
2021-06-12,13.328023910522461,Kaiama,29.341460164388025
2021-06-13,6.6640119552612305,Kaiama,29.103381093343103
2021-06-14,0.0,Kaiama,28.830170567830407
2021-06-15,13.328023910522461,Kaiama,29.291605250040732
2021-06-16,5.624661922454834,Kaiama,29.16700706481936
2021-06-17,0.0,Kaiama,27.930612818400107
2021-06-18,0.0,Kaiama,29.098531341552757
2021-06-19,0.0,Kaiama,29.413638687133812
2021-06-20,16.873985290527344,Kaiama,26.469078318278036
2021-06-21,9.66372299194336,Kaiama,25.650865173339866
2021-06-22,0.0,Kaiama,25.70356140136721
2021-06-23,0.0,Kaiama,26.870549138387048
2021-06-24,0.0,Kaiama,27.136122639973962
2021-06-25,19.32744598388672,Kaiama,27.246348317464196
2021-06-26,19.233863830566406,Kaiama,26.598514175415062
2021-06-27,0.0,Kaiama,27.741427993774437
2021-06-28,0.0,Kaiama,27.75394465128585
2021-06-29,0.0,Kaiama,26.669826761881552
2021-06-30,0.0,Kaiama,26.966693496704124
2021-07-01,13.74216079711914,Kaiama,26.042856470743857
2021-07-02,0.0,Kaiama,27.60048891703292
2021-07-03,13.74216079711914,Kaiama,26.175141906738304
2021-07-04,0.0,Kaiama,26.491401290893577
2021-07-05,0.0,Kaiama,27.125618871053064
2021-07-06,0.0,Kaiama,26.621996815999353
2021-07-07,0.0,Kaiama,26.58385492960616
2021-07-08,0.0,Kaiama,27.420842742919945
2021-07-09,7.048295974731445,Kaiama,26.265669759114587
2021-07-10,7.048295974731445,Kaiama,26.05326360066732
2021-07-11,0.0,Kaiama,25.470997111002646
2021-07-12,9.387175559997559,Kaiama,25.78012936909994
2021-07-13,0.0,Kaiama,25.924096043904626
2021-07-14,0.0,Kaiama,25.970455423990927
2021-07-15,9.387175559997559,Kaiama,26.12090199788412
2021-07-16,22.910139083862305,Kaiama,25.18406766255697
2021-07-17,0.0,Kaiama,25.958324050903343
2021-07-18,0.0,Kaiama,26.79751548767092
2021-07-19,0.0,Kaiama,26.48203366597494
2021-07-20,0.0,Kaiama,26.41616783142092
2021-07-21,0.0,Kaiama,26.23425954182943
2021-07-22,0.0,Kaiama,25.850701904296898
2021-07-23,0.0,Kaiama,25.931075032552087
2021-07-24,0.0,Kaiama,25.198398844401083
2021-07-25,0.0,Kaiama,25.736730829874716
2021-07-26,10.515148162841797,Kaiama,25.96904780069991
2021-07-27,21.030296325683594,Kaiama,22.764070129394554
2021-07-28,0.0,Kaiama,24.857199605305993
2021-07-29,0.0,Kaiama,25.722691472371423
2021-07-30,10.515148162841797,Kaiama,25.21743227640792
2021-07-31,0.0,Kaiama,25.250213877360068
2021-08-01,0.0,Kaiama,26.795723215738974
2021-08-02,11.988421440124512,Kaiama,26.34423090616866
2021-08-03,11.988421440124512,Kaiama,26.316547012329124
2021-08-04,5.994210720062256,Kaiama,25.437128321329794
2021-08-05,0.0,Kaiama,24.104539489746116
2021-08-06,0.0,Kaiama,25.211083348592126
2021-08-07,28.6308650970459,Kaiama,24.897165552775107
2021-08-08,0.0,Kaiama,24.036390558878622
2021-08-09,0.0,Kaiama,24.624773915608728
2021-08-10,0.0,Kaiama,25.128357187906943
2021-08-11,28.432363510131836,Kaiama,24.148100153605185
2021-08-12,0.0,Kaiama,24.818969980875693
2021-08-13,14.216181755065918,Kaiama,22.897201156616234
2021-08-14,0.0,Kaiama,24.099013264973962
2021-08-15,0.0,Kaiama,24.99200337727865
2021-08-16,63.255592346191406,Kaiama,24.22478574117025
2021-08-17,0.0,Kaiama,24.486274973551474
2021-08-18,0.0,Kaiama,23.069093958536826
2021-08-19,0.0,Kaiama,23.37626419067385
2021-08-20,0.0,Kaiama,24.885356521606468
2021-08-21,0.0,Kaiama,25.077283477783226
2021-08-22,0.0,Kaiama,25.874981816609704
2021-08-23,14.566404342651367,Kaiama,26.08126347859701
2021-08-24,29.132808685302734,Kaiama,25.372487004597986
2021-08-25,29.132808685302734,Kaiama,25.508489227294945
2021-08-26,14.95835018157959,Kaiama,23.88627141316732
2021-08-27,14.95835018157959,Kaiama,22.919260279337607
2021-08-28,0.0,Kaiama,25.519165293375693
2021-08-29,0.0,Kaiama,25.85217882792159
2021-08-30,29.91670036315918,Kaiama,24.203633880615257
2021-08-31,0.0,Kaiama,26.623213704427087
2021-09-01,42.836917877197266,Kaiama,26.97055015563967
2021-09-02,14.278973579406738,Kaiama,24.173647816975915
2021-09-03,0.0,Kaiama,25.585114415486657
2021-09-04,0.0,Kaiama,25.448266601562523
2021-09-05,0.0,Kaiama,25.195723470052087
2021-09-06,0.0,Kaiama,25.408593114217126
2021-09-07,8.155240058898926,Kaiama,26.447639083862327
2021-09-08,8.155240058898926,Kaiama,24.629088973999046
2021-09-09,0.0,Kaiama,26.006639734904013
2021-09-10,16.31048011779785,Kaiama,26.13800964355471
2021-09-11,10.338875770568848,Kaiama,25.285180664062523
2021-09-12,5.169437885284424,Kaiama,27.748383458455407
2021-09-13,10.338875770568848,Kaiama,26.285204188029013
2021-09-14,15.50831413269043,Kaiama,24.722298558553064
2021-09-15,0.0,Kaiama,25.310023880004906
2021-09-16,23.520341873168945,Kaiama,25.211766179402673
2021-09-17,15.680228233337402,Kaiama,25.95822995503744
2021-09-18,0.0,Kaiama,26.908455149332724
2021-09-19,15.680228233337402,Kaiama,26.885102208455407
2021-09-20,7.840114116668701,Kaiama,27.024140294392907
2021-09-21,12.84001636505127,Kaiama,26.189874903361044
2021-09-22,12.84001636505127,Kaiama,24.175466156005882
2021-09-23,0.0,Kaiama,25.22002436319991
2021-09-24,0.0,Kaiama,26.220334625244163
2021-09-25,12.84001636505127,Kaiama,25.927830632527673
2021-09-26,0.0,Kaiama,26.561707433064782
2021-09-27,0.0,Kaiama,27.218752797444665
2021-09-28,0.0,Kaiama,26.967338180542015
2021-09-29,6.997216701507568,Kaiama,26.72245559692385
2021-09-30,6.997216701507568,Kaiama,25.47161191304525
2021-10-01,0.0,Kaiama,26.851570383707724
2021-10-02,0.0,Kaiama,27.64007403055831
2021-10-03,0.0,Kaiama,27.410475667317712
2021-10-04,0.0,Kaiama,27.564537938435876
2021-10-05,16.54754638671875,Kaiama,28.010184860229515
2021-10-06,16.797222137451172,Kaiama,27.58035812377932
2021-10-07,0.0,Kaiama,27.2299794514974
2021-10-08,0.0,Kaiama,28.08527208964034
2021-10-09,0.0,Kaiama,28.542157109578454
2021-10-10,0.0,Kaiama,27.91923039754232
2021-10-11,0.0,Kaiama,28.1498956044515
2021-10-12,0.0,Kaiama,28.457629140218103
2021-10-13,0.0,Kaiama,28.430881754557333
2021-10-14,0.0,Kaiama,28.14887708028158
2021-10-15,0.0,Kaiama,27.934371566772484
2021-10-16,0.0,Kaiama,27.819034194946312
2021-10-17,5.12322473526001,Kaiama,27.68989969889327
2021-10-18,0.0,Kaiama,27.11834551493331
2021-10-19,10.24644947052002,Kaiama,26.686822509765648
2021-10-20,5.12322473526001,Kaiama,26.42621256510421
2021-10-21,0.0,Kaiama,27.40859502156576
2021-10-22,32.510616302490234,Kaiama,27.60580215454104
2021-10-23,0.0,Kaiama,25.05821253458663
2021-10-24,0.0,Kaiama,26.775395965576195
2021-10-25,0.0,Kaiama,28.424562708536826
2021-10-26,0.0,Kaiama,27.92401720682784
2021-10-27,0.0,Kaiama,27.643426513671898
2021-10-28,10.675121307373047,Kaiama,27.777969614664755
2021-10-29,0.0,Kaiama,28.483045832316122
2021-10-30,0.0,Kaiama,27.935529963175497
2021-10-31,0.0,Kaiama,27.863164520263695
2021-11-01,0.0,Kaiama,27.59688212076827
2021-11-02,0.0,Kaiama,27.45471598307296
2021-11-03,0.0,Kaiama,28.104444758097372
2021-11-04,0.0,Kaiama,28.64404703776046
2021-11-05,1.7307724952697754,Kaiama,28.612328465779626
2021-11-06,0.0,Kaiama,28.393008168538415
2021-11-07,0.0,Kaiama,28.409697469075525
2021-11-08,0.0,Kaiama,28.487036641438806
2021-11-09,0.0,Kaiama,28.64519844055178
2021-11-10,2.172025203704834,Kaiama,28.632194137573265
2021-11-11,0.0,Kaiama,28.821869786580407
2021-11-12,0.0,Kaiama,28.823707199096702
2021-11-13,0.0,Kaiama,28.55179367065432
2021-11-14,0.0,Kaiama,28.33982938130697
2021-11-15,0.0,Kaiama,28.428902562459314
2021-11-16,0.0,Kaiama,28.70336176554366
2021-11-17,0.0,Kaiama,28.673550542195642
2021-11-18,0.0,Kaiama,28.452790196736657
2021-11-19,0.0,Kaiama,28.968501027425134
2021-11-20,0.0,Kaiama,28.730715052286826
2021-11-21,0.0,Kaiama,28.352012888590536
2021-11-22,0.0,Kaiama,28.180114364624046
2021-11-23,0.0,Kaiama,28.57739855448409
2021-11-24,0.0,Kaiama,28.419030761718773
2021-11-25,0.0,Kaiama,28.472062047322595
2021-11-26,0.0,Kaiama,28.58777008056643
2021-11-27,0.0,Kaiama,27.87943356831869
2021-11-28,0.0,Kaiama,27.870231246948265
2021-11-29,0.0,Kaiama,27.814036941528343
2021-11-30,0.0,Kaiama,28.291934585571312
2021-12-01,0.0,Kaiama,28.500021235148154
2021-12-02,0.0,Kaiama,28.1349922180176
2021-12-03,0.0,Kaiama,28.269486363728845
2021-12-04,0.0,Kaiama,27.909256235758505
2021-12-05,0.0,Kaiama,28.51539573669436
2021-12-06,0.0,Kaiama,29.274413681030296
2021-12-07,0.0,Kaiama,28.54874699910482
2021-12-08,0.0,Kaiama,27.75386454264327
2021-12-09,0.0,Kaiama,27.48579114278158
2021-12-10,0.0,Kaiama,27.6277792612712
2021-12-11,0.0,Kaiama,27.994889195760095
2021-12-12,0.0,Kaiama,28.328363672892294
2021-12-13,0.0,Kaiama,28.898612594604515
2021-12-14,0.0,Kaiama,28.523706054687523
2021-12-15,0.0,Kaiama,27.67102648417159
2021-12-16,0.0,Kaiama,26.908210372924827
2021-12-17,0.0,Kaiama,26.575166320800804
2021-12-18,0.0,Kaiama,25.655594126383505
2021-12-19,0.0,Kaiama,25.562921142578148
2021-12-20,0.0,Kaiama,25.502117411295615
2021-12-21,0.0,Kaiama,26.10804392496749
2021-12-22,0.0,Kaiama,27.084940210978232
2021-12-23,0.0,Kaiama,27.717778778076195
2021-12-24,0.0,Kaiama,28.199786122639978
2021-12-25,0.0,Kaiama,28.214793141682946
2021-12-26,0.0,Kaiama,28.535599644978845
2021-12-27,0.0,Kaiama,28.167333857218466
2021-12-28,0.0,Kaiama,27.436271286010765
2021-12-29,0.0,Kaiama,27.03179194132491
2021-12-30,0.0,Kaiama,26.87570470174154
2021-12-31,0.0,Kaiama,27.579956944783532
2022-01-01,0.0,Kaiama,27.682315444946312
2022-01-02,0.0,Kaiama,26.976960118611657
2022-01-03,0.0,Kaiama,26.48424873352053
2022-01-04,0.0,Kaiama,26.510046259562216
2022-01-05,0.0,Kaiama,27.264330800374353
2022-01-06,0.0,Kaiama,28.66930287679037
2022-01-07,0.0,Kaiama,28.41488164265951
2022-01-08,0.0,Kaiama,28.507168070475302
2022-01-09,0.0,Kaiama,28.51088422139486
2022-01-10,0.0,Kaiama,28.123819605509482
2022-01-11,0.0,Kaiama,27.662705993652366
2022-01-12,0.0,Kaiama,28.43531188964846
2022-01-13,0.0,Kaiama,28.042137400309286
2022-01-14,0.0,Kaiama,28.714201863606775
2022-01-15,0.0,Kaiama,28.409261957804404
2022-01-16,0.0,Kaiama,27.925431187947595
2022-01-17,0.0,Kaiama,26.75505727132162
2022-01-18,0.0,Kaiama,25.732381439209007
2022-01-19,0.0,Kaiama,25.442854817708337
2022-01-20,0.0,Kaiama,25.183970387776696
2022-01-21,0.0,Kaiama,25.321806844075525
2022-01-22,0.0,Kaiama,26.176731363932333
2022-01-23,0.0,Kaiama,26.58840713500979
2022-01-24,0.0,Kaiama,26.719537353515648
2022-01-25,0.0,Kaiama,26.17613309224447
2022-01-26,0.0,Kaiama,26.104935582478845
2022-01-27,0.0,Kaiama,26.78401590983077
2022-01-28,0.0,Kaiama,27.074191665649437
2022-01-29,0.0,Kaiama,26.511170323689782
2022-01-30,0.0,Kaiama,25.93212725321456
2022-01-31,0.0,Kaiama,25.60723711649581
2022-02-01,0.0,Kaiama,25.594051615397177
2022-02-02,0.0,Kaiama,26.04888814290365
2022-02-03,0.0,Kaiama,26.75951283772787
2022-02-04,0.0,Kaiama,26.669016774495446
2022-02-05,0.0,Kaiama,26.999580001831077
2022-02-06,0.0,Kaiama,27.709307607014978
2022-02-07,0.0,Kaiama,27.95027567545577
2022-02-08,0.0,Kaiama,28.679806645711267
2022-02-09,0.0,Kaiama,29.337777074178064
2022-02-10,0.0,Kaiama,29.231496429443382
2022-02-11,0.0,Kaiama,29.01742515563967
2022-02-12,0.0,Kaiama,28.92986386617025
2022-02-13,0.0,Kaiama,29.002601242065452
2022-02-14,0.0,Kaiama,30.006796137491904
2022-02-15,0.0,Kaiama,30.024175262451195
2022-02-16,0.0,Kaiama,29.505637105305993
2022-02-17,0.0,Kaiama,29.849273935953818
2022-02-18,0.0,Kaiama,30.49736620585128
2022-02-19,0.0,Kaiama,29.43593813578292
2022-02-20,0.0,Kaiama,28.86595942179366
2022-02-21,0.0,Kaiama,28.613472239176474
2022-02-22,0.0,Kaiama,29.409667587280296
2022-02-23,0.0,Kaiama,29.52074330647787
2022-02-24,0.0,Kaiama,30.068040466308616
2022-02-25,0.0,Kaiama,29.937369918823265
2022-02-26,0.0,Kaiama,29.824335988362634
2022-02-27,0.0,Kaiama,29.53656158447268
2022-02-28,0.0,Kaiama,30.757084782918298
2022-03-01,0.0,Kaiama,31.242800013224326
2022-03-02,0.0,Kaiama,31.38737258911135
2022-03-03,1.903022289276123,Kaiama,31.69759902954104
2022-03-04,3.806044578552246,Kaiama,30.675799942016624
2022-03-05,1.903022289276123,Kaiama,31.052033360799157
2022-03-06,0.0,Kaiama,31.64411633809408
2022-03-07,0.0,Kaiama,32.16546529134115
2022-03-08,0.0,Kaiama,32.75402666727706
2022-03-09,0.0,Kaiama,32.39875310262045
2022-03-10,0.0,Kaiama,32.29549051920577
2022-03-11,4.8015336990356445,Kaiama,32.02373021443685
2022-03-12,2.4007668495178223,Kaiama,31.700650151570642
2022-03-13,2.4007668495178223,Kaiama,31.4173300425212
2022-03-14,2.4007668495178223,Kaiama,31.412988281250023
2022-03-15,0.0,Kaiama,31.64874165852865
2022-03-16,4.203095436096191,Kaiama,30.958249664306663
2022-03-17,0.0,Kaiama,31.904023742675804
2022-03-18,0.0,Kaiama,31.761505381266318
2022-03-19,0.0,Kaiama,31.937208429972372
2022-03-20,0.0,Kaiama,32.73892428080245
2022-03-21,0.0,Kaiama,32.849746958414755
2022-03-22,4.426896572113037,Kaiama,31.637100474039755
2022-03-23,0.0,Kaiama,31.914011891682946
2022-03-24,2.2134482860565186,Kaiama,31.961405054728232
2022-03-25,0.0,Kaiama,32.51237258911135
2022-03-26,0.0,Kaiama,31.957710520426474
2022-03-27,0.0,Kaiama,31.774467086792015
2022-03-28,0.0,Kaiama,31.231856918334984
2022-03-29,0.0,Kaiama,31.109410222371423
2022-03-30,0.0,Kaiama,31.689864730834984
2022-03-31,0.0,Kaiama,32.43118629455569
2022-04-01,0.0,Kaiama,32.84588775634768
2022-04-02,0.0,Kaiama,32.574109649658226
2022-04-03,5.392024517059326,Kaiama,32.32442690531417
2022-04-04,0.0,Kaiama,31.913929239908896
2022-04-05,0.0,Kaiama,31.853109614054404
2022-04-06,1.1639800071716309,Kaiama,32.359167989095056
2022-04-07,0.0,Kaiama,32.94636052449545
2022-04-08,4.655920028686523,Kaiama,32.47380854288741
2022-04-09,2.3279600143432617,Kaiama,32.28207422892257
2022-04-10,0.0,Kaiama,33.16454912821456
2022-04-11,5.4289045333862305,Kaiama,32.53512852986654
2022-04-12,5.4289045333862305,Kaiama,31.027279154459677
2022-04-13,0.0,Kaiama,29.14774602254232
2022-04-14,5.4289045333862305,Kaiama,28.393931961059593
2022-04-15,5.4289045333862305,Kaiama,29.301418558756552
2022-04-16,3.2248058319091797,Kaiama,28.608927027384482
2022-04-17,3.2248058319091797,Kaiama,29.132852808634482
2022-04-18,6.449611663818359,Kaiama,26.45981877644857
2022-04-19,0.0,Kaiama,29.4792470296224
2022-04-20,3.2248058319091797,Kaiama,30.367316818237327
2022-04-21,6.9116034507751465,Kaiama,28.27770131429037
2022-04-22,0.0,Kaiama,30.204966481526696
2022-04-23,0.0,Kaiama,31.209581629435263
2022-04-24,5.183701992034912,Kaiama,30.66234423319503
2022-04-25,0.0,Kaiama,30.981219228108728
2022-04-26,0.0,Kaiama,31.004724121093773
2022-04-27,3.437091112136841,Kaiama,31.00566762288412
2022-04-28,0.0,Kaiama,29.31354357401534
2022-04-29,0.0,Kaiama,29.884352620442712
2022-04-30,0.0,Kaiama,29.847481664021814
2022-05-01,0.0,Kaiama,30.65613708496096
2022-05-02,4.5767412185668945,Kaiama,30.660895919799827
2022-05-03,0.0,Kaiama,30.894546763102255
2022-05-04,9.153482437133789,Kaiama,31.393806076049827
2022-05-05,0.0,Kaiama,31.115436172485374
2022-05-06,11.038795471191406,Kaiama,30.863902028401696
2022-05-07,0.0,Kaiama,30.965236918131552
2022-05-08,0.0,Kaiama,31.694941457112634
2022-05-09,4.415518283843994,Kaiama,29.22222798665365
2022-05-10,4.415518283843994,Kaiama,28.38507677714034
2022-05-11,0.0,Kaiama,30.041697438557946
2022-05-12,0.0,Kaiama,29.681107457478845
2022-05-13,4.790482521057129,Kaiama,29.33276964823409
2022-05-14,0.0,Kaiama,29.51498374938967
2022-05-15,4.790482521057129,Kaiama,29.988785680135095
2022-05-16,0.0,Kaiama,29.90248578389486
2022-05-17,0.0,Kaiama,29.912644958496116
2022-05-18,5.883049011230469,Kaiama,30.024736658732138
2022-05-19,0.0,Kaiama,29.155439631144247
2022-05-20,5.883049011230469,Kaiama,28.44157498677572
2022-05-21,7.554481029510498,Kaiama,27.693544642130576
2022-05-22,3.777240514755249,Kaiama,28.26219838460287
2022-05-23,7.554481029510498,Kaiama,26.9620077768962
2022-05-24,0.0,Kaiama,28.227369562784872
2022-05-25,0.0,Kaiama,28.94023793538412
2022-05-26,0.0,Kaiama,28.34052747090658
2022-05-27,0.0,Kaiama,28.890466308593773
2022-05-28,0.0,Kaiama,30.13030141194662
2022-05-29,4.884889602661133,Kaiama,29.570155715942406
2022-05-30,4.884889602661133,Kaiama,29.577400461832724
2022-05-31,9.769779205322266,Kaiama,29.005984242757165
2022-06-01,5.658663272857666,Kaiama,29.479357655843103
2022-06-02,0.0,Kaiama,30.640268580118857
2022-06-03,22.634653091430664,Kaiama,30.435611343383812
2022-06-04,0.0,Kaiama,29.596309916178427
2022-06-05,0.0,Kaiama,29.53076324462893
2022-06-06,0.0,Kaiama,28.653710301717126
2022-06-07,14.009546279907227,Kaiama,28.410266494751
2022-06-08,0.0,Kaiama,28.850439325968466
2022-06-09,0.0,Kaiama,28.33110644022628
2022-06-10,28.019092559814453,Kaiama,27.058309173584007
2022-06-11,6.006711959838867,Kaiama,23.982737477620446
2022-06-12,0.0,Kaiama,27.12287610371908
2022-06-13,0.0,Kaiama,27.6904121398926
2022-06-14,0.0,Kaiama,25.83783111572268
2022-06-15,18.0201358795166,Kaiama,25.02040252685549
2022-06-16,8.723337173461914,Kaiama,24.018022791544638
2022-06-17,2.2048699855804443,Kaiama,24.84602317810061
2022-06-18,2.060425281524658,Kaiama,25.2248251597087
2022-06-19,0.2693520188331604,Kaiama,25.613406117757165
2022-06-20,1.028632402420044,Kaiama,26.55982933044436
2022-06-21,35.157997131347656,Kaiama,26.392904535929404
2022-06-22,8.789499282836914,Kaiama,25.72288602193197
2022-06-23,0.0,Kaiama,26.75318870544436
2022-06-24,17.578998565673828,Kaiama,26.85440343221029
2022-06-25,0.0,Kaiama,26.96909103393557
2022-06-26,12.131053924560547,Kaiama,26.30263735453292
2022-06-27,24.262107849121094,Kaiama,25.976541137695335
2022-06-28,0.0,Kaiama,27.223350779215536
2022-06-29,12.131053924560547,Kaiama,26.59998474121096
2022-06-30,0.0,Kaiama,24.77759958902999
2022-07-01,16.03557586669922,Kaiama,23.750519688924157
2022-07-02,8.01778793334961,Kaiama,25.28398793538412
2022-07-03,0.0,Kaiama,26.84407196044924
2022-07-04,24.053363800048828,Kaiama,26.18331680297854
2022-07-05,8.01778793334961,Kaiama,23.975387191772484
2022-07-06,0.0,Kaiama,26.00743192036947
2022-07-07,8.776251792907715,Kaiama,27.13276379903158
2022-07-08,0.0,Kaiama,26.5832344055176
2022-07-09,0.0,Kaiama,26.30632616678878
2022-07-10,0.0,Kaiama,26.172302500406943
2022-07-11,0.0,Kaiama,26.383540089925134
2022-07-12,0.0,Kaiama,26.772116597493493
2022-07-13,6.930813789367676,Kaiama,26.381432469685876
2022-07-14,0.0,Kaiama,26.55386314392092
2022-07-15,0.0,Kaiama,26.899661636352562
2022-07-16,24.335168838500977,Kaiama,24.89476801554366
2022-07-17,0.0,Kaiama,25.61017443339034
2022-07-18,0.0,Kaiama,26.2114082336426
2022-07-19,0.0,Kaiama,26.542761103312216
2022-07-20,0.0,Kaiama,26.05783042907717
2022-07-21,0.0,Kaiama,25.653675969441736
2022-07-22,17.455942153930664,Kaiama,23.420692062377952
2022-07-23,0.0,Kaiama,23.541507339477562
2022-07-24,0.0,Kaiama,25.4450565338135
2022-07-25,8.727971076965332,Kaiama,25.810210164388025
2022-07-26,62.60212707519531,Kaiama,25.632143274943076
2022-07-27,0.0,Kaiama,26.060942586263025
2022-07-28,12.520425796508789,Kaiama,25.239512379964196
2022-07-29,0.0,Kaiama,24.828387196858728
2022-07-30,12.520425796508789,Kaiama,24.597959136962913
2022-07-31,0.0,Kaiama,24.31216392517092
2022-08-01,0.0,Kaiama,24.345272318522177
2022-08-02,0.0,Kaiama,24.777821477254236
2022-08-03,0.0,Kaiama,25.30830345153811
2022-08-04,0.0,Kaiama,24.04921684265139
2022-08-05,0.0,Kaiama,25.669380442301474
2022-08-06,0.0,Kaiama,25.86954269409182
2022-08-07,0.0,Kaiama,26.750515874226892
2022-08-08,0.0,Kaiama,26.599475479126
2022-08-09,16.0594482421875,Kaiama,26.34010276794436
2022-08-10,0.0,Kaiama,25.90581601460775
2022-08-11,11.527068138122559,Kaiama,25.75990765889486
2022-08-12,0.0,Kaiama,24.550476328531943
2022-08-13,23.054136276245117,Kaiama,25.804880396525107
2022-08-14,34.58120346069336,Kaiama,23.341456985473656
2022-08-15,0.0,Kaiama,22.59950218200686
2022-08-16,0.0,Kaiama,24.18790715535482
2022-08-17,0.0,Kaiama,25.71353111267092
2022-08-18,24.544830322265625,Kaiama,26.255619939168298
2022-08-19,0.0,Kaiama,25.167995071411156
2022-08-20,0.0,Kaiama,25.067919667561853
2022-08-21,0.0,Kaiama,26.22253252665206
2022-08-22,33.37299346923828,Kaiama,25.722738520304404
2022-08-23,0.0,Kaiama,22.58073768615725
2022-08-24,0.0,Kaiama,25.28802388509115
2022-08-25,0.0,Kaiama,25.24101346333822
2022-08-26,0.0,Kaiama,23.846581395467126
2022-08-27,0.0,Kaiama,23.33888715108236
2022-08-28,0.0,Kaiama,24.25520731608077
2022-08-29,19.278764724731445,Kaiama,24.386864598592126
2022-08-30,19.278764724731445,Kaiama,23.35593185424807
2022-08-31,19.278764724731445,Kaiama,24.78013699849447
2022-09-01,15.959120750427246,Kaiama,23.809241867065452
2022-09-02,7.979560375213623,Kaiama,23.233865356445335
2022-09-03,0.0,Kaiama,24.023819224039755
2022-09-04,15.959120750427246,Kaiama,25.027287419637048
2022-09-05,15.959120750427246,Kaiama,24.87747980753585
2022-09-06,0.0,Kaiama,26.125986353556357
2022-09-07,0.0,Kaiama,25.369538879394554
2022-09-08,16.299598693847656,Kaiama,24.441121673584007
2022-09-09,32.59919738769531,Kaiama,24.350858942667685
2022-09-10,0.0,Kaiama,25.128635660807333
2022-09-11,22.65873146057129,Kaiama,23.86933034261068
2022-09-12,22.65873146057129,Kaiama,22.82620519002279
2022-09-13,0.0,Kaiama,25.77288398742678
2022-09-14,0.0,Kaiama,26.24514732360842
2022-09-15,15.10582160949707,Kaiama,24.087526575724326
2022-09-16,0.0,Kaiama,25.459353383382165
2022-09-17,0.0,Kaiama,25.27048009236654
2022-09-18,14.660359382629395,Kaiama,23.03984095255538
2022-09-19,21.990537643432617,Kaiama,23.242147064209007
2022-09-20,0.0,Kaiama,22.68965555826827
2022-09-21,8.001076698303223,Kaiama,24.805549240112327
2022-09-22,0.0,Kaiama,25.16442006429037
2022-09-23,8.001076698303223,Kaiama,25.301331456502282
2022-09-24,0.0,Kaiama,26.192457453409872
2022-09-25,8.001076698303223,Kaiama,26.51348457336428
2022-09-26,9.555665969848633,Kaiama,23.794142023722372
2022-09-27,9.203113555908203,Kaiama,25.18747800191244
2022-09-28,36.75898742675781,Kaiama,24.61463317871096
2022-09-29,14.439081192016602,Kaiama,25.985499954223656
2022-09-30,12.565852165222168,Kaiama,23.36425615946456
2022-10-01,0.0,Kaiama,24.585009511311853
2022-10-02,19.016233444213867,Kaiama,26.30487658182784
2022-10-03,0.0,Kaiama,26.56262359619143
2022-10-04,9.508116722106934,Kaiama,26.630882517496786
2022-10-05,9.508116722106934,Kaiama,26.28209711710616
2022-10-06,10.812676429748535,Kaiama,23.71544545491537
2022-10-07,21.62535285949707,Kaiama,24.443210856119833
2022-10-08,32.438026428222656,Kaiama,25.401899592081747
2022-10-09,0.0,Kaiama,25.279548899332724
2022-10-10,0.0,Kaiama,26.033328628540062
2022-10-11,0.0,Kaiama,26.6637900034587
2022-10-12,13.297104835510254,Kaiama,26.88300730387374
2022-10-13,19.945655822753906,Kaiama,25.497016525268577
2022-10-14,6.648552417755127,Kaiama,25.150039927164755
2022-10-15,6.648552417755127,Kaiama,26.01067949930831
2022-10-16,0.0,Kaiama,26.315417226155603
2022-10-17,0.0,Kaiama,27.517710622151696
2022-10-18,0.0,Kaiama,27.538798904418968
2022-10-19,0.0,Kaiama,27.457245127360068
2022-10-20,0.0,Kaiama,26.881894683837913
2022-10-21,0.0,Kaiama,26.96594390869143
2022-10-22,0.0,Kaiama,27.69944788614913
2022-10-23,0.0,Kaiama,28.019416427612327
2022-10-24,0.0,Kaiama,27.606982167561853
2022-10-25,0.0,Kaiama,27.913838958740257
2022-10-26,0.0,Kaiama,27.716650263468466
2022-10-27,0.0,Kaiama,27.796733474731468
2022-10-28,0.0,Kaiama,26.810729598999046
2022-10-29,0.0,Kaiama,27.26223208109542
2022-10-30,0.0,Kaiama,27.410726801554404
2022-10-31,0.0,Kaiama,27.74430363972982
2022-11-01,0.0,Kaiama,27.637654876709007
2022-11-02,0.0,Kaiama,28.24710362752279
2022-11-03,2.06278657913208,Kaiama,28.13744951883956
2022-11-04,0.0,Kaiama,27.608490880330407
2022-11-05,0.0,Kaiama,27.527806218465173
2022-11-06,0.0,Kaiama,27.23518842061361
2022-11-07,0.0,Kaiama,27.316843287150107
2022-11-08,0.0,Kaiama,28.299094136555993
2022-11-09,0.0,Kaiama,27.891456222534202
2022-11-10,0.0,Kaiama,28.128381347656273
2022-11-11,0.0,Kaiama,27.721167500813806
2022-11-12,0.0,Kaiama,27.804460779825888
2022-11-13,0.0,Kaiama,27.804013824462913
2022-11-14,0.0,Kaiama,27.53297131856283
2022-11-15,0.0,Kaiama,26.875238672892294
2022-11-16,0.0,Kaiama,27.176035817464196
2022-11-17,0.0,Kaiama,27.179785029093466
2022-11-18,0.0,Kaiama,27.22548065185549
2022-11-19,0.0,Kaiama,27.462185796101892
2022-11-20,0.0,Kaiama,28.125132497151696
2022-11-21,0.0,Kaiama,28.465921020507835
2022-11-22,0.0,Kaiama,27.77203966776534
2022-11-23,0.0,Kaiama,27.390002822876
2022-11-24,0.0,Kaiama,27.08379453023275
2022-11-25,0.0,Kaiama,27.35567181905111
2022-11-26,0.0,Kaiama,27.579074478149437
2022-11-27,0.0,Kaiama,27.390991465250693
2022-11-28,0.0,Kaiama,27.2892782847087
2022-11-29,0.0,Kaiama,27.2704851786296
2022-11-30,0.0,Kaiama,27.122306442260765
2022-12-01,0.0,Kaiama,27.664503987630212
2022-12-02,0.0,Kaiama,28.517856216430687
2022-12-03,0.0,Kaiama,29.087410227457724
2022-12-04,0.0,Kaiama,29.208301798502646
2022-12-05,0.0,Kaiama,28.65973561604818
2022-12-06,0.0,Kaiama,27.54720586140951
2022-12-07,0.0,Kaiama,27.333272552490257
2022-12-08,0.0,Kaiama,27.527543004353845
2022-12-09,0.0,Kaiama,27.177477773030603
2022-12-10,0.0,Kaiama,27.224481201171898
2022-12-11,0.0,Kaiama,27.313843027750693
2022-12-12,0.0,Kaiama,27.309705988566122
2022-12-13,0.0,Kaiama,27.513820266723656
2022-12-14,0.0,Kaiama,27.583777999877952
2022-12-15,0.0,Kaiama,27.391255950927757
2022-12-16,0.0,Kaiama,27.530273056030296
2022-12-17,3.067164421081543,Kaiama,27.49272181193038
2022-12-18,0.0,Kaiama,27.02240142822268
2022-12-19,0.0,Kaiama,26.234738286336267
2022-12-20,0.0,Kaiama,26.80752080281576
2022-12-21,0.0,Kaiama,26.326833343505882
2022-12-22,0.0,Kaiama,25.282009379069052
2022-12-23,0.0,Kaiama,24.822253163655603
2022-12-24,0.0,Kaiama,24.29667689005538
2022-12-25,0.0,Kaiama,24.700450515747093
2022-12-26,0.0,Kaiama,25.051217015584314
2022-12-27,0.0,Kaiama,26.263818359375023
2022-12-28,0.0,Kaiama,25.982839202880882
2022-12-29,0.0,Kaiama,25.753805414835654
2022-12-30,0.0,Kaiama,24.962954457600915
2022-12-31,0.0,Kaiama,24.23330459594729
2023-01-01,0.0,Kaiama,24.424326833089196
2023-01-02,0.0,Kaiama,25.025518035888695
2023-01-03,0.0,Kaiama,25.598797098795615
2023-01-04,0.0,Kaiama,26.13905741373702
2023-01-05,0.0,Kaiama,26.8610829671224
2023-01-06,0.0,Kaiama,27.28607076009115
2023-01-07,0.0,Kaiama,27.07646522521975
2023-01-08,0.0,Kaiama,26.716195042928064
2023-01-09,0.0,Kaiama,26.199058787028036
2023-01-10,0.0,Kaiama,25.65448659261068
2023-01-11,0.0,Kaiama,25.621821339925134
2023-01-12,0.0,Kaiama,26.074458058675134
2023-01-13,0.0,Kaiama,26.208546574910486
2023-01-14,0.0,Kaiama,26.275954182942712
2023-01-15,0.0,Kaiama,26.221791203816736
2023-01-16,0.0,Kaiama,26.732535934448265
2023-01-17,0.0,Kaiama,26.520263290405296
2023-01-18,0.0,Kaiama,26.92101313273116
2023-01-19,0.0,Kaiama,27.575187301635765
2023-01-20,0.0,Kaiama,28.234157180786156
2023-01-21,0.0,Kaiama,28.334420140584314
2023-01-22,0.0,Kaiama,28.538158035278343
2023-01-23,0.0,Kaiama,28.78238131205245
2023-01-24,0.0,Kaiama,28.932410812377952
2023-01-25,0.0,Kaiama,28.733942286173544
2023-01-26,0.0,Kaiama,29.131665802001976
2023-01-27,0.0,Kaiama,29.35989659627279
2023-01-28,0.0,Kaiama,29.63948211669924
2023-01-29,0.0,Kaiama,28.90120340983077
2023-01-30,0.0,Kaiama,29.26316922505697
2023-01-31,0.0,Kaiama,29.763958867390954
2023-02-01,0.0,Kaiama,29.8735233306885
2023-02-02,0.0,Kaiama,28.982354736328148
2023-02-03,0.0,Kaiama,29.910726165771507
2023-02-04,0.0,Kaiama,29.840930557251
2023-02-05,0.0,Kaiama,29.643478012084984
2023-02-06,0.0,Kaiama,29.533883031209314
2023-02-07,0.0,Kaiama,29.013066228230798
2023-02-08,0.0,Kaiama,29.268028513590536
2023-02-09,0.0,Kaiama,28.9377265930176
2023-02-10,0.0,Kaiama,29.3260322570801
2023-02-11,0.0,Kaiama,29.302052434285486
2023-02-12,0.0,Kaiama,28.84620310465499
2023-02-13,0.0,Kaiama,28.90679003397628
2023-02-14,0.0,Kaiama,28.595201746622763
2023-02-15,0.0,Kaiama,27.227621968587243
2023-02-16,0.0,Kaiama,26.3459405263265
2023-02-17,0.0,Kaiama,26.4142948150635
2023-02-18,0.0,Kaiama,26.965050633748376
2023-02-19,0.0,Kaiama,28.379068628946982
2023-02-20,0.0,Kaiama,28.88228886922201
2023-02-21,0.0,Kaiama,29.300577418009482
2023-02-22,0.0,Kaiama,29.852007802327478
2023-02-23,0.0,Kaiama,30.294978078206384
2023-02-24,0.0,Kaiama,30.768960571289085
2023-02-25,0.0,Kaiama,31.05505968729659
2023-02-26,0.0,Kaiama,31.031123097737634
2023-02-27,0.0,Kaiama,31.183440144856775
2023-02-28,3.4545254707336426,Kaiama,31.21510276794436
2023-03-01,0.0,Kaiama,31.885228093465173
2023-03-02,0.0,Kaiama,31.92174555460616
2023-03-03,0.0,Kaiama,31.35197537740072
2023-03-04,0.0,Kaiama,31.37081362406417
2023-03-05,0.0,Kaiama,32.21926523844405
2023-03-06,0.0,Kaiama,31.849488194783532
2023-03-07,3.80069637298584,Kaiama,32.054565048217796
2023-03-08,0.0,Kaiama,32.289699172973656
2023-03-09,11.40208911895752,Kaiama,32.06562957763674
2023-03-10,0.0,Kaiama,31.84115117390951
2023-03-11,0.0,Kaiama,32.093694305419945
2023-03-12,0.0,Kaiama,32.018302536010765
2023-03-13,0.0,Kaiama,31.186477915446005
2023-03-14,0.0,Kaiama,30.570504124959314
2023-03-15,0.0,Kaiama,30.920582707722986
2023-03-16,0.0,Kaiama,31.058976109822595
2023-03-17,0.0,Kaiama,31.28483924865725
2023-03-18,0.0,Kaiama,31.225232696533226
2023-03-19,2.8355352878570557,Kaiama,30.194646453857445
2023-03-20,0.0,Kaiama,30.19551048278811
2023-03-21,4.744206428527832,Kaiama,27.483101145426474
2023-03-22,4.744206428527832,Kaiama,26.972513453165732
2023-03-23,4.744206428527832,Kaiama,28.01262690226241
2023-03-24,0.0,Kaiama,30.18031018575033
2023-03-25,2.372103214263916,Kaiama,29.973096466064476
2023-03-26,9.951875686645508,Kaiama,29.56672312418624
2023-03-27,0.0,Kaiama,29.267215347290062
2023-03-28,0.0,Kaiama,30.628261820475302
2023-03-29,0.0,Kaiama,30.817922210693382
2023-03-30,0.0,Kaiama,30.26974767049154
2023-03-31,0.0,Kaiama,31.142825698852562
2023-04-01,0.0,Kaiama,31.43148002624514
2023-04-02,0.0,Kaiama,31.050688680013025
2023-04-03,0.0,Kaiama,31.847913360595726
2023-04-04,1.1860976219177246,Kaiama,31.682442601521814
2023-04-05,0.0,Kaiama,31.817844009399437
2023-04-06,3.6599247455596924,Kaiama,31.275040562947595
2023-04-07,3.6599247455596924,Kaiama,31.901457087198935
2023-04-08,7.319849491119385,Kaiama,31.391352589925134
2023-04-09,7.319849491119385,Kaiama,30.939815775553427
2023-04-10,0.0,Kaiama,31.893638865153036
2023-04-11,0.0,Kaiama,31.673045094807946
2023-04-12,0.0,Kaiama,31.58473167419436
2023-04-13,4.538615703582764,Kaiama,32.65112457275393
2023-04-14,0.0,Kaiama,32.690066274007165
2023-04-15,9.077231407165527,Kaiama,31.778028742472372
2023-04-16,3.120164155960083,Kaiama,31.7972185770671
2023-04-17,9.360491752624512,Kaiama,30.00483411153158
2023-04-18,0.0,Kaiama,32.08993937174483
2023-04-19,9.360491752624512,Kaiama,31.541119511922204
2023-04-20,0.0,Kaiama,32.10973256429037
2023-04-21,0.0,Kaiama,31.369121170043968
2023-04-22,3.73673677444458,Kaiama,31.853480911254906
2023-04-23,7.47347354888916,Kaiama,29.321405029296898
2023-04-24,3.73673677444458,Kaiama,30.0181709289551
2023-04-25,0.0,Kaiama,31.608056640625023
2023-04-26,0.0,Kaiama,29.705709711710654
2023-04-27,11.250327110290527,Kaiama,26.555298741658532
2023-04-28,0.0,Kaiama,28.600667572021507
2023-04-29,11.250327110290527,Kaiama,28.486728922526083
2023-04-30,0.0,Kaiama,28.662782923380576
2023-05-01,0.0,Kaiama,30.014627710978232
2023-05-02,0.0,Kaiama,30.003527577718103
2023-05-03,9.600804328918457,Kaiama,30.06326255798342
2023-05-04,0.0,Kaiama,30.093537267049157
2023-05-05,4.8004021644592285,Kaiama,30.350579833984398
2023-05-06,0.0,Kaiama,28.71547978719076
2023-05-07,7.567628860473633,Kaiama,29.974900817871116
2023-05-08,7.567628860473633,Kaiama,30.146711603800497
2023-05-09,3.7838144302368164,Kaiama,30.809235509236657
2023-05-10,0.0,Kaiama,31.1686893463135
2023-05-11,0.0,Kaiama,31.163192367553734
2023-05-12,5.283011436462402,Kaiama,30.713679250081384
2023-05-13,0.0,Kaiama,31.08335901896163
2023-05-14,0.0,Kaiama,30.149443562825525
2023-05-15,15.849035263061523,Kaiama,29.065827941894554
2023-05-16,0.0,Kaiama,30.4160146077474
2023-05-17,5.102149963378906,Kaiama,30.448767598470056
2023-05-18,20.408599853515625,Kaiama,28.970723724365257
2023-05-19,0.0,Kaiama,30.17964579264327
2023-05-20,0.0,Kaiama,30.114374415079794
2023-05-21,0.0,Kaiama,29.012403106689476
2023-05-22,0.0,Kaiama,29.424375152587913
2023-05-23,1.6073558330535889,Kaiama,29.11687494913741
2023-05-24,4.8220672607421875,Kaiama,29.472287114461267
2023-05-25,0.0,Kaiama,29.78945693969729
2023-05-26,0.0,Kaiama,30.52350260416671
2023-05-27,12.684154510498047,Kaiama,28.762528355916345
2023-05-28,0.0,Kaiama,29.905884043375693
2023-05-29,4.22805118560791,Kaiama,28.98388252258303
2023-05-30,0.0,Kaiama,30.33021189371749
2023-05-31,4.22805118560791,Kaiama,29.048848724365257
2023-06-01,16.89954376220703,Kaiama,29.401862716674827
2023-06-02,5.633181571960449,Kaiama,28.72536430358889
2023-06-03,22.532726287841797,Kaiama,28.651199595133505
2023-06-04,0.0,Kaiama,28.358055369059286
2023-06-05,0.0,Kaiama,29.32707557678225
2023-06-06,36.15856170654297,Kaiama,28.36843643188479
2023-06-07,27.118919372558594,Kaiama,27.89519844055178
2023-06-08,0.0,Kaiama,26.904375330607138
2023-06-09,0.0,Kaiama,27.488230641682946
2023-06-10,9.039640426635742,Kaiama,28.1420780181885
2023-06-11,9.176441192626953,Kaiama,25.684007898966513
2023-06-12,0.0,Kaiama,26.997057215372763
2023-06-13,0.0,Kaiama,27.160483296712243
2023-06-14,27.52932357788086,Kaiama,26.7867148081462
2023-06-15,0.0,Kaiama,26.132395680745446
2023-06-16,0.0,Kaiama,26.784350331624353
2023-06-17,0.0,Kaiama,28.63536097208663
2023-06-18,0.0,Kaiama,28.028172429402673
2023-06-19,0.0,Kaiama,26.985850906372093
2023-06-20,32.426025390625,Kaiama,27.090462621053064
2023-06-21,7.942043781280518,Kaiama,27.474893188476585
2023-06-22,15.884087562561035,Kaiama,26.367819722493493
2023-06-23,7.942043781280518,Kaiama,27.295240656534872
2023-06-24,23.826133728027344,Kaiama,23.754542922973656
2023-06-25,0.0,Kaiama,24.36788139343264
2023-06-26,0.0,Kaiama,25.7325429280599
2023-06-27,7.967190265655518,Kaiama,26.777651723225915
2023-06-28,15.934380531311035,Kaiama,25.723161951700888
2023-06-29,0.0,Kaiama,25.555673853556357
2023-06-30,0.0,Kaiama,26.368880844116234
2023-07-01,4.936389446258545,Kaiama,27.30846303304037
2023-07-02,4.936389446258545,Kaiama,26.419107691446982
2023-07-03,0.0,Kaiama,27.499798075358115
2023-07-04,9.87277889251709,Kaiama,27.687164560953818
2023-07-05,0.0,Kaiama,26.755989964803064
2023-07-06,0.0,Kaiama,27.530548985799157
2023-07-07,9.543147087097168,Kaiama,27.41413586934408
2023-07-08,19.086294174194336,Kaiama,27.2314226786296
2023-07-09,19.086294174194336,Kaiama,25.032430903116904
2023-07-10,0.0,Kaiama,26.742323811848962
2023-07-11,6.775052070617676,Kaiama,27.222176488240564
2023-07-12,13.550104141235352,Kaiama,25.151869710286462
2023-07-13,0.0,Kaiama,25.64301770528158
2023-07-14,13.550104141235352,Kaiama,26.65471547444662
2023-07-15,0.0,Kaiama,26.765404637654626
2023-07-16,30.019336700439453,Kaiama,26.380036290486657
2023-07-17,0.0,Kaiama,26.509550984700525
2023-07-18,10.00644588470459,Kaiama,26.137024180094443
2023-07-19,10.00644588470459,Kaiama,26.918260192871116
2023-07-20,0.0,Kaiama,26.887308375040732
2023-07-21,4.711390495300293,Kaiama,26.984332021077478
2023-07-22,0.0,Kaiama,25.247641499837243
2023-07-23,9.422780990600586,Kaiama,24.524047470092796
2023-07-24,0.0,Kaiama,25.87616564432784
2023-07-25,0.0,Kaiama,27.180109278361044
2023-07-26,0.0,Kaiama,27.24555676778158
2023-07-27,7.685308456420898,Kaiama,26.984326934814476
2023-07-28,0.0,Kaiama,26.666975275675497
2023-07-29,15.370616912841797,Kaiama,26.037488555908226
2023-07-30,7.685308456420898,Kaiama,26.314362462361657
2023-07-31,30.741233825683594,Kaiama,26.321089045206747
2023-08-01,16.028892517089844,Kaiama,23.780406570434593
2023-08-02,0.0,Kaiama,24.687656656901083
2023-08-03,0.0,Kaiama,26.041825230916345
2023-08-04,0.0,Kaiama,26.145823415120446
2023-08-05,0.0,Kaiama,26.319641367594443
2023-08-06,0.0,Kaiama,25.098809814453148
2023-08-07,0.0,Kaiama,24.002265548706077
2023-08-08,20.61658477783203,Kaiama,23.646707153320335
2023-08-09,0.0,Kaiama,23.53255106608077
2023-08-10,0.0,Kaiama,24.739854431152366
2023-08-11,0.0,Kaiama,24.541036224365257
2023-08-12,36.20079040527344,Kaiama,25.3194404602051
2023-08-13,18.10039520263672,Kaiama,23.856580988566122
2023-08-14,0.0,Kaiama,23.79452794392904
2023-08-15,0.0,Kaiama,25.99883104960128
2023-08-16,10.346253395080566,Kaiama,26.170171356201195
2023-08-17,10.346253395080566,Kaiama,26.033834075927757
2023-08-18,10.346253395080566,Kaiama,26.427290852864587
2023-08-19,10.346253395080566,Kaiama,26.827076848347986
2023-08-20,0.0,Kaiama,24.26692161560061
2023-08-21,0.0,Kaiama,26.241789754231775
2023-08-22,0.0,Kaiama,27.40788040161135
2023-08-23,14.763144493103027,Kaiama,25.514651870727562
2023-08-24,7.381572246551514,Kaiama,27.050469970703148
2023-08-25,0.0,Kaiama,26.199166234334314
2023-08-26,0.0,Kaiama,26.342455164591513
2023-08-27,10.83532428741455,Kaiama,25.417170461018884
2023-08-28,0.0,Kaiama,25.685177103678427
2023-08-29,0.0,Kaiama,27.579209899902366
2023-08-30,32.50597381591797,Kaiama,24.252404149373376
2023-08-31,0.0,Kaiama,26.414907073974632
2023-09-01,0.0,Kaiama,26.827471669514978
2023-09-02,13.533323287963867,Kaiama,24.229656473795615
2023-09-03,0.0,Kaiama,24.499590810139978
2023-09-04,6.766661643981934,Kaiama,24.96420567830404
2023-09-05,0.0,Kaiama,25.19322992960616
2023-09-06,0.0,Kaiama,26.738373692830407
2023-09-07,0.0,Kaiama,27.529950078328454
2023-09-08,32.1652946472168,Kaiama,25.66349118550619
2023-09-09,8.0413236618042,Kaiama,25.93340962727865
2023-09-10,0.0,Kaiama,26.942549006144247
2023-09-11,0.0,Kaiama,27.95121536254885
2023-09-12,32.72178268432617,Kaiama,26.305725351969443
2023-09-13,6.544356346130371,Kaiama,26.396296437581384
2023-09-14,0.0,Kaiama,26.7002890268962
2023-09-15,19.63306999206543,Kaiama,26.326925532023154
2023-09-16,17.750999450683594,Kaiama,25.939989344279013
2023-09-17,0.0,Kaiama,25.06520233154299
2023-09-18,0.0,Kaiama,26.060093816121423
2023-09-19,0.0,Kaiama,26.451072947184286
2023-09-20,0.0,Kaiama,26.465530649821005
2023-09-21,5.970747947692871,Kaiama,26.22235005696615
2023-09-22,17.912242889404297,Kaiama,26.287674840291345
2023-09-23,5.970747947692871,Kaiama,26.540792083740257
2023-09-24,5.970747947692871,Kaiama,25.909030532836937
2023-09-25,0.0,Kaiama,26.968709564209007
2023-09-26,0.0,Kaiama,27.256275431315146
2023-09-27,23.78400421142578,Kaiama,28.622741953531943
2023-09-28,23.78400421142578,Kaiama,28.01908645629885
2023-09-29,0.0,Kaiama,27.000451024373376
2023-09-30,0.0,Kaiama,27.81794446309408
2023-10-01,0.0,Kaiama,26.499278640747093
2023-10-02,15.657211303710938,Kaiama,25.149109776814782
2023-10-03,7.828605651855469,Kaiama,24.13416442871096
2023-10-04,0.0,Kaiama,26.336227035522484
2023-10-05,15.657211303710938,Kaiama,26.348083114624046
2023-10-06,0.0,Kaiama,26.110059356689476
2023-10-07,0.0,Kaiama,25.93279863993331
2023-10-08,14.417593002319336,Kaiama,26.448883946736657
2023-10-09,0.0,Kaiama,26.575381215413415
2023-10-10,0.0,Kaiama,27.74194933573409
2023-10-11,0.0,Kaiama,27.20519282023116
2023-10-12,7.435884475708008,Kaiama,27.36683044433596
2023-10-13,0.0,Kaiama,27.425155258178734
2023-10-14,0.0,Kaiama,28.015166219075525
2023-10-15,0.0,Kaiama,27.87615038553878
2023-10-16,0.0,Kaiama,27.599763488769554
2023-10-17,0.0,Kaiama,26.433133061726892
2023-10-18,0.0,Kaiama,28.234466807047568
2023-10-19,0.0,Kaiama,28.682248687744163
2023-10-20,0.0,Kaiama,28.37896308898928
2023-10-21,0.0,Kaiama,28.469187672932946
2023-10-22,0.0,Kaiama,28.516126251220726
2023-10-23,0.0,Kaiama,28.50419705708822
2023-10-24,0.0,Kaiama,28.870052591959677
2023-10-25,0.0,Kaiama,28.55776430765792
2023-10-26,0.0,Kaiama,28.24129765828451
2023-10-27,0.0,Kaiama,28.071745173136435
2023-10-28,0.0,Kaiama,27.518957392374716
2023-10-29,0.0,Kaiama,29.080738957722986
2023-10-30,1.607251763343811,Kaiama,29.853852844238304
2023-10-31,0.0,Kaiama,28.01633224487307
2023-11-01,0.0,Kaiama,28.77239570617678
2023-11-02,0.0,Kaiama,29.0701894124349
2023-11-03,0.0,Kaiama,28.477478281656943
2023-11-04,0.6658742427825928,Kaiama,28.311881637573265
2023-11-05,0.6658742427825928,Kaiama,29.02943572998049
2023-11-06,0.0,Kaiama,29.392289098103845
2023-11-07,0.0,Kaiama,29.282608286539755
2023-11-08,0.0,Kaiama,29.32776476542159
2023-11-09,0.0,Kaiama,29.190928395589196
2023-11-10,1.2771567106246948,Kaiama,29.461974716186546
2023-11-11,0.0,Kaiama,28.886795298258505
2023-11-12,0.0,Kaiama,29.04003041585287
2023-11-13,0.0,Kaiama,28.804538981119833
2023-11-14,0.0,Kaiama,29.149920399983728
2023-11-15,0.0,Kaiama,28.433179473876976
2023-11-16,0.0,Kaiama,29.61261647542318
2023-11-17,0.0,Kaiama,30.26947174072268
2023-11-18,0.0,Kaiama,29.573820368448935
2023-11-19,0.0,Kaiama,28.911532974243187
2023-11-20,0.0,Kaiama,28.003763453165732
2023-11-21,0.0,Kaiama,28.576900736490927
2023-11-22,0.0,Kaiama,28.74578692118331
2023-11-23,0.0,Kaiama,29.366721089680993
2023-11-24,0.0,Kaiama,28.93384450276693
2023-11-25,0.0,Kaiama,28.5773915608724
2023-11-26,0.0,Kaiama,25.902540461222372
2023-11-27,0.0,Kaiama,28.22640190124514
2023-11-28,0.0,Kaiama,28.665205256144247
2023-11-29,0.0,Kaiama,28.284057235717796
2023-11-30,0.0,Kaiama,28.540654754638695
2023-12-01,0.0,Kaiama,28.55867156982424
2023-12-02,0.0,Kaiama,27.87207183837893
2023-12-03,0.0,Kaiama,27.44394454956057
2023-12-04,0.0,Kaiama,27.307330067952478
2023-12-05,0.0,Kaiama,27.489369964599632
2023-12-06,0.0,Kaiama,27.348341242472372
2023-12-07,0.0,Kaiama,27.744563039143884
2023-12-08,0.0,Kaiama,27.91901232401534
2023-12-09,0.0,Kaiama,28.01299120585128
2023-12-10,0.0,Kaiama,27.286672210693382
2023-12-11,0.0,Kaiama,26.562928136189782
2023-12-12,0.0,Kaiama,25.60670878092452
2023-12-13,0.0,Kaiama,25.06472549438479
2023-12-14,0.0,Kaiama,26.558116531372093
2023-12-15,0.0,Kaiama,27.880821482340536
2023-12-16,0.0,Kaiama,28.47351989746096
2023-12-17,0.0,Kaiama,28.31216392517092
2023-12-18,0.0,Kaiama,28.29082387288412
2023-12-19,0.0,Kaiama,28.57947184244796
2023-12-20,0.0,Kaiama,27.788131332397484
2023-12-21,0.0,Kaiama,27.66436030069991
2023-12-22,0.0,Kaiama,28.327824529012048
2023-12-23,0.0,Kaiama,28.340631103515648
2023-12-24,0.0,Kaiama,27.71704699198409
2023-12-25,0.0,Kaiama,27.06913019816085
2023-12-26,0.0,Kaiama,26.431526438395224
2023-12-27,0.0,Kaiama,26.3164999643962
2023-12-28,0.0,Kaiama,26.748094813029013
2023-12-29,0.0,Kaiama,27.33470179239913
2023-12-30,0.0,Kaiama,27.549258804321312
2023-12-31,0.0,Kaiama,27.739149347941122
2024-01-01,0.0,Kaiama,28.779358800252282
2024-01-02,0.0,Kaiama,29.069433466593466
2024-01-03,0.0,Kaiama,29.163701629638695
2024-01-04,0.0,Kaiama,28.991715367635095
2024-01-05,0.0,Kaiama,29.06062024434408
2024-01-06,0.0,Kaiama,29.350878016154013
2024-01-07,0.0,Kaiama,29.294396336873376
2024-01-08,0.0,Kaiama,28.91535657246908
2024-01-09,0.0,Kaiama,28.307604726155603
2024-01-10,0.0,Kaiama,28.116651789347372
2024-01-11,0.0,Kaiama,27.654758707682333
2024-01-12,0.0,Kaiama,27.867723719279013
2024-01-13,0.0,Kaiama,27.48800175984701
2024-01-14,0.0,Kaiama,26.956173197428427
2024-01-15,0.0,Kaiama,26.831892903645837
2024-01-16,0.0,Kaiama,26.608273442586267
2024-01-17,0.0,Kaiama,26.48848940531417
2024-01-18,0.0,Kaiama,26.641950861612997
2024-01-19,0.0,Kaiama,27.215936279296898
2024-01-20,0.0,Kaiama,27.970331446329794
2024-01-21,0.0,Kaiama,27.76347440083822
2024-01-22,0.0,Kaiama,28.019801712036156
2024-01-23,0.0,Kaiama,27.805481847127282
2024-01-24,0.0,Kaiama,27.84345080057784
2024-01-25,0.0,Kaiama,26.79205220540365
2024-01-26,0.0,Kaiama,26.441554641723656
2024-01-27,0.0,Kaiama,27.107015228271507
2024-01-28,0.0,Kaiama,26.960284169514978
2024-01-29,0.0,Kaiama,28.09907175699874
2024-01-30,0.0,Kaiama,29.48454627990725
2024-01-31,0.0,Kaiama,29.596071497599326
2024-02-01,0.0,Kaiama,29.146821594238304
2024-02-02,0.0,Kaiama,28.332229868571005
2024-02-03,0.0,Kaiama,28.025770441691122
2024-02-04,0.0,Kaiama,27.932773208618187
2024-02-05,0.0,Kaiama,27.55303281148275
2024-02-06,0.0,Kaiama,27.51503397623702
2024-02-07,0.0,Kaiama,28.036235427856468
2024-02-08,0.0,Kaiama,28.58597844441732
2024-02-09,0.0,Kaiama,29.030993398030603
2024-02-10,0.0,Kaiama,29.854929860432946
2024-02-11,0.0,Kaiama,30.46934534708663
2024-02-12,0.0,Kaiama,31.254761632283532
2024-02-13,0.0,Kaiama,31.575007375081384
2024-02-14,0.0,Kaiama,30.82044054667159
2024-02-15,0.0,Kaiama,30.347005462646507
2024-02-16,0.0,Kaiama,29.349166488647484
2024-02-17,0.0,Kaiama,29.520314788818382
2024-02-18,0.0,Kaiama,30.831234868367517
2024-02-19,0.0,Kaiama,32.01209411621096
2024-02-20,0.0,Kaiama,31.5806874593099
2024-02-21,0.0,Kaiama,31.923809941609704
2024-02-22,0.0,Kaiama,32.3890097300212
2024-02-23,0.0,Kaiama,29.763047790527366
2024-02-24,0.0,Kaiama,29.99028612772628
2024-02-25,0.0,Kaiama,31.489882405598962
2024-02-26,0.0,Kaiama,31.28678665161135
2024-02-27,0.0,Kaiama,32.130956904093466
2024-02-28,0.0,Kaiama,32.606072362264
2024-02-29,0.0,Kaiama,32.75971565246584
2024-03-01,0.0,Kaiama,32.3909628550212
2024-03-02,0.0,Kaiama,32.57433853149416
2024-03-03,2.3749642372131348,Kaiama,32.353945032755576
2024-03-04,0.0,Kaiama,32.694036102294945
2024-03-05,0.0,Kaiama,33.13359413146975
2024-03-06,1.2319228649139404,Kaiama,33.5701843261719
2024-03-07,1.2319228649139404,Kaiama,32.7883290608724
2024-03-08,0.0,Kaiama,32.890178934733115
2024-03-09,0.0,Kaiama,32.679791386922204
2024-03-10,0.0,Kaiama,33.81215947469076
2024-03-11,0.0,Kaiama,34.40948384602865
2024-03-12,0.0,Kaiama,33.88604062398275
2024-03-13,0.0,Kaiama,34.03688964843752
2024-03-14,5.166647434234619,Kaiama,30.30680618286135
2024-03-15,2.5833237171173096,Kaiama,30.548090871175134
2024-03-16,0.0,Kaiama,32.48388824462893
2024-03-17,0.0,Kaiama,31.933434422810876
2024-03-18,0.0,Kaiama,31.766352589925134
2024-03-19,0.0,Kaiama,30.320025380452478
2024-03-20,0.0,Kaiama,31.13772862752279
2024-03-21,0.0,Kaiama,32.01679128011068
2024-03-22,0.0,Kaiama,31.985075251261435
2024-03-23,0.0,Kaiama,32.098491923014365
2024-03-24,0.0,Kaiama,32.258170700073265
2024-03-25,0.0,Kaiama,32.07187741597494
2024-03-26,0.0,Kaiama,32.41996917724612
2024-03-27,0.0,Kaiama,33.10404866536459
2024-03-28,0.0,Kaiama,34.028681691487634
2024-03-29,0.0,Kaiama,33.555334345499716
2024-03-30,0.0,Kaiama,32.998638407389365
2024-03-31,0.0,Kaiama,33.70608800252279
2024-04-01,0.0,Kaiama,33.33916880289718
2024-04-02,2.1177871227264404,Kaiama,34.00592765808108
2024-04-03,0.0,Kaiama,32.96142222086593
2024-04-04,0.0,Kaiama,32.939807510376
2024-04-05,4.235574245452881,Kaiama,31.62464548746749
2024-04-06,4.968410968780518,Kaiama,31.613644536336267
2024-04-07,9.936821937561035,Kaiama,32.40217170715334
2024-04-08,4.968410968780518,Kaiama,32.32719573974612
2024-04-09,0.0,Kaiama,32.781594848632835
2024-04-10,4.968410968780518,Kaiama,32.77727661132815
2024-04-11,0.0016626118449494243,Kaiama,32.979773457845056
2024-04-12,0.0,Kaiama,31.542851384480798
2024-04-13,1.720615029335022,Kaiama,30.951542790730798
2024-04-14,25.755271911621094,Kaiama,28.985480880737327
2024-04-15,8.430962562561035,Kaiama,31.566342926025413
2024-04-16,1.1668778657913208,Kaiama,31.716296132405603
2024-04-17,1.1668778657913208,Kaiama,32.365006383260095
2024-04-18,0.0,Kaiama,32.528742090861044
2024-04-19,0.0,Kaiama,32.70201136271163
2024-04-20,0.0,Kaiama,33.17151603698733
2024-04-21,12.50409984588623,Kaiama,31.472119903564476
2024-04-22,2.212808132171631,Kaiama,32.202718989054404
2024-04-23,14.290401458740234,Kaiama,30.921282704671228
2024-04-24,0.0,Kaiama,32.53471972147628
2024-04-25,0.0,Kaiama,32.01776529947921
2024-04-26,0.0,Kaiama,32.4234278361003
2024-04-27,2.809654712677002,Kaiama,33.00172894795736
2024-04-28,2.809654712677002,Kaiama,32.21408106486007
2024-04-29,5.619309425354004,Kaiama,32.358438110351585
2024-04-30,0.0,Kaiama,33.742585754394554
2024-05-01,0.0,Kaiama,32.10894482930502
2024-05-02,2.257498025894165,Kaiama,31.496215438842796
2024-05-03,6.772494316101074,Kaiama,31.83316828409835
2024-05-04,0.0,Kaiama,32.27845344543459
2024-05-05,0.0,Kaiama,32.808761215209984
2024-05-06,7.195563316345215,Kaiama,32.19754371643069
2024-05-07,0.0,Kaiama,31.830148951212607
2024-05-08,7.195563316345215,Kaiama,32.21480712890627
2024-05-09,3.5977816581726074,Kaiama,32.08952674865725
2024-05-10,0.0,Kaiama,32.541442489624046
2024-05-11,4.546507835388184,Kaiama,32.20265350341799
2024-05-12,4.546507835388184,Kaiama,30.13537432352706
2024-05-13,18.186031341552734,Kaiama,29.657989756266318
2024-05-14,0.0,Kaiama,30.02409960428878
2024-05-15,0.0,Kaiama,31.16720542907717
2024-05-16,0.7178425192832947,Kaiama,29.127181625366234
2024-05-17,23.610109329223633,Kaiama,29.947458521525107
2024-05-18,0.0,Kaiama,31.700505828857445
2024-05-19,0.0,Kaiama,31.786297734578454
2024-05-20,0.006407906301319599,Kaiama,31.64004478454592
2024-05-21,0.0,Kaiama,32.064184443155966
2024-05-22,8.998486518859863,Kaiama,31.16918207804366
2024-05-23,0.0,Kaiama,31.75951410929366
2024-05-24,0.0,Kaiama,30.70958035786947
2024-05-25,8.998486518859863,Kaiama,28.887289937337243
2024-05-26,0.0,Kaiama,30.55173009236654
2024-05-27,0.0,Kaiama,31.674844360351585
2024-05-28,6.636104106903076,Kaiama,31.71277262369796
2024-05-29,0.0,Kaiama,31.15304336547854
2024-05-30,6.636104106903076,Kaiama,30.33701413472494
2024-05-31,0.0,Kaiama,30.15069160461428
2024-06-01,0.0,Kaiama,30.423273976643884
2024-06-02,15.968229293823242,Kaiama,29.52877324422201
2024-06-03,0.0,Kaiama,30.95892740885421
2024-06-04,0.0,Kaiama,29.833851114908896
2024-06-05,0.0,Kaiama,30.661973571777366
2024-06-06,0.0,Kaiama,28.78829727172854
2024-06-07,0.0,Kaiama,29.724176661173544
2024-06-08,0.0,Kaiama,29.44190940856936
2024-06-09,0.0,Kaiama,29.915144856770837
2024-06-10,0.0,Kaiama,29.73784662882491
2024-06-11,1.030692458152771,Kaiama,28.50840784708663
2024-06-12,8.212324142456055,Kaiama,28.55898501078292
2024-06-13,0.00641068909317255,Kaiama,29.7839179992676
2024-06-14,14.195873260498047,Kaiama,30.04589678446456
2024-06-15,0.1457701176404953,Kaiama,28.264514541626
2024-06-16,13.121037483215332,Kaiama,27.3914619445801
2024-06-17,0.0,Kaiama,28.485277430216513
2024-06-18,6.560518741607666,Kaiama,29.662313715616904
2024-06-19,13.121037483215332,Kaiama,30.399766540527366
2024-06-20,6.560518741607666,Kaiama,29.8653554280599
2024-06-21,18.22134017944336,Kaiama,28.652995681762718
2024-06-22,0.0,Kaiama,29.46063067118331
2024-06-23,0.0,Kaiama,29.80362981160482
2024-06-24,18.22134017944336,Kaiama,28.822464879353845
2024-06-25,0.0,Kaiama,26.966152445475302
2024-06-26,0.0,Kaiama,27.81184031168624
2024-06-27,10.006060600280762,Kaiama,28.003330485026083
2024-06-28,0.0,Kaiama,28.03419202168783
2024-06-29,10.006060600280762,Kaiama,26.752982711792015
2024-06-30,10.006060600280762,Kaiama,26.944909667968773
2024-07-01,0.0,Kaiama,27.780199940999353
2024-07-02,9.727020263671875,Kaiama,27.710561370849632
2024-07-03,19.45404052734375,Kaiama,25.68754603068038
2024-07-04,0.0,Kaiama,26.128238296508812
2024-07-05,19.45404052734375,Kaiama,27.029351806640648
2024-07-06,9.808603286743164,Kaiama,25.87781422932943
2024-07-07,0.0,Kaiama,26.43728090922042
2024-07-08,29.425813674926758,Kaiama,24.713421758015954
2024-07-09,0.0,Kaiama,26.61092084248861
2024-07-10,9.808603286743164,Kaiama,26.76050720214846
2024-07-11,22.574052810668945,Kaiama,25.239590581258142
2024-07-12,0.0,Kaiama,24.243032073974632
2024-07-13,0.0,Kaiama,26.390795644124353
2024-07-14,0.0,Kaiama,26.691774622599326
2024-07-15,5.643513202667236,Kaiama,26.170480982462607
2024-07-16,22.07413673400879,Kaiama,25.51465250651046
2024-07-17,14.71609115600586,Kaiama,24.866573588053427
2024-07-18,0.0,Kaiama,26.45748354593917
2024-07-19,7.35804557800293,Kaiama,26.15083719889327
2024-07-20,22.07413673400879,Kaiama,24.81245129903158
2024-07-21,0.0,Kaiama,25.68865865071615
2024-07-22,0.0,Kaiama,25.676545715332054
2024-07-23,0.0,Kaiama,26.056379572550497
2024-07-24,0.0,Kaiama,25.927522277832054
2024-07-25,0.0,Kaiama,26.339474614461267
2024-07-26,0.0,Kaiama,25.996680831909202
2024-07-27,0.0,Kaiama,26.635646438598656
2024-07-28,39.84275817871094,Kaiama,24.964583969116234
2024-07-29,0.0,Kaiama,25.133173243204794
2024-07-30,0.0,Kaiama,25.932396825154626
2024-07-31,0.0,Kaiama,26.894481277465843
2024-08-01,0.0,Kaiama,26.19936078389486
2024-08-02,0.0,Kaiama,26.075810368855798
2024-08-03,0.0,Kaiama,26.888496653238974
2024-08-04,0.0,Kaiama,26.74343325297042
2024-08-05,0.0,Kaiama,27.265620168050134
2024-08-06,0.0,Kaiama,26.531568781534872
2024-08-07,0.0,Kaiama,26.067746098836267
2024-08-08,0.0,Kaiama,26.82445360819503
2024-08-09,0.0,Kaiama,27.103963470459007
2024-08-10,0.0,Kaiama,27.19512074788412
2024-08-11,0.0,Kaiama,27.13526624043783
2024-08-12,0.0,Kaiama,26.6796864827474
2024-08-13,0.0,Kaiama,25.66733640034994
2024-08-14,0.0,Kaiama,26.716622289021814
2024-08-15,0.0,Kaiama,27.416970825195335
2024-08-16,19.87637710571289,Kaiama,24.709411875406943
2024-08-17,0.0,Kaiama,26.221456782023154
2024-08-18,0.0,Kaiama,27.55998255411788
2024-08-19,33.127296447753906,Kaiama,25.949334716796898
2024-08-20,6.62545919418335,Kaiama,23.57186851501467
2024-08-21,0.7538087368011475,Kaiama,25.217614110310876
2024-08-22,1.4157273769378662,Kaiama,26.119167582194052
2024-08-23,36.4345817565918,Kaiama,23.20797246297201
2024-08-24,2.866394281387329,Kaiama,24.59393463134768
2024-08-25,1.2335686683654785,Kaiama,25.862563069661462
2024-08-26,1.1370173692703247,Kaiama,25.98866233825686
2024-08-27,6.963630199432373,Kaiama,25.395351664225302
2024-08-28,0.680374801158905,Kaiama,26.652126566569052
2024-08-29,12.77579402923584,Kaiama,26.218115743001306
2024-08-30,53.029701232910156,Kaiama,23.74647928873702
2024-08-31,15.96627426147461,Kaiama,24.90116653442385
2024-09-01,0.0,Kaiama,25.833846028645837
2024-09-02,0.0,Kaiama,26.475774383544945
2024-09-03,0.0,Kaiama,26.968242899576865
2024-09-04,0.0,Kaiama,26.818224207560263
2024-09-05,0.0,Kaiama,27.199353790283226
2024-09-06,19.474143981933594,Kaiama,26.357532119751
2024-09-07,9.737071990966797,Kaiama,23.511047617594443
2024-09-08,0.0,Kaiama,25.39744084676107
2024-09-09,0.0,Kaiama,26.80942052205404
2024-09-10,19.474143981933594,Kaiama,25.953626251220726
2024-09-11,0.769369900226593,Kaiama,25.527221298217796
2024-09-12,1.258052945137024,Kaiama,26.402423477172874
2024-09-13,6.72194766998291,Kaiama,25.179898198445642
2024-09-14,2.424473762512207,Kaiama,24.446220016479515
2024-09-15,0.39194169640541077,Kaiama,25.805490748087607
2024-09-16,8.92060661315918,Kaiama,26.828400548299157
2024-09-17,0.0,Kaiama,25.631708399454794
2024-09-18,26.761817932128906,Kaiama,23.918674723307333
2024-09-19,0.0,Kaiama,24.810265477498376
2024-09-20,8.92060661315918,Kaiama,25.637602742513025
2024-09-21,8.815381050109863,Kaiama,26.05033899943038
2024-09-22,17.630762100219727,Kaiama,23.704850133260095
2024-09-23,8.815381050109863,Kaiama,25.483258183797204
2024-09-24,0.0,Kaiama,25.884203847249353
2024-09-25,0.0,Kaiama,25.418069458007835
2024-09-26,0.0,Kaiama,25.987285232543968
2024-09-27,11.489721298217773,Kaiama,26.245706812540732
2024-09-28,22.979442596435547,Kaiama,25.785028076171898
2024-09-29,11.489721298217773,Kaiama,26.016710535685263
2024-09-30,0.0,Kaiama,26.47794367472335
2024-10-01,9.25639533996582,Kaiama,26.475928878784202
2024-10-02,1.4715585708618164,Kaiama,26.79706217447921
2024-10-03,0.16631507873535156,Kaiama,26.092294947306357
2024-10-04,23.18286895751953,Kaiama,24.15682754516604
2024-10-05,49.253814697265625,Kaiama,23.93430417378744
2024-10-06,8.762855529785156,Kaiama,24.00330823262533
2024-10-07,0.0,Kaiama,25.293335851033532
2024-10-08,0.0,Kaiama,26.310628509521507
2024-10-09,17.525711059570312,Kaiama,26.491255696614587
2024-10-10,0.0,Kaiama,26.594477589925134
2024-10-11,15.077690124511719,Kaiama,27.30004463195803
2024-10-12,15.077690124511719,Kaiama,26.665615971883142
2024-10-13,15.077690124511719,Kaiama,26.074109649658226
2024-10-14,0.0,Kaiama,26.273171997070335
2024-10-15,0.0,Kaiama,26.06340624491378
2024-10-16,0.0,Kaiama,26.92096354166671
2024-10-17,0.0,Kaiama,26.00234756469729
2024-10-18,0.0,Kaiama,25.94232584635421
2024-10-19,0.0,Kaiama,27.402054723103845
2024-10-20,0.0,Kaiama,27.625077184041345
2024-10-21,8.375018119812012,Kaiama,27.31464029947921
2024-10-22,8.375018119812012,Kaiama,27.179037984212243
2024-10-23,0.0,Kaiama,27.89195276896163
2024-10-24,0.0,Kaiama,28.25457026163741
2024-10-25,8.375018119812012,Kaiama,28.188184356689476
2024-10-26,0.0,Kaiama,27.520318603515648
2024-10-27,0.0,Kaiama,27.757276153564476
2024-10-28,0.0,Kaiama,27.681745783487997
2024-10-29,0.0,Kaiama,28.208858744303427
2024-10-30,0.0,Kaiama,27.88679466247561
2024-10-31,0.0,Kaiama,27.670166905721032
2024-11-01,0.0,Kaiama,27.379760996500693
2024-11-02,0.0,Kaiama,26.929977035522484
2024-11-03,0.0,Kaiama,27.271060562133812
2024-11-04,0.0,Kaiama,26.887797927856468
2024-11-05,0.0,Kaiama,26.539200083414755
2024-11-06,0.0,Kaiama,26.67579358418783
2024-11-07,0.0,Kaiama,27.80368576049807
2024-11-08,0.0,Kaiama,28.30307286580404
2024-11-09,0.0,Kaiama,27.795574442545615
2024-11-10,0.0,Kaiama,27.11471519470217
2024-11-11,0.0,Kaiama,27.470665868123376
2024-11-12,0.0,Kaiama,27.989688491821312
2024-11-13,0.0,Kaiama,28.766131337483728
2024-11-14,0.0,Kaiama,29.238116200764978
2024-11-15,0.0,Kaiama,28.613980229695642
2024-11-16,0.0,Kaiama,27.751172637939476
2024-11-17,0.0,Kaiama,26.658450063069665
2024-11-18,0.0,Kaiama,26.76054471333822
2024-11-19,0.0,Kaiama,27.01909726460775
2024-11-20,0.0,Kaiama,28.193451817830407
2024-11-21,0.0,Kaiama,27.59344317118331
2024-11-22,0.0,Kaiama,27.200927352905296
2024-11-23,0.0,Kaiama,27.478382364908896
2024-11-24,0.0,Kaiama,26.935374196370446
2024-11-25,0.0,Kaiama,26.845920181274437
2024-11-26,0.0,Kaiama,26.974378204345726
2024-11-27,0.0,Kaiama,26.789660390218103
2024-11-28,0.0,Kaiama,26.16431070963546
2024-11-29,0.0,Kaiama,25.770595804850302
2024-11-30,0.0,Kaiama,26.287204996744833
2024-12-01,0.0,Kaiama,27.481193161010765
2024-12-02,0.0,Kaiama,27.675236638387048
2024-12-03,0.0,Kaiama,27.836334482828818
2024-12-04,0.0,Kaiama,26.800064341227255
2024-12-05,0.0,Kaiama,26.346252059936546
2024-12-06,0.0,Kaiama,26.852984364827478
2024-12-07,0.0,Kaiama,27.04798596700033
2024-12-08,0.0,Kaiama,26.543884531656943
2024-12-09,0.0,Kaiama,27.17203038533529
2024-12-10,0.0,Kaiama,28.169001515706384
2024-12-11,0.0,Kaiama,28.83132451375326
2024-12-12,0.0,Kaiama,28.501566187540732
2024-12-13,0.0,Kaiama,27.516005452473962
2024-12-14,0.0,Kaiama,27.017314529418968
2024-12-15,0.0,Kaiama,26.371849950154626
2024-12-16,0.0,Kaiama,26.274084981282556
2024-12-17,0.0,Kaiama,26.78491872151693
2024-12-18,0.0,Kaiama,26.33968569437667
2024-12-19,0.0,Kaiama,24.553447977701865
2024-12-20,0.0,Kaiama,23.82299957275393
2024-12-21,0.0,Kaiama,24.551229731241904
2024-12-22,0.0,Kaiama,25.92549095153811
2024-12-23,0.0,Kaiama,26.56593729654952
2024-12-24,0.0,Kaiama,26.82254880269369
2024-12-25,0.0,Kaiama,27.176510747273767
2024-12-26,0.0,Kaiama,27.25178489685061
2024-12-27,0.0,Kaiama,27.068186696370446
2024-12-28,0.0,Kaiama,26.76270192464193
2024-12-29,0.0,Kaiama,27.282912190755212
2024-12-30,0.0,Kaiama,28.217733637491904
2024-12-31,0.0,Kaiama,28.957330322265648
2025-01-01,0.0,Kaiama,28.826826349894247
2025-01-02,0.0,Kaiama,28.764621353149437
2025-01-03,0.0,Kaiama,28.63388595581057
2025-01-04,0.0,Kaiama,28.464758809407556
2025-01-05,0.0,Kaiama,28.171523030598962
2025-01-06,0.0,Kaiama,27.76650962829592
2025-01-07,0.0,Kaiama,27.44463437398275
2025-01-08,0.0,Kaiama,27.19607315063479
2025-01-09,0.0,Kaiama,26.64563140869143
2025-01-10,0.0,Kaiama,25.929881032307946
2025-01-11,0.0,Kaiama,25.818198140462243
2025-01-12,0.0,Kaiama,26.305019632975302
2025-01-13,0.0,Kaiama,27.196836090087913
2025-01-14,0.0,Kaiama,27.616251246134482
2025-01-15,0.0,Kaiama,27.853436406453454
2025-01-16,0.0,Kaiama,29.265699640909872
2025-01-17,0.0,Kaiama,29.080980555216513
2025-01-18,0.0,Kaiama,28.693110402425134
2025-01-19,0.0,Kaiama,28.681316630045615
2025-01-20,0.0,Kaiama,28.959236399332724
2025-01-21,0.0,Kaiama,29.28245633443197
2025-01-22,0.7911248803138733,Kaiama,29.373317337036156
2025-01-23,0.0,Kaiama,28.782654698689782
2025-01-24,0.0,Kaiama,28.920927302042685
2025-01-25,0.0,Kaiama,28.507514572143577
2025-01-26,0.0,Kaiama,27.554148610432946
2025-01-27,0.0,Kaiama,27.448835627237997
2025-01-28,0.0,Kaiama,28.05244089762374
2025-01-29,0.0,Kaiama,28.001538848876976
2025-01-30,0.0,Kaiama,28.137323633829794
2025-01-31,0.0,Kaiama,28.820129648844443
2025-02-01,0.0,Kaiama,29.46851247151693
2025-02-02,0.0,Kaiama,29.71309369405111
2025-02-03,0.0,Kaiama,29.69130350748702
2025-02-04,0.0,Kaiama,30.115810648600302
2025-02-05,0.0,Kaiama,29.7914920806885
2025-02-06,0.0,Kaiama,29.539771016438806
2025-02-07,0.0,Kaiama,30.031168238321982
2025-02-08,0.0,Kaiama,30.278049723307333
2025-02-09,0.0,Kaiama,30.39453786214193
2025-02-10,0.6530876159667969,Kaiama,30.32843170166018
2025-02-11,0.0,Kaiama,30.586181259155296
2025-02-12,0.0,Kaiama,29.945256169637048
2025-02-13,0.0,Kaiama,29.686647669474326
2025-02-14,0.0,Kaiama,29.320132191975915
2025-02-15,0.0,Kaiama,29.54394365946456
2025-02-16,0.0,Kaiama,29.957031504313193
2025-02-17,0.0,Kaiama,29.94520975748702
2025-02-18,0.0,Kaiama,30.524530665079794
2025-02-19,0.0,Kaiama,30.183940505981468
2025-02-20,0.0,Kaiama,31.334570821126306
2025-02-21,0.0,Kaiama,31.71398506164553
2025-02-22,0.9956045150756836,Kaiama,31.51486167907717
2025-02-23,0.0,Kaiama,30.14162089029952
2025-02-24,0.0,Kaiama,31.482735570271814
2025-02-25,0.0,Kaiama,31.211972808837913
2025-02-26,0.0,Kaiama,30.407793299357138
2025-02-27,0.010050547309219837,Kaiama,30.820835367838583
2025-02-28,0.8616080284118652,Kaiama,31.682216898600302
2025-03-01,0.0,Kaiama,31.589543279012048
2025-03-02,0.0,Kaiama,31.476464207967126
2025-03-03,0.0,Kaiama,31.770542399088583
2025-03-04,0.0,Kaiama,31.953344599405966
2025-03-05,0.0,Kaiama,31.920264180501306
2025-03-06,0.0,Kaiama,31.961454645792685
2025-03-07,0.0,Kaiama,32.400948460896814
2025-03-08,0.0,Kaiama,33.05554924011233
2025-03-09,0.0,Kaiama,32.89970232645675
2025-03-10,0.0,Kaiama,32.91877199808761
2025-03-11,0.0,Kaiama,32.740385945638025
2025-03-12,0.0,Kaiama,32.93212471008303
2025-03-13,0.0,Kaiama,32.64376347859701
2025-03-14,0.0,Kaiama,32.25741030375167
2025-03-15,0.0,Kaiama,32.283049519856775
2025-03-16,0.0,Kaiama,32.85690078735354
2025-03-17,0.0,Kaiama,32.10564829508468
2025-03-18,0.0,Kaiama,31.862810389200888
2025-03-19,0.0,Kaiama,31.700870132446312
2025-03-20,0.0,Kaiama,32.00202649434408
2025-03-21,4.622657775878906,Kaiama,31.987353261311853
2025-03-22,4.622657775878906,Kaiama,31.437306976318382
2025-03-23,0.0,Kaiama,31.789605712890648
2025-03-24,0.0,Kaiama,31.766680653889978
2025-03-25,4.622657775878906,Kaiama,31.47294642130538
2025-03-26,3.5009970664978027,Kaiama,31.921659723917685
2025-03-27,10.50299072265625,Kaiama,31.716837183634482
2025-03-28,0.0,Kaiama,32.22166023254397
2025-03-29,0.0,Kaiama,32.45070101420089
2025-03-30,7.0019941329956055,Kaiama,32.652563349405966
2025-03-31,0.0,Kaiama,32.82321701049807
2025-04-01,0.0,Kaiama,32.27954762776693
2025-04-02,4.509397029876709,Kaiama,30.421585973103845
2025-04-03,0.0,Kaiama,31.07594451904299
2025-04-04,0.0,Kaiama,32.25757751464846
2025-04-05,0.0,Kaiama,32.637769317626976
2025-04-06,0.0,Kaiama,32.21602783203127
2025-04-07,0.0,Kaiama,32.37282333374026
2025-04-08,6.657888412475586,Kaiama,31.660407638549827
2025-04-09,13.315776824951172,Kaiama,30.941104507446312
2025-04-10,3.328944206237793,Kaiama,32.25857315063479
2025-04-11,9.431650161743164,Kaiama,30.768114980061853
2025-04-12,6.287766456604004,Kaiama,31.564596430460654
2025-04-13,0.0,Kaiama,32.508133824666345
2025-04-14,0.0,Kaiama,32.27556635538741
2025-04-15,0.0,Kaiama,32.05791943868002
2025-04-16,5.0835065841674805,Kaiama,32.83216756184896
2025-04-17,0.0,Kaiama,31.788635508219443
2025-04-18,0.0,Kaiama,32.7432628631592
2025-04-19,0.0,Kaiama,32.038128789265954
2025-04-20,0.0,Kaiama,32.045428848266624
2025-04-21,0.0,Kaiama,32.674772516886435
2025-04-22,8.228236198425293,Kaiama,32.57363980611166
2025-04-23,8.228236198425293,Kaiama,30.50703582763674
2025-04-24,0.0,Kaiama,31.226829783121786
2025-04-25,0.0,Kaiama,33.02347335815432
2025-04-26,5.55245304107666,Kaiama,31.113782501220726
2025-04-27,2.77622652053833,Kaiama,30.244386927286826
2025-04-28,0.0,Kaiama,31.70355631510421
2025-04-29,0.0,Kaiama,30.703776931762718
2025-04-30,8.328679084777832,Kaiama,31.01810226440432
2025-05-01,7.392186641693115,Kaiama,30.118557230631552
2025-05-02,7.392186641693115,Kaiama,30.550096766154013
2025-05-03,7.392186641693115,Kaiama,30.509659067789755
2025-05-04,0.0,Kaiama,31.117779032389365
2025-05-05,0.0,Kaiama,31.09264717102053
2025-05-06,2.2410812377929688,Kaiama,31.06698570251467
2025-05-07,18.511337280273438,Kaiama,31.89029719034835
2025-05-08,0.0,Kaiama,32.10776100158694
2025-05-09,0.0,Kaiama,31.227701441446982
2025-05-10,0.0,Kaiama,31.615735626220726
2025-05-11,0.0,Kaiama,31.464275614420615
2025-05-12,0.0,Kaiama,32.243264770507835
2025-05-13,0.0,Kaiama,31.269605890909872
2025-05-14,7.248667240142822,Kaiama,29.87238718668624
2025-05-15,0.0,Kaiama,30.440966542561853
2025-05-16,0.0,Kaiama,29.683431243896507
2025-05-17,13.848456382751465,Kaiama,27.16976381937667
2025-05-18,0.9545194506645203,Kaiama,28.156761423746786
2025-05-19,0.735996663570404,Kaiama,29.981947835286462
2025-05-20,0.2555456757545471,Kaiama,29.483721033732138
2025-05-21,0.0,Kaiama,30.03076833089193
2025-05-22,0.0,Kaiama,30.63282419840499
2025-05-23,0.0,Kaiama,29.98331476847335
2025-05-24,0.0,Kaiama,29.43025614420577
2025-05-25,6.980589866638184,Kaiama,29.87021916707357
2025-05-26,0.0,Kaiama,30.518661117553734
2025-05-27,15.804222106933594,Kaiama,29.45611979166671
2025-05-28,0.0,Kaiama,28.675441996256552
2025-05-29,15.804222106933594,Kaiama,25.871444320678734
2025-05-30,0.0,Kaiama,27.862614568074548
2025-05-31,0.0,Kaiama,29.61759274800619
2025-06-01,8.232866287231445,Kaiama,28.814914957682333
2025-06-02,0.0,Kaiama,27.916541671752952
2025-06-03,0.0,Kaiama,27.049616750081384
2025-06-04,0.0,Kaiama,26.723800277709984
2025-06-05,0.0,Kaiama,28.811568196614587
2025-06-06,0.0,Kaiama,28.846035257975302
2025-06-07,11.315546035766602,Kaiama,28.23232994079592
2025-06-08,0.0,Kaiama,28.586312230428064
2025-06-09,0.0,Kaiama,28.358942921956384
2025-06-10,0.0,Kaiama,27.513942972819052
2025-06-11,5.819434642791748,Kaiama,26.579038238525413
2025-06-12,0.27872607111930847,Kaiama,28.596650060017907
2025-06-13,4.857059478759766,Kaiama,28.425021743774437
2025-06-14,9.589323997497559,Kaiama,27.784502283732138
2025-06-15,3.6305229663848877,Kaiama,27.98697179158529
2025-06-16,17.618682861328125,Kaiama,28.45459645589193
2025-06-17,0.0,Kaiama,28.828769938151083
2025-06-18,8.809341430664062,Kaiama,28.04811248779299
2025-06-19,0.0,Kaiama,28.33768234252932
2025-06-20,0.0,Kaiama,27.944319025675497
2025-06-21,7.308780670166016,Kaiama,27.233069356282556
2025-06-22,0.0,Kaiama,27.56804745992025
2025-06-23,7.308780670166016,Kaiama,28.283342615763388
2025-06-24,0.0,Kaiama,28.874095535278343
2025-06-25,0.0,Kaiama,27.913486099243187
2025-06-26,30.033187866210938,Kaiama,27.437149937947595
2025-06-27,0.0,Kaiama,27.861343638102255
2025-06-28,0.0,Kaiama,28.114751434326195
2025-06-29,0.0,Kaiama,28.05956166585287
2025-06-30,0.0,Kaiama,27.462758636474632
2025-07-01,48.24313735961914,Kaiama,26.899336751302087
2025-07-02,31.297937393188477,Kaiama,26.025130208333337
2025-07-03,6.54111385345459,Kaiama,24.942579523722372
2025-07-04,21.369001388549805,Kaiama,24.248088455200218
2025-07-05,0.0,Kaiama,24.8740166982015
2025-07-06,18.564125061035156,Kaiama,24.579525883992517
2025-07-07,9.282062530517578,Kaiama,24.793767547607445
2025-07-08,18.564125061035156,Kaiama,24.573671595255576
2025-07-09,18.564125061035156,Kaiama,24.990919367472372
2025-07-10,0.0,Kaiama,26.299509302775107
2025-07-11,0.0,Kaiama,27.12121734619143
2025-07-12,13.476834297180176,Kaiama,25.395765558878622
2025-07-13,6.738417148590088,Kaiama,25.524055099487327
2025-07-14,0.0,Kaiama,26.101289367675804
2025-07-15,6.738417148590088,Kaiama,25.633013025919638
2025-07-16,0.0,Kaiama,26.367754236857138
2025-07-17,0.0,Kaiama,26.17691891988119
2025-07-18,0.0,Kaiama,26.507488505045615
2025-07-19,0.0,Kaiama,26.476933415730798
2025-07-20,0.0,Kaiama,25.703057861328148
2025-07-21,0.0,Kaiama,25.38520965576174
2025-07-22,0.0,Kaiama,24.050189590454124
2025-07-23,0.0,Kaiama,25.406289672851585
2025-07-24,0.0,Kaiama,25.88570938110354
2025-07-25,0.0,Kaiama,26.271372731526696
2025-07-26,0.0,Kaiama,24.310372289021814
2025-07-27,0.0,Kaiama,25.411943689982138
2025-07-28,0.0,Kaiama,25.0671103159587
2025-07-29,0.0,Kaiama,25.928667322794638
2025-07-30,0.0,Kaiama,26.858721669514978
2025-07-31,0.0,Kaiama,23.929429626464866
2025-08-01,0.0,Kaiama,24.430476125081384
2025-08-02,0.0,Kaiama,25.98250859578451
2025-08-03,26.727310180664062,Kaiama,25.458631769816122
2025-08-04,0.0,Kaiama,23.844936625162802
2025-08-05,0.0,Kaiama,24.30650990804037
2025-08-06,0.0,Kaiama,24.49411544799807
2025-08-07,9.326183319091797,Kaiama,24.9650703430176
2025-08-08,18.652366638183594,Kaiama,24.547065989176474
2025-08-09,27.978551864624023,Kaiama,22.814689254760765
2025-08-10,0.0,Kaiama,25.49098167419436
2025-08-11,0.0,Kaiama,25.434207534790062
2025-08-12,0.0,Kaiama,24.276014582316122
2025-08-13,0.0,Kaiama,25.17026036580404
2025-08-14,7.749229907989502,Kaiama,24.4352801005046
2025-08-15,15.498459815979004,Kaiama,23.366450246175134
2025-08-16,12.556293487548828,Kaiama,22.065933481852255
2025-08-17,0.0,Kaiama,24.74590326944991
2025-08-18,0.0,Kaiama,24.49269065856936
2025-08-19,0.0,Kaiama,25.259845352172874
2025-08-20,12.556293487548828,Kaiama,25.49156850179037
2025-08-21,0.0,Kaiama,24.900818761189782
2025-08-22,7.352998733520508,Kaiama,24.825752512613974
2025-08-23,0.0,Kaiama,25.61862716674807
2025-08-24,0.0,Kaiama,25.90972798665365
2025-08-25,7.352998733520508,Kaiama,25.79373130798342
2025-08-26,23.61205291748047,Kaiama,24.375440851847372
2025-08-27,0.0,Kaiama,25.474776204427087
2025-08-28,0.0,Kaiama,26.16623776753744
2025-08-29,0.0,Kaiama,26.064939117431663
2025-08-30,0.0,Kaiama,25.535230255126976
2025-08-31,0.0,Kaiama,25.617704645792685
2025-09-01,0.0,Kaiama,25.87287038167318
2025-09-02,5.444561004638672,Kaiama,25.984403864542685
2025-09-03,5.444561004638672,Kaiama,24.29066174825033
2025-09-04,0.0,Kaiama,25.782630538940452
2025-09-05,5.444561004638672,Kaiama,25.796177800496423
2025-09-06,4.863287448883057,Kaiama,26.086372629801474
2025-09-07,0.0,Kaiama,26.49798736572268
2025-09-08,14.589863777160645,Kaiama,25.789084370930993
2025-09-09,9.726574897766113,Kaiama,24.745207087198935
2025-09-10,0.0,Kaiama,25.74990615844729
2025-09-11,12.503268241882324,Kaiama,25.71624336242678
2025-09-12,0.0,Kaiama,23.814248657226585
2025-09-13,0.0,Kaiama,25.37675565083822
2025-09-14,0.0,Kaiama,25.89730288187667
2025-09-15,25.00653648376465,Kaiama,26.624799982706747
2025-09-16,0.0,Kaiama,25.887246704101585
2025-09-17,0.0,Kaiama,25.94904225667318
2025-09-18,9.428081512451172,Kaiama,25.980327224731468
2025-09-19,9.428081512451172,Kaiama,26.297092692057333
2025-09-20,9.428081512451172,Kaiama,25.82469774882003
2025-09-21,0.0,Kaiama,25.96358133951827
2025-09-22,10.700353622436523,Kaiama,26.736192321777366
2025-09-23,10.700353622436523,Kaiama,25.771714782714866
2025-09-24,5.350176811218262,Kaiama,26.111749903361044
2025-09-25,10.700353622436523,Kaiama,24.85918451944991
2025-09-26,0.0,Kaiama,25.478128687540732
2025-09-27,8.044612884521484,Kaiama,25.429143524169945
2025-09-28,16.08922576904297,Kaiama,25.90905914306643
2025-09-29,8.044612884521484,Kaiama,25.11477622985842
2025-09-30,8.044612884521484,Kaiama,27.06484502156576
2025-10-01,22.091894149780273,Kaiama,25.818695958455407
2025-10-02,14.72792911529541,Kaiama,26.120322163899743
2025-10-03,0.0,Kaiama,27.90234527587893
2025-10-04,0.0,Kaiama,27.706115976969443
2025-10-05,14.72792911529541,Kaiama,26.217916107177757
2025-10-06,0.07938488572835922,Kaiama,24.71362902323409
2025-10-07,9.195747375488281,Kaiama,25.254699961344443
2025-10-08,0.17509275674819946,Kaiama,26.75189043680831
2025-10-09,0.25615623593330383,Kaiama,26.505591328938806
2025-10-10,7.944835186004639,Kaiama,25.85250625610354
2025-10-11,8.19188404083252,Kaiama,26.148580805460654
2025-10-12,16.38376808166504,Kaiama,24.734311676025413
2025-10-13,8.19188404083252,Kaiama,26.428325907389365
2025-10-14,0.0,Kaiama,26.14999351501467
2025-10-15,8.19188404083252,Kaiama,26.743898646036826
2025-10-16,9.5048189163208,Kaiama,26.890906270345056
2025-10-17,0.0,Kaiama,26.76351381937667
2025-10-18,0.0,Kaiama,27.893443679809593
2025-10-19,0.0,Kaiama,28.097077941894554
2025-10-20,0.0,Kaiama,27.67388814290365
2025-10-21,0.0,Kaiama,27.80623906453451
2025-10-22,0.0,Kaiama,27.63007507324221
2025-10-23,0.0,Kaiama,28.07845522562667
2025-10-24,0.0,Kaiama,27.899734751383505
2025-10-25,0.0,Kaiama,27.74028358459475
2025-10-26,0.0,Kaiama,28.091270701090536
2025-10-27,0.0,Kaiama,28.301417922973656
2025-10-28,0.0,Kaiama,28.22908490498861
2025-10-29,0.0,Kaiama,27.344739532470726
2025-10-30,0.0,Kaiama,28.089026387532556
2025-10-31,0.0,Kaiama,27.975495274861657
2025-11-01,0.0,Kaiama,27.909039433797204
2025-11-02,0.0,Kaiama,27.756411488850915
2025-11-03,0.0,Kaiama,27.653124109904013
2025-11-04,2.5079658031463623,Kaiama,28.439083989461267
2025-11-05,0.0,Kaiama,29.10161933898928
2025-11-06,0.0,Kaiama,28.625291442871116
2025-11-07,0.0,Kaiama,28.73925043741866
2025-11-08,0.0,Kaiama,28.777593231201195
2025-11-09,0.0,Kaiama,28.714442825317406
2025-11-10,0.0,Kaiama,28.49589564005538
2025-11-11,0.0,Kaiama,28.818954086303734
2025-11-12,0.0,Kaiama,28.28513615926107
2025-11-13,0.0,Kaiama,28.145355478922568
2025-11-14,0.0,Kaiama,28.371200180053734
2025-11-15,0.0,Kaiama,28.635965601603232
2025-11-16,0.0,Kaiama,28.07531318664553
2025-11-17,0.0,Kaiama,27.911913808186853
2025-11-18,0.0,Kaiama,27.890408452351892
2025-11-19,0.0,Kaiama,28.732532755533896
2025-11-20,0.0,Kaiama,29.114157613118493
2025-11-21,0.0,Kaiama,28.960045115153036
2025-11-22,0.0,Kaiama,28.885158157348656
2025-11-23,0.0,Kaiama,28.441983159383142
2025-11-24,0.0,Kaiama,28.439000066121423
2025-11-25,0.0,Kaiama,28.05604705810549
2025-11-26,0.0,Kaiama,28.875536855061853
2025-11-27,0.0,Kaiama,29.513286209106468
2025-11-28,0.0,Kaiama,29.81146647135421
2025-11-29,0.0,Kaiama,29.23951110839846
2025-11-30,0.0,Kaiama,29.169794336954794
2025-12-01,0.0,Kaiama,29.251772816975915
2025-12-02,0.0,Kaiama,29.27448425292971
2025-12-03,0.0,Kaiama,29.552407836914085
2025-12-04,0.0,Kaiama,29.343768692016624
2025-12-05,0.0,Kaiama,28.869121170043968
2025-12-06,0.0,Kaiama,28.89860877990725
2025-12-07,0.0,Kaiama,28.786655044555687
2025-12-08,0.0,Kaiama,28.586948649088583
2025-12-09,0.0,Kaiama,28.244032160441122
2025-12-10,2.017996072769165,Kaiama,28.111729558308923
2025-12-11,0.0,Kaiama,28.192458089192712
2025-12-12,0.0,Kaiama,28.90887031555178
2025-12-13,0.0,Kaiama,29.354357655843103
2025-12-14,0.0,Kaiama,29.657266235351585
2025-12-15,0.0,Kaiama,29.09368222554525
2025-12-16,0.9494384527206421,Kaiama,28.30746994018557
2025-12-17,0.0,Kaiama,27.73357226053878
2025-12-18,0.0,Kaiama,28.158620452880882
2025-12-19,0.0,Kaiama,29.25831311543783
2025-12-20,0.0,Kaiama,29.639208094279013
2025-12-21,0.0,Kaiama,29.213828023274743
2025-12-22,0.0,Kaiama,28.722295379638695
2025-12-23,0.0,Kaiama,29.330338414510095
2025-12-24,0.0,Kaiama,29.424631373087607
2025-12-25,0.0,Kaiama,29.72400054931643
2025-12-26,0.0,Kaiama,30.239815648396814
2025-12-27,0.0,Kaiama,29.78340619405111
2025-12-28,0.0,Kaiama,29.44332402547201
2025-12-29,0.0,Kaiama,29.694705581665062
2025-12-30,0.0,Kaiama,29.441254552205407
2025-12-31,0.0,Kaiama,29.801782226562523
2021-01-01,0.0,Ifelodun,27.52556508382162
2021-01-02,0.0,Ifelodun,27.78601989746096
2021-01-03,0.0,Ifelodun,27.865520731608115
2021-01-04,3.2338881492614746,Ifelodun,28.522784805297874
2021-01-05,0.0,Ifelodun,28.20361735026046
2021-01-06,2.225759506225586,Ifelodun,28.61309140523275
2021-01-07,0.0,Ifelodun,28.326182301839196
2021-01-08,0.0,Ifelodun,28.11232719421389
2021-01-09,0.0,Ifelodun,27.65764706929525
2021-01-10,0.0,Ifelodun,27.48275210062667
2021-01-11,0.0,Ifelodun,27.54567680358889
2021-01-12,0.0,Ifelodun,27.578329340616904
2021-01-13,0.0,Ifelodun,27.415690994262718
2021-01-14,0.0,Ifelodun,27.204309082031273
2021-01-15,0.0,Ifelodun,27.116082763671898
2021-01-16,0.0,Ifelodun,27.10926780700686
2021-01-17,0.0,Ifelodun,27.12535120646163
2021-01-18,0.0,Ifelodun,27.619747416178427
2021-01-19,0.0,Ifelodun,27.524533843994163
2021-01-20,0.0,Ifelodun,27.03822733561202
2021-01-21,0.0,Ifelodun,27.074194208780966
2021-01-22,0.0,Ifelodun,26.167188262939476
2021-01-23,0.0,Ifelodun,26.433838780721032
2021-01-24,0.0,Ifelodun,27.46276690165206
2021-01-25,0.0,Ifelodun,26.942045466105185
2021-01-26,0.0,Ifelodun,27.18540980021163
2021-01-27,0.0,Ifelodun,27.297712580362997
2021-01-28,0.0,Ifelodun,27.824236170450888
2021-01-29,0.0,Ifelodun,28.240085220336937
2021-01-30,0.0,Ifelodun,28.229229227701865
2021-01-31,0.0,Ifelodun,27.506700134277366
2021-02-01,0.0,Ifelodun,28.03426005045577
2021-02-02,0.0,Ifelodun,28.127428309122763
2021-02-03,0.0,Ifelodun,28.534614817301474
2021-02-04,0.0,Ifelodun,28.863926823933923
2021-02-05,0.0,Ifelodun,28.694818115234398
2021-02-06,0.0,Ifelodun,28.766158676147484
2021-02-07,0.0,Ifelodun,28.85876617431643
2021-02-08,0.0,Ifelodun,28.82791353861495
2021-02-09,0.0,Ifelodun,28.562578455607138
2021-02-10,0.0,Ifelodun,29.05282109578451
2021-02-11,0.0,Ifelodun,29.386966323852562
2021-02-12,0.0,Ifelodun,29.23939921061202
2021-02-13,0.0,Ifelodun,28.99986292521163
2021-02-14,0.0,Ifelodun,29.20187339782717
2021-02-15,0.0,Ifelodun,29.613552983601892
2021-02-16,0.0,Ifelodun,29.615192031860374
2021-02-17,0.0,Ifelodun,28.767553583780966
2021-02-18,0.0,Ifelodun,27.03051910400393
2021-02-19,0.0,Ifelodun,25.11516151428225
2021-02-20,0.0,Ifelodun,25.79420623779299
2021-02-21,0.0,Ifelodun,26.781334813435876
2021-02-22,0.0,Ifelodun,27.006140009562216
2021-02-23,0.0,Ifelodun,27.815549468994163
2021-02-24,0.0,Ifelodun,28.725322341918968
2021-02-25,0.0,Ifelodun,29.17228469848635
2021-02-26,0.0,Ifelodun,29.09658012390139
2021-02-27,0.0,Ifelodun,28.812895711263025
2021-02-28,0.0,Ifelodun,29.283247884114587
2021-03-01,0.0,Ifelodun,29.42621002197268
2021-03-02,0.0,Ifelodun,29.63001085917159
2021-03-03,0.0,Ifelodun,29.642626063029013
2021-03-04,0.0,Ifelodun,29.550728098551474
2021-03-05,0.0,Ifelodun,29.74679527282717
2021-03-06,0.0,Ifelodun,30.073921457926474
2021-03-07,0.0,Ifelodun,30.267132695515954
2021-03-08,0.0,Ifelodun,30.09209467569991
2021-03-09,2.3854541778564453,Ifelodun,29.271088536580407
2021-03-10,4.770908355712891,Ifelodun,28.577594375610374
2021-03-11,2.6558327674865723,Ifelodun,28.01997845967611
2021-03-12,7.967497825622559,Ifelodun,27.722138977050804
2021-03-13,2.6558327674865723,Ifelodun,27.296532567342126
2021-03-14,0.0,Ifelodun,27.936502710978232
2021-03-15,0.0,Ifelodun,28.456428146362327
2021-03-16,5.296898365020752,Ifelodun,27.664362843831384
2021-03-17,5.296898365020752,Ifelodun,26.877856190999353
2021-03-18,10.593796730041504,Ifelodun,26.551946258544945
2021-03-19,0.0,Ifelodun,26.53699963887533
2021-03-20,5.296898365020752,Ifelodun,26.718867238362634
2021-03-21,4.269532203674316,Ifelodun,27.16722768147787
2021-03-22,0.0,Ifelodun,27.631572341918968
2021-03-23,2.134766101837158,Ifelodun,27.731984074910486
2021-03-24,2.134766101837158,Ifelodun,27.26760317484542
2021-03-25,0.0,Ifelodun,27.425642267862997
2021-03-26,0.0,Ifelodun,28.64211235046389
2021-03-27,0.0,Ifelodun,28.394067382812523
2021-03-28,0.0,Ifelodun,28.685014979044638
2021-03-29,0.0,Ifelodun,28.835423405965173
2021-03-30,0.0,Ifelodun,29.10056076049807
2021-03-31,0.0,Ifelodun,29.317664718627952
2021-04-01,0.0,Ifelodun,29.67427469889327
2021-04-02,0.0,Ifelodun,29.451509094238304
2021-04-03,0.0,Ifelodun,29.635346349080407
2021-04-04,0.0,Ifelodun,29.760818735758505
2021-04-05,0.0,Ifelodun,29.664276377360068
2021-04-06,3.4157211780548096,Ifelodun,29.912597910563193
2021-04-07,0.0,Ifelodun,29.940363820393884
2021-04-08,6.831442356109619,Ifelodun,30.159129714965843
2021-04-09,13.662884712219238,Ifelodun,28.788072204589866
2021-04-10,6.831442356109619,Ifelodun,29.243274307251
2021-04-11,8.84797191619873,Ifelodun,27.920787429809593
2021-04-12,0.0,Ifelodun,29.025915400187216
2021-04-13,8.84797191619873,Ifelodun,28.034445063273154
2021-04-14,8.84797191619873,Ifelodun,28.96117744445803
2021-04-15,13.271956443786621,Ifelodun,28.405233637491904
2021-04-16,0.0,Ifelodun,28.17396952311202
2021-04-17,0.0,Ifelodun,27.446721013387048
2021-04-18,12.426563262939453,Ifelodun,28.324067052205407
2021-04-19,0.0,Ifelodun,28.75599377950033
2021-04-20,0.0,Ifelodun,28.52994308471682
2021-04-21,2.9917426109313965,Ifelodun,28.897190348307333
2021-04-22,11.966970443725586,Ifelodun,27.874196624755882
2021-04-23,0.0,Ifelodun,28.66766192118331
2021-04-24,0.0,Ifelodun,28.000224685668968
2021-04-25,5.983485221862793,Ifelodun,28.097470855712913
2021-04-26,3.9839589595794678,Ifelodun,28.87702013651534
2021-04-27,3.9839589595794678,Ifelodun,28.46507924397787
2021-04-28,5.97593879699707,Ifelodun,27.900217310587607
2021-04-29,0.0,Ifelodun,28.506300226847372
2021-04-30,0.0,Ifelodun,28.493096923828148
2021-05-01,0.0,Ifelodun,28.919641113281273
2021-05-02,0.0,Ifelodun,29.075514094034872
2021-05-03,4.053332805633545,Ifelodun,27.135959879557333
2021-05-04,20.266666412353516,Ifelodun,27.47412261962893
2021-05-05,0.0,Ifelodun,27.781387583414755
2021-05-06,13.354462623596191,Ifelodun,27.742407099405966
2021-05-07,26.708925247192383,Ifelodun,26.719947433471702
2021-05-08,0.0,Ifelodun,27.16497065226241
2021-05-09,13.354462623596191,Ifelodun,25.567706044514978
2021-05-10,0.0,Ifelodun,26.212497329711937
2021-05-11,0.0,Ifelodun,27.83805109659835
2021-05-12,0.0,Ifelodun,27.52743492126467
2021-05-13,0.0,Ifelodun,27.12509117126467
2021-05-14,0.0,Ifelodun,28.00174229939779
2021-05-15,10.570048332214355,Ifelodun,27.636148707071982
2021-05-16,0.0,Ifelodun,27.683496093750023
2021-05-17,7.9983320236206055,Ifelodun,27.44540176391604
2021-05-18,3.9991660118103027,Ifelodun,27.394186274210654
2021-05-19,7.9983320236206055,Ifelodun,28.12593040466311
2021-05-20,11.99749755859375,Ifelodun,26.765022532145224
2021-05-21,0.0,Ifelodun,27.461054738362634
2021-05-22,10.417708396911621,Ifelodun,25.964121754964196
2021-05-23,0.0,Ifelodun,27.24366467793783
2021-05-24,0.0,Ifelodun,27.868411636352562
2021-05-25,0.0,Ifelodun,27.678047434488974
2021-05-26,0.0,Ifelodun,28.002507781982445
2021-05-27,3.8541982173919678,Ifelodun,27.793330128987634
2021-05-28,3.8541982173919678,Ifelodun,27.858534749348962
2021-05-29,7.7083964347839355,Ifelodun,27.59390029907229
2021-05-30,11.56259536743164,Ifelodun,27.315641657511435
2021-05-31,7.7083964347839355,Ifelodun,27.92210985819503
2021-06-01,21.338520050048828,Ifelodun,27.27216491699221
2021-06-02,0.0,Ifelodun,27.521712875366234
2021-06-03,7.112839698791504,Ifelodun,28.20697619120284
2021-06-04,21.338520050048828,Ifelodun,26.004871622721396
2021-06-05,7.112839698791504,Ifelodun,25.37071317036947
2021-06-06,0.0,Ifelodun,26.262665685017907
2021-06-07,0.0,Ifelodun,26.96137708028158
2021-06-08,24.19454574584961,Ifelodun,27.100181833903036
2021-06-09,0.0,Ifelodun,26.141447957356775
2021-06-10,0.0,Ifelodun,27.236839548746786
2021-06-11,0.0,Ifelodun,26.580768203735374
2021-06-12,6.0510125160217285,Ifelodun,27.028716023763025
2021-06-13,0.0,Ifelodun,27.144396718343103
2021-06-14,6.0510125160217285,Ifelodun,26.87859179178878
2021-06-15,12.102025032043457,Ifelodun,26.417174911499046
2021-06-16,3.027669668197632,Ifelodun,25.379083887736044
2021-06-17,0.0,Ifelodun,25.63992271423342
2021-06-18,0.0,Ifelodun,26.46995061238607
2021-06-19,3.027669668197632,Ifelodun,26.077294286092126
2021-06-20,15.138348579406738,Ifelodun,23.680992380778036
2021-06-21,0.0,Ifelodun,24.581040954589866
2021-06-22,18.05908203125,Ifelodun,24.626087443033896
2021-06-23,18.05908203125,Ifelodun,24.312687810262048
2021-06-24,0.0,Ifelodun,25.575168863932333
2021-06-25,0.0,Ifelodun,25.842865244547568
2021-06-26,12.554916381835938,Ifelodun,24.114627456665062
2021-06-27,0.0,Ifelodun,25.422336196899437
2021-06-28,8.369943618774414,Ifelodun,25.589800771077478
2021-06-29,0.0,Ifelodun,24.92999928792318
2021-06-30,8.369943618774414,Ifelodun,25.42795651753744
2021-07-01,0.0,Ifelodun,25.025685246785486
2021-07-02,6.1969122886657715,Ifelodun,25.270003890991234
2021-07-03,6.1969122886657715,Ifelodun,24.51295115152999
2021-07-04,0.0,Ifelodun,24.683458582560263
2021-07-05,0.0,Ifelodun,25.876432673136435
2021-07-06,7.328320026397705,Ifelodun,25.093025461832724
2021-07-07,0.0,Ifelodun,24.79007237752279
2021-07-08,3.6641600131988525,Ifelodun,25.40359013875326
2021-07-09,3.6641600131988525,Ifelodun,24.120406087239587
2021-07-10,0.0,Ifelodun,24.811645762125693
2021-07-11,6.576270580291748,Ifelodun,24.782927449544275
2021-07-12,6.576270580291748,Ifelodun,24.403094863891624
2021-07-13,0.0,Ifelodun,25.530053075154626
2021-07-14,0.0,Ifelodun,25.279456075032556
2021-07-15,6.576270580291748,Ifelodun,25.12773793538412
2021-07-16,6.773314476013184,Ifelodun,23.76487820943197
2021-07-17,0.0,Ifelodun,24.377513504028343
2021-07-18,0.0,Ifelodun,25.240793482462607
2021-07-19,0.0,Ifelodun,24.440448379516624
2021-07-20,0.0,Ifelodun,24.68691978454592
2021-07-21,0.0,Ifelodun,24.997605895996116
2021-07-22,0.0,Ifelodun,25.159051513671898
2021-07-23,0.0,Ifelodun,25.655196126302087
2021-07-24,0.0,Ifelodun,25.066481526692712
2021-07-25,0.0,Ifelodun,25.24340400695803
2021-07-26,0.0,Ifelodun,22.85934727986654
2021-07-27,0.0,Ifelodun,23.38988393147787
2021-07-28,0.0,Ifelodun,24.789898173014365
2021-07-29,0.0,Ifelodun,25.625767644246423
2021-07-30,0.0,Ifelodun,24.355290349324548
2021-07-31,3.30619740486145,Ifelodun,25.078501637776696
2021-08-01,0.0,Ifelodun,25.572822825113974
2021-08-02,11.156609535217285,Ifelodun,24.708814239501976
2021-08-03,5.578304767608643,Ifelodun,24.777484512329124
2021-08-04,5.578304767608643,Ifelodun,24.431513086954794
2021-08-05,0.0,Ifelodun,23.65320485432943
2021-08-06,0.0,Ifelodun,25.199527359008812
2021-08-07,12.689132690429688,Ifelodun,23.49856529235842
2021-08-08,8.459421157836914,Ifelodun,22.608005142211937
2021-08-09,0.0,Ifelodun,23.495867665608728
2021-08-10,0.0,Ifelodun,23.987488047281943
2021-08-11,15.061240196228027,Ifelodun,23.1967655181885
2021-08-12,0.0,Ifelodun,23.67167180379232
2021-08-13,7.530620098114014,Ifelodun,23.25185610453292
2021-08-14,0.0,Ifelodun,23.787815348307333
2021-08-15,0.0,Ifelodun,24.404031372070335
2021-08-16,20.1928653717041,Ifelodun,22.823011652628622
2021-08-17,6.730955600738525,Ifelodun,23.648628489176474
2021-08-18,0.0,Ifelodun,23.014650599161826
2021-08-19,6.730955600738525,Ifelodun,22.478233591715536
2021-08-20,13.46191120147705,Ifelodun,23.865418370564782
2021-08-21,0.0,Ifelodun,23.55246251424154
2021-08-22,0.0,Ifelodun,24.09804496765139
2021-08-23,40.65540313720703,Ifelodun,23.895146942138695
2021-08-24,27.103601455688477,Ifelodun,23.837900416056357
2021-08-25,0.0,Ifelodun,24.25743128458663
2021-08-26,17.765335083007812,Ifelodun,22.85331242879232
2021-08-27,11.84355640411377,Ifelodun,22.849842961629236
2021-08-28,5.921778202056885,Ifelodun,24.641316986084007
2021-08-29,11.84355640411377,Ifelodun,24.398402786254906
2021-08-30,11.84355640411377,Ifelodun,23.116475677490257
2021-08-31,5.921778202056885,Ifelodun,25.23877360026046
2021-09-01,34.42690658569336,Ifelodun,24.833017603556357
2021-09-02,11.475634574890137,Ifelodun,23.255516306559286
2021-09-03,22.951269149780273,Ifelodun,24.093822097778343
2021-09-04,13.115012168884277,Ifelodun,23.898706054687523
2021-09-05,0.0,Ifelodun,24.92065836588546
2021-09-06,0.0,Ifelodun,23.654686864217126
2021-09-07,14.245530128479004,Ifelodun,24.960415776570642
2021-09-08,28.491060256958008,Ifelodun,24.65700238545736
2021-09-09,0.0,Ifelodun,25.590461349487327
2021-09-10,56.982120513916016,Ifelodun,24.819080607096396
2021-09-11,6.639849662780762,Ifelodun,24.344344075520837
2021-09-12,13.279699325561523,Ifelodun,26.031098302205407
2021-09-13,19.91954803466797,Ifelodun,24.330207443237327
2021-09-14,19.91954803466797,Ifelodun,23.71879920959475
2021-09-15,19.91954803466797,Ifelodun,24.53113390604659
2021-09-16,8.200072288513184,Ifelodun,24.25587425231936
2021-09-17,24.6002197265625,Ifelodun,24.39572995503744
2021-09-18,8.200072288513184,Ifelodun,24.66293106079104
2021-09-19,0.0,Ifelodun,25.031586583455407
2021-09-20,16.400144577026367,Ifelodun,25.301728185017907
2021-09-21,19.841794967651367,Ifelodun,24.44630393981936
2021-09-22,7.936717987060547,Ifelodun,23.370534515380882
2021-09-23,0.0,Ifelodun,24.43096186319991
2021-09-24,7.936717987060547,Ifelodun,25.17826105753585
2021-09-25,3.9683589935302734,Ifelodun,24.51588401794436
2021-09-26,0.0,Ifelodun,25.133566157023154
2021-09-27,0.0,Ifelodun,24.976402537028036
2021-09-28,5.4487996101379395,Ifelodun,25.13221448262533
2021-09-29,10.897599220275879,Ifelodun,24.71391067504885
2021-09-30,10.897599220275879,Ifelodun,23.83831113179525
2021-10-01,0.0,Ifelodun,24.539721425374353
2021-10-02,21.203384399414062,Ifelodun,25.77744382222494
2021-10-03,0.0,Ifelodun,24.989007568359398
2021-10-04,0.0,Ifelodun,25.740563329060876
2021-10-05,21.203384399414062,Ifelodun,26.324393844604515
2021-10-06,17.4200496673584,Ifelodun,24.796992238362634
2021-10-07,0.0,Ifelodun,25.2670888264974
2021-10-08,0.0,Ifelodun,26.04450060526534
2021-10-09,26.13007354736328,Ifelodun,25.697918828328454
2021-10-10,17.4200496673584,Ifelodun,25.843139902750693
2021-10-11,0.0,Ifelodun,26.648105239868187
2021-10-12,0.0,Ifelodun,27.23000869750979
2021-10-13,13.542679786682129,Ifelodun,26.436903889973962
2021-10-14,6.7713398933410645,Ifelodun,26.03665377298995
2021-10-15,6.7713398933410645,Ifelodun,26.427861150105798
2021-10-16,0.0,Ifelodun,26.360782241821312
2021-10-17,9.426612854003906,Ifelodun,25.98482157389327
2021-10-18,9.426612854003906,Ifelodun,25.07431882222494
2021-10-19,14.139918327331543,Ifelodun,25.803603108723962
2021-10-20,9.426612854003906,Ifelodun,24.81610514322921
2021-10-21,0.0,Ifelodun,25.07322718302413
2021-10-22,23.303171157836914,Ifelodun,24.638598378499353
2021-10-23,7.767723560333252,Ifelodun,23.487248992919945
2021-10-24,0.0,Ifelodun,25.62663294474288
2021-10-25,7.767723560333252,Ifelodun,26.72005424499514
2021-10-26,0.0,Ifelodun,25.60907580057784
2021-10-27,6.61695671081543,Ifelodun,25.519158935546898
2021-10-28,6.61695671081543,Ifelodun,25.777155812581384
2021-10-29,0.0,Ifelodun,26.739963150024437
2021-10-30,0.0,Ifelodun,26.575015640258812
2021-10-31,13.23391342163086,Ifelodun,26.799932098388695
2021-11-01,7.999270439147949,Ifelodun,26.51948954264327
2021-11-02,7.999270439147949,Ifelodun,26.275109863281273
2021-11-03,0.0,Ifelodun,26.727247492472372
2021-11-04,7.999270439147949,Ifelodun,26.694665527343773
2021-11-05,7.999270439147949,Ifelodun,26.327416356404626
2021-11-06,3.92710542678833,Ifelodun,26.700137074788415
2021-11-07,0.0,Ifelodun,26.924915568033896
2021-11-08,0.0,Ifelodun,26.738989766438806
2021-11-09,0.0,Ifelodun,26.678482945760095
2021-11-10,7.85421085357666,Ifelodun,25.987418746948265
2021-11-11,6.609994411468506,Ifelodun,26.789561843872093
2021-11-12,0.0,Ifelodun,26.582984542846702
2021-11-13,0.0,Ifelodun,26.82620773315432
2021-11-14,3.304997205734253,Ifelodun,26.90827013651534
2021-11-15,3.304997205734253,Ifelodun,26.924345270792685
2021-11-16,4.588777542114258,Ifelodun,26.77880121866866
2021-11-17,4.588777542114258,Ifelodun,27.239631271362327
2021-11-18,0.0,Ifelodun,27.608796056111657
2021-11-19,0.0,Ifelodun,27.64468917846682
2021-11-20,0.0,Ifelodun,27.426678593953454
2021-11-21,0.0,Ifelodun,26.998253122965536
2021-11-22,0.0,Ifelodun,27.121927515665732
2021-11-23,0.0,Ifelodun,27.44019152323409
2021-11-24,0.0,Ifelodun,27.76733805338546
2021-11-25,0.0,Ifelodun,27.93828926086428
2021-11-26,0.0,Ifelodun,28.02893218994143
2021-11-27,0.0,Ifelodun,27.283404922485374
2021-11-28,0.0,Ifelodun,27.742057418823265
2021-11-29,0.0,Ifelodun,27.329255040486657
2021-11-30,0.0,Ifelodun,27.517601903279626
2021-12-01,0.0,Ifelodun,27.420512771606468
2021-12-02,2.685253620147705,Ifelodun,27.391990915934286
2021-12-03,0.0,Ifelodun,27.374059931437216
2021-12-04,0.0,Ifelodun,27.791254933675134
2021-12-05,0.0,Ifelodun,28.468195215861044
2021-12-06,0.0,Ifelodun,28.573892847696982
2021-12-07,0.0,Ifelodun,27.657959238688193
2021-12-08,0.0,Ifelodun,27.2147206624349
2021-12-09,0.0,Ifelodun,26.859733200073265
2021-12-10,0.0,Ifelodun,27.62550061543783
2021-12-11,0.0,Ifelodun,26.709000523885095
2021-12-12,0.0,Ifelodun,27.242344792683923
2021-12-13,0.0,Ifelodun,27.580741500854515
2021-12-14,0.0,Ifelodun,27.720239257812523
2021-12-15,0.0,Ifelodun,27.42786242167159
2021-12-16,2.935964822769165,Ifelodun,26.397142664591513
2021-12-17,0.0,Ifelodun,26.71546579996749
2021-12-18,0.0,Ifelodun,25.653396860758505
2021-12-19,0.0,Ifelodun,25.494643147786462
2021-12-20,0.0,Ifelodun,25.472495015462243
2021-12-21,0.0,Ifelodun,26.09917348225912
2021-12-22,0.0,Ifelodun,26.88515179951986
2021-12-23,0.0,Ifelodun,28.12362187703451
2021-12-24,0.0,Ifelodun,28.37174250284835
2021-12-25,0.0,Ifelodun,27.498891448974632
2021-12-26,0.0,Ifelodun,27.626419957478845
2021-12-27,0.0,Ifelodun,27.180517450968466
2021-12-28,0.0,Ifelodun,27.19864107767745
2021-12-29,0.0,Ifelodun,27.078992462158226
2021-12-30,0.0,Ifelodun,27.04912592569991
2021-12-31,0.0,Ifelodun,27.145956293741904
2022-01-01,0.0,Ifelodun,27.002139663696312
2022-01-02,0.0,Ifelodun,26.730540847778343
2022-01-03,0.0,Ifelodun,26.394486363728845
2022-01-04,0.0,Ifelodun,26.864212926228845
2022-01-05,0.0,Ifelodun,26.67074356079104
2022-01-06,0.0,Ifelodun,28.077424621582054
2022-01-07,0.0,Ifelodun,28.08333867390951
2022-01-08,0.0,Ifelodun,28.112474060058616
2022-01-09,0.0,Ifelodun,27.48549359639486
2022-01-10,0.0,Ifelodun,27.85518353780111
2022-01-11,0.0,Ifelodun,27.504665629069052
2022-01-12,0.0,Ifelodun,28.02100524902346
2022-01-13,0.0,Ifelodun,28.230532582600915
2022-01-14,0.0,Ifelodun,28.226001993815146
2022-01-15,0.0,Ifelodun,27.509278233846032
2022-01-16,0.0,Ifelodun,27.166397984822595
2022-01-17,0.0,Ifelodun,26.50098826090499
2022-01-18,0.0,Ifelodun,25.611450449625693
2022-01-19,0.0,Ifelodun,25.438134765625023
2022-01-20,0.0,Ifelodun,25.689504241943382
2022-01-21,0.0,Ifelodun,25.963733927408896
2022-01-22,0.0,Ifelodun,26.478977457682333
2022-01-23,0.0,Ifelodun,26.59084854125979
2022-01-24,0.0,Ifelodun,26.576633707682333
2022-01-25,0.0,Ifelodun,26.15180040995284
2022-01-26,0.0,Ifelodun,26.14953193664553
2022-01-27,0.0,Ifelodun,26.297280883789085
2022-01-28,0.0,Ifelodun,26.341281509399437
2022-01-29,0.0,Ifelodun,26.400493240356468
2022-01-30,0.0,Ifelodun,25.294269180297874
2022-01-31,0.0,Ifelodun,25.254779434204124
2022-02-01,0.0,Ifelodun,25.668433125813806
2022-02-02,0.0,Ifelodun,25.967263793945335
2022-02-03,0.0,Ifelodun,26.02741648356124
2022-02-04,0.0,Ifelodun,26.191559092203818
2022-02-05,0.0,Ifelodun,26.659410730997763
2022-02-06,0.0,Ifelodun,27.283526357014978
2022-02-07,0.0,Ifelodun,27.0727528889974
2022-02-08,0.0,Ifelodun,27.440223312377952
2022-02-09,0.0,Ifelodun,27.800016657511435
2022-02-10,0.0,Ifelodun,28.044972991943382
2022-02-11,0.0,Ifelodun,28.17318687438967
2022-02-12,0.0,Ifelodun,27.45085995992025
2022-02-13,0.0,Ifelodun,28.293372726440452
2022-02-14,0.0,Ifelodun,28.564006423950218
2022-02-15,0.0,Ifelodun,28.15389531453451
2022-02-16,0.0,Ifelodun,28.517111714680993
2022-02-17,0.0,Ifelodun,28.627675628662132
2022-02-18,0.0,Ifelodun,29.443248367309593
2022-02-19,0.0,Ifelodun,29.226058578491234
2022-02-20,0.0,Ifelodun,28.70946528116866
2022-02-21,0.0,Ifelodun,28.091906483968103
2022-02-22,0.0,Ifelodun,28.65095990498861
2022-02-23,0.0,Ifelodun,28.58153432210287
2022-02-24,0.0,Ifelodun,28.94336598714193
2022-02-25,0.0,Ifelodun,28.99458020528158
2022-02-26,0.0,Ifelodun,29.22440109252932
2022-02-27,0.0,Ifelodun,29.101584370930993
2022-02-28,0.0,Ifelodun,29.476323064168298
2022-03-01,0.0,Ifelodun,29.72920951843264
2022-03-02,3.2463152408599854,Ifelodun,29.21085891723635
2022-03-03,4.869472980499268,Ifelodun,28.924975331624353
2022-03-04,3.2463152408599854,Ifelodun,27.72885983784994
2022-03-05,4.869472980499268,Ifelodun,27.75401903788253
2022-03-06,1.1020252704620361,Ifelodun,28.22574068705245
2022-03-07,0.0,Ifelodun,28.441751098632835
2022-03-08,0.0,Ifelodun,29.60746091206869
2022-03-09,0.0,Ifelodun,30.167633310953818
2022-03-10,0.0,Ifelodun,30.11873270670577
2022-03-11,3.1259191036224365,Ifelodun,29.058723704020224
2022-03-12,3.1259191036224365,Ifelodun,29.083706792195642
2022-03-13,0.0,Ifelodun,27.999198532104515
2022-03-14,3.1259191036224365,Ifelodun,29.275048828125023
2022-03-15,0.0,Ifelodun,29.25502421061202
2022-03-16,0.0,Ifelodun,29.280027008056663
2022-03-17,0.0,Ifelodun,29.98808949788412
2022-03-18,0.0,Ifelodun,29.901804860432946
2022-03-19,0.0,Ifelodun,29.666049575805687
2022-03-20,2.1260030269622803,Ifelodun,29.57168795267745
2022-03-21,2.8393375873565674,Ifelodun,29.67795333862307
2022-03-22,0.0,Ifelodun,29.56027755737307
2022-03-23,1.4196687936782837,Ifelodun,29.076935068766318
2022-03-24,1.4196687936782837,Ifelodun,29.065164820353232
2022-03-25,0.0,Ifelodun,29.967043813069665
2022-03-26,0.0,Ifelodun,30.368599192301474
2022-03-27,0.0,Ifelodun,30.0817587534587
2022-03-28,0.0,Ifelodun,30.149093246459984
2022-03-29,0.0,Ifelodun,29.92158470153811
2022-03-30,0.0,Ifelodun,29.587407048543298
2022-03-31,6.561981201171875,Ifelodun,29.227573013305687
2022-04-01,8.521491050720215,Ifelodun,29.220969136555993
2022-04-02,0.0,Ifelodun,28.344617462158226
2022-04-03,0.0,Ifelodun,29.109501775105798
2022-04-04,4.260745525360107,Ifelodun,28.424671427408896
2022-04-05,4.260745525360107,Ifelodun,28.874105707804404
2022-04-06,4.867165565490723,Ifelodun,29.562048848470056
2022-04-07,0.0,Ifelodun,28.381663258870446
2022-04-08,7.300748348236084,Ifelodun,28.43401362101241
2022-04-09,4.867165565490723,Ifelodun,28.181651051839196
2022-04-10,0.0,Ifelodun,28.79825681050619
2022-04-11,0.0,Ifelodun,28.51274897257491
2022-04-12,5.077249050140381,Ifelodun,27.318701680501306
2022-04-13,0.0,Ifelodun,26.60477727254232
2022-04-14,2.5386245250701904,Ifelodun,28.006724929809593
2022-04-15,7.61587381362915,Ifelodun,26.492417907714866
2022-04-16,0.0,Ifelodun,27.006469345092796
2022-04-17,13.806695938110352,Ifelodun,26.640014266967796
2022-04-18,8.284017562866211,Ifelodun,24.91416447957357
2022-04-19,2.761338949203491,Ifelodun,27.0498036702474
2022-04-20,5.522677898406982,Ifelodun,27.296760177612327
2022-04-21,7.93955659866333,Ifelodun,25.875520324707054
2022-04-22,0.0,Ifelodun,27.411346689860068
2022-04-23,2.6465187072753906,Ifelodun,27.945095952351892
2022-04-24,13.23259449005127,Ifelodun,27.558991368611657
2022-04-25,0.0,Ifelodun,27.5691912333171
2022-04-26,3.8411476612091064,Ifelodun,27.33130289713546
2022-04-27,7.682295322418213,Ifelodun,26.84282582600912
2022-04-28,0.0,Ifelodun,27.19367052714034
2022-04-29,3.8411476612091064,Ifelodun,26.902581787109398
2022-04-30,0.0,Ifelodun,27.168607966105185
2022-05-01,0.0,Ifelodun,27.710254923502646
2022-05-02,12.406804084777832,Ifelodun,27.457119878133142
2022-05-03,0.0,Ifelodun,27.351822153727255
2022-05-04,12.406804084777832,Ifelodun,27.458177820841513
2022-05-05,0.0,Ifelodun,27.519977188110374
2022-05-06,9.607933044433594,Ifelodun,26.153941090901696
2022-05-07,0.0,Ifelodun,27.463853454589866
2022-05-08,0.0,Ifelodun,28.256709035237634
2022-05-09,6.405287742614746,Ifelodun,26.88799947102865
2022-05-10,0.0,Ifelodun,26.803371047973656
2022-05-11,0.0,Ifelodun,27.768097178141318
2022-05-12,0.0,Ifelodun,28.007035191853845
2022-05-13,21.485416412353516,Ifelodun,27.35278917948409
2022-05-14,0.0,Ifelodun,27.67465171813967
2022-05-15,0.0,Ifelodun,27.216324742635095
2022-05-16,4.243070602416992,Ifelodun,27.240783309936546
2022-05-17,0.0,Ifelodun,27.786587015787802
2022-05-18,0.0,Ifelodun,27.709306971232138
2022-05-19,8.486141204833984,Ifelodun,25.995853042602562
2022-05-20,8.486141204833984,Ifelodun,26.07731717427572
2022-05-21,32.692909240722656,Ifelodun,24.996685918172204
2022-05-22,0.0,Ifelodun,25.783357238769554
2022-05-23,0.0,Ifelodun,24.986503219604515
2022-05-24,0.0,Ifelodun,25.709628677368187
2022-05-25,0.0,Ifelodun,25.899140930175804
2022-05-26,0.0,Ifelodun,25.70047213236495
2022-05-27,0.0,Ifelodun,25.95874430338546
2022-05-28,0.0,Ifelodun,26.633882141113304
2022-05-29,0.0,Ifelodun,26.54590441385909
2022-05-30,0.0,Ifelodun,26.459399159749353
2022-05-31,14.62639331817627,Ifelodun,26.066286977132165
2022-06-01,0.0,Ifelodun,26.832873280843103
2022-06-02,0.0,Ifelodun,27.203745142618857
2022-06-03,0.0,Ifelodun,27.060123062133812
2022-06-04,0.0,Ifelodun,26.659786478678427
2022-06-05,14.957366943359375,Ifelodun,25.399578348795615
2022-06-06,0.0,Ifelodun,25.605940119425497
2022-06-07,0.0,Ifelodun,26.571968968709314
2022-06-08,0.0,Ifelodun,26.946793492635095
2022-06-09,0.0,Ifelodun,26.080292638142907
2022-06-10,20.402633666992188,Ifelodun,25.577352142334007
2022-06-11,20.509471893310547,Ifelodun,22.554433441162132
2022-06-12,0.0,Ifelodun,25.415519332885765
2022-06-13,4.101894378662109,Ifelodun,26.039614613850915
2022-06-14,8.203788757324219,Ifelodun,24.08514556884768
2022-06-15,0.0,Ifelodun,24.290584818522177
2022-06-16,7.650699615478516,Ifelodun,23.688595708211267
2022-06-17,12.541349411010742,Ifelodun,24.286290105183923
2022-06-18,3.368290424346924,Ifelodun,24.5766318003337
2022-06-19,1.8343063592910767,Ifelodun,24.921511586507165
2022-06-20,3.7112934589385986,Ifelodun,25.446222559611044
2022-06-21,33.90005111694336,Ifelodun,24.661133702596032
2022-06-22,0.0,Ifelodun,23.61399930318197
2022-06-23,0.0,Ifelodun,24.567560450236044
2022-06-24,22.600034713745117,Ifelodun,24.79361241658529
2022-06-25,0.0,Ifelodun,24.50815353393557
2022-06-26,6.722676753997803,Ifelodun,24.30727602640792
2022-06-27,10.084014892578125,Ifelodun,24.322244262695335
2022-06-28,0.0,Ifelodun,24.761436716715536
2022-06-29,6.722676753997803,Ifelodun,24.474170939127646
2022-06-30,3.3613383769989014,Ifelodun,22.86296742757162
2022-07-01,9.933365821838379,Ifelodun,23.54527880350753
2022-07-02,19.866731643676758,Ifelodun,24.17908884684249
2022-07-03,0.0,Ifelodun,25.358313496907556
2022-07-04,0.0,Ifelodun,24.348437245686853
2022-07-05,9.933365821838379,Ifelodun,23.491012191772484
2022-07-06,0.0,Ifelodun,25.17279650370284
2022-07-07,0.0,Ifelodun,25.53071301778158
2022-07-08,0.0,Ifelodun,24.862124379475915
2022-07-09,0.0,Ifelodun,24.531993484497093
2022-07-10,0.0,Ifelodun,24.889424896240257
2022-07-11,0.0,Ifelodun,24.33463058471682
2022-07-12,0.0,Ifelodun,24.82891998291018
2022-07-13,12.313196182250977,Ifelodun,23.819420750935876
2022-07-14,0.0,Ifelodun,24.49063072204592
2022-07-15,0.0,Ifelodun,24.760257339477562
2022-07-16,0.0,Ifelodun,23.920972442626976
2022-07-17,0.0,Ifelodun,24.44554227193197
2022-07-18,0.0,Ifelodun,25.015770212809286
2022-07-19,0.0,Ifelodun,24.76549873352053
2022-07-20,0.0,Ifelodun,24.229868189493857
2022-07-21,0.0,Ifelodun,24.29275474548342
2022-07-22,10.640264511108398,Ifelodun,22.686398442586267
2022-07-23,5.320132255554199,Ifelodun,22.748619969685876
2022-07-24,5.320132255554199,Ifelodun,24.2197147369385
2022-07-25,5.320132255554199,Ifelodun,24.06794128417971
2022-07-26,11.725907325744629,Ifelodun,23.866762415568076
2022-07-27,0.0,Ifelodun,23.918364461263025
2022-07-28,11.725907325744629,Ifelodun,23.827158864339196
2022-07-29,0.0,Ifelodun,24.1836931864421
2022-07-30,23.451814651489258,Ifelodun,22.929827626546228
2022-07-31,0.0,Ifelodun,23.247385279337607
2022-08-01,0.0,Ifelodun,22.892310078938806
2022-08-02,0.0,Ifelodun,23.141916529337607
2022-08-03,0.0,Ifelodun,23.641229883829794
2022-08-04,0.0,Ifelodun,23.71718559265139
2022-08-05,0.0,Ifelodun,24.472114817301474
2022-08-06,0.0,Ifelodun,24.650223032633505
2022-08-07,0.0,Ifelodun,24.757351811726892
2022-08-08,5.073600769042969,Ifelodun,24.569608942667685
2022-08-09,0.0,Ifelodun,24.467625554402673
2022-08-10,0.0,Ifelodun,24.76982968648275
2022-08-11,7.748153209686279,Ifelodun,23.589823023478232
2022-08-12,0.0,Ifelodun,22.16636174519857
2022-08-13,0.0,Ifelodun,23.984323755900107
2022-08-14,23.244457244873047,Ifelodun,21.58576037089034
2022-08-15,0.0,Ifelodun,21.97718772888186
2022-08-16,0.0,Ifelodun,23.521972910563193
2022-08-17,0.0,Ifelodun,24.131174341837607
2022-08-18,5.2609124183654785,Ifelodun,24.953129704793298
2022-08-19,15.782735824584961,Ifelodun,22.28306668599447
2022-08-20,0.0,Ifelodun,23.788215891520224
2022-08-21,0.0,Ifelodun,24.751178359985374
2022-08-22,23.632238388061523,Ifelodun,23.610352452596032
2022-08-23,0.0,Ifelodun,22.576912816365564
2022-08-24,0.0,Ifelodun,23.366311645507835
2022-08-25,0.0,Ifelodun,24.05750109354659
2022-08-26,0.0,Ifelodun,22.651268895467126
2022-08-27,12.58762264251709,Ifelodun,22.396341578165732
2022-08-28,0.0,Ifelodun,23.377847290039085
2022-08-29,0.0,Ifelodun,23.231102879842126
2022-08-30,12.58762264251709,Ifelodun,22.033015187581384
2022-08-31,25.17524528503418,Ifelodun,22.99603869120284
2022-09-01,0.0,Ifelodun,23.122311528523767
2022-09-02,30.137317657470703,Ifelodun,22.94032694498702
2022-09-03,0.0,Ifelodun,23.438614145914755
2022-09-04,0.0,Ifelodun,24.024846013387048
2022-09-05,0.0,Ifelodun,24.58084894816085
2022-09-06,0.0,Ifelodun,24.372242863972986
2022-09-07,0.0,Ifelodun,23.56574656168624
2022-09-08,0.0,Ifelodun,23.734334564209007
2022-09-09,18.981334686279297,Ifelodun,24.329700088501
2022-09-10,0.0,Ifelodun,23.992405192057333
2022-09-11,6.745518684387207,Ifelodun,22.921739196777366
2022-09-12,20.236557006835938,Ifelodun,22.33328526814779
2022-09-13,0.0,Ifelodun,23.704443232218466
2022-09-14,0.0,Ifelodun,24.362172063191736
2022-09-15,20.236557006835938,Ifelodun,22.93672904968264
2022-09-16,0.0,Ifelodun,24.43046340942385
2022-09-17,0.0,Ifelodun,24.22531407674154
2022-09-18,15.646435737609863,Ifelodun,22.883916473388695
2022-09-19,23.469654083251953,Ifelodun,21.919881439209007
2022-09-20,0.0,Ifelodun,22.6324452718099
2022-09-21,8.922874450683594,Ifelodun,23.585741297404013
2022-09-22,8.922874450683594,Ifelodun,23.681184387207054
2022-09-23,0.0,Ifelodun,23.610169347127282
2022-09-24,8.922874450683594,Ifelodun,24.499667739868187
2022-09-25,17.845748901367188,Ifelodun,24.704239781697595
2022-09-26,7.6095356941223145,Ifelodun,23.797885513305687
2022-09-27,12.59795093536377,Ifelodun,23.44268633524581
2022-09-28,31.5439510345459,Ifelodun,23.415739949544275
2022-09-29,12.219728469848633,Ifelodun,24.49705594380697
2022-09-30,19.187644958496094,Ifelodun,22.56225420633956
2022-10-01,0.0,Ifelodun,23.500862375895224
2022-10-02,15.318613052368164,Ifelodun,24.70762723286947
2022-10-03,0.0,Ifelodun,25.02453765869143
2022-10-04,7.659306526184082,Ifelodun,24.7715888977051
2022-10-05,15.318613052368164,Ifelodun,24.64822667439779
2022-10-06,37.085662841796875,Ifelodun,22.649201965332054
2022-10-07,0.0,Ifelodun,23.609877522786462
2022-10-08,0.0,Ifelodun,24.302534357706747
2022-10-09,0.0,Ifelodun,23.32284317016604
2022-10-10,18.542831420898438,Ifelodun,24.127648289998376
2022-10-11,0.0,Ifelodun,24.872855758667015
2022-10-12,6.3983612060546875,Ifelodun,24.970491027832054
2022-10-13,19.195083618164062,Ifelodun,23.102648035685263
2022-10-14,12.796722412109375,Ifelodun,24.394587453206384
2022-10-15,6.3983612060546875,Ifelodun,24.07391192118331
2022-10-16,0.0,Ifelodun,25.350817616780603
2022-10-17,0.0,Ifelodun,25.626678721110068
2022-10-18,12.572585105895996,Ifelodun,25.915914789835654
2022-10-19,0.0,Ifelodun,25.927866872151696
2022-10-20,0.0,Ifelodun,26.078916168212913
2022-10-21,15.455179214477539,Ifelodun,25.66613922119143
2022-10-22,0.0,Ifelodun,26.54783655802413
2022-10-23,15.455179214477539,Ifelodun,26.875943120320642
2022-10-24,7.7275896072387695,Ifelodun,26.898486073811853
2022-10-25,23.182769775390625,Ifelodun,25.24424260457357
2022-10-26,0.0,Ifelodun,26.47747383117678
2022-10-27,0.0,Ifelodun,26.669861729939782
2022-10-28,0.0,Ifelodun,26.396667098999046
2022-10-29,0.0,Ifelodun,26.054305648803734
2022-10-30,0.0,Ifelodun,26.753011957804404
2022-10-31,5.0042290687561035,Ifelodun,26.629964447021507
2022-11-01,0.0,Ifelodun,27.188354746500693
2022-11-02,0.0,Ifelodun,27.216992950439476
2022-11-03,0.0,Ifelodun,27.27123858133956
2022-11-04,0.0,Ifelodun,26.654877599080407
2022-11-05,2.249594211578369,Ifelodun,26.68983421325686
2022-11-06,0.0,Ifelodun,26.725748316446982
2022-11-07,0.0,Ifelodun,26.906361516316736
2022-11-08,0.0,Ifelodun,26.793316141764365
2022-11-09,0.0,Ifelodun,27.156592941284202
2022-11-10,0.0,Ifelodun,27.135298665364587
2022-11-11,4.893887996673584,Ifelodun,26.482642110188806
2022-11-12,2.446943998336792,Ifelodun,26.753842290242517
2022-11-13,0.0,Ifelodun,27.064756011962913
2022-11-14,0.0,Ifelodun,26.90870374043783
2022-11-15,0.0,Ifelodun,26.30500755310061
2022-11-16,2.28688383102417,Ifelodun,26.024750010172568
2022-11-17,0.0,Ifelodun,26.373144404093466
2022-11-18,0.0,Ifelodun,26.450659688313806
2022-11-19,0.0,Ifelodun,26.735135014851892
2022-11-20,4.57376766204834,Ifelodun,27.294810231526696
2022-11-21,0.0,Ifelodun,27.34010721842452
2022-11-22,0.0,Ifelodun,27.271144485473656
2022-11-23,3.784914493560791,Ifelodun,27.361519749959314
2022-11-24,0.0,Ifelodun,26.865695571899437
2022-11-25,0.0,Ifelodun,26.70845502217611
2022-11-26,0.0,Ifelodun,26.792127863566122
2022-11-27,0.0,Ifelodun,27.089315032959007
2022-11-28,0.0,Ifelodun,26.92884534200033
2022-11-29,0.0,Ifelodun,26.965390777587913
2022-11-30,0.0,Ifelodun,26.858146286010765
2022-12-01,0.0,Ifelodun,27.360223388671898
2022-12-02,0.0,Ifelodun,27.588575617472372
2022-12-03,0.0,Ifelodun,27.94930801391604
2022-12-04,0.0,Ifelodun,27.959522501627646
2022-12-05,0.0,Ifelodun,28.13947194417318
2022-12-06,0.0,Ifelodun,27.47201054890951
2022-12-07,0.0,Ifelodun,27.504089609781943
2022-12-08,0.0,Ifelodun,27.43102607727053
2022-12-09,0.0,Ifelodun,26.994941965738974
2022-12-10,0.0,Ifelodun,26.788039143880212
2022-12-11,0.0,Ifelodun,26.519897715250693
2022-12-12,0.0,Ifelodun,26.46270078023275
2022-12-13,0.0,Ifelodun,27.065089797973656
2022-12-14,0.0,Ifelodun,27.020626958211267
2022-12-15,0.0,Ifelodun,26.611226654052757
2022-12-16,0.0,Ifelodun,27.18806927998861
2022-12-17,5.124597549438477,Ifelodun,27.48092168172201
2022-12-18,2.5622987747192383,Ifelodun,26.12787017822268
2022-12-19,0.0,Ifelodun,26.376421229044638
2022-12-20,0.0,Ifelodun,26.31679814656576
2022-12-21,0.0,Ifelodun,25.772145843505882
2022-12-22,0.0,Ifelodun,24.902126566569052
2022-12-23,0.0,Ifelodun,24.851061757405603
2022-12-24,0.0,Ifelodun,24.489141082763695
2022-12-25,0.0,Ifelodun,24.536713536580407
2022-12-26,0.0,Ifelodun,25.392281468709314
2022-12-27,0.0,Ifelodun,26.207503255208337
2022-12-28,0.0,Ifelodun,25.995208994547568
2022-12-29,0.0,Ifelodun,26.138489659627282
2022-12-30,0.0,Ifelodun,25.3796211242676
2022-12-31,0.0,Ifelodun,24.59731826782229
2023-01-01,0.0,Ifelodun,24.928884124755882
2023-01-02,0.0,Ifelodun,25.51290410359701
2023-01-03,0.0,Ifelodun,25.86938629150393
2023-01-04,0.0,Ifelodun,26.51161600748702
2023-01-05,0.0,Ifelodun,26.6584462483724
2023-01-06,0.0,Ifelodun,26.85377909342452
2023-01-07,0.0,Ifelodun,27.084114964803064
2023-01-08,0.0,Ifelodun,26.64873085021975
2023-01-09,0.0,Ifelodun,26.52604446411135
2023-01-10,0.0,Ifelodun,25.770046488444052
2023-01-11,0.0,Ifelodun,25.492019907633505
2023-01-12,0.0,Ifelodun,25.73868331909182
2023-01-13,0.0,Ifelodun,25.95724449157717
2023-01-14,0.0,Ifelodun,26.373040771484398
2023-01-15,0.0,Ifelodun,26.11257896423342
2023-01-16,0.0,Ifelodun,26.228873825073265
2023-01-17,0.0,Ifelodun,26.46785443623861
2023-01-18,0.0,Ifelodun,26.62120844523116
2023-01-19,0.0,Ifelodun,26.99063326517745
2023-01-20,0.0,Ifelodun,27.195582962036156
2023-01-21,0.0,Ifelodun,27.758573786417685
2023-01-22,0.0,Ifelodun,27.911204910278343
2023-01-23,0.0,Ifelodun,28.39484875996908
2023-01-24,0.0,Ifelodun,28.360226567586267
2023-01-25,0.0,Ifelodun,28.257786687215173
2023-01-26,0.0,Ifelodun,27.853345489501976
2023-01-27,3.0885276794433594,Ifelodun,28.40017979939779
2023-01-28,1.5442638397216797,Ifelodun,28.030920918782556
2023-01-29,1.5442638397216797,Ifelodun,27.43562723795577
2023-01-30,0.0,Ifelodun,28.682033157348656
2023-01-31,0.0,Ifelodun,28.23604545593264
2023-02-01,0.0,Ifelodun,28.5522342681885
2023-02-02,0.0,Ifelodun,28.489678955078148
2023-02-03,0.0,Ifelodun,29.148926035563193
2023-02-04,0.0,Ifelodun,28.994657770792685
2023-02-05,0.0,Ifelodun,29.007328923543298
2023-02-06,1.8491997718811035,Ifelodun,29.000028864542685
2023-02-07,0.0,Ifelodun,28.551070785522484
2023-02-08,0.0,Ifelodun,28.607058461507165
2023-02-09,0.0,Ifelodun,28.381167348225915
2023-02-10,0.0,Ifelodun,28.890810902913415
2023-02-11,0.0,Ifelodun,29.004038111368857
2023-02-12,0.0,Ifelodun,28.886811828613304
2023-02-13,0.0,Ifelodun,28.32256151835128
2023-02-14,0.0,Ifelodun,28.021552658081077
2023-02-15,0.9761939644813538,Ifelodun,27.37744293212893
2023-02-16,0.0,Ifelodun,26.710361099243187
2023-02-17,0.0,Ifelodun,26.7714725494385
2023-02-18,0.0,Ifelodun,27.713911310831747
2023-02-19,0.0,Ifelodun,28.017984644571982
2023-02-20,0.0,Ifelodun,28.59591191609701
2023-02-21,0.0,Ifelodun,29.098510360717796
2023-02-22,0.0,Ifelodun,28.619830067952478
2023-02-23,0.0,Ifelodun,29.608942921956384
2023-02-24,0.0,Ifelodun,29.75935770670577
2023-02-25,0.0,Ifelodun,29.38700955708822
2023-02-26,0.0,Ifelodun,29.28787765502932
2023-02-27,1.9617258310317993,Ifelodun,29.890552775065146
2023-02-28,2.9425888061523438,Ifelodun,29.193699773152673
2023-03-01,0.0,Ifelodun,29.89198265075686
2023-03-02,1.6491643190383911,Ifelodun,29.468213653564476
2023-03-03,1.6491643190383911,Ifelodun,27.486171340942406
2023-03-04,4.947492599487305,Ifelodun,27.557906723022484
2023-03-05,1.6491643190383911,Ifelodun,28.49677174886068
2023-03-06,10.978839874267578,Ifelodun,28.478557205200218
2023-03-07,7.3192267417907715,Ifelodun,28.573119735717796
2023-03-08,3.6596133708953857,Ifelodun,28.05516141255697
2023-03-09,3.6596133708953857,Ifelodun,28.538448588053427
2023-03-10,3.6596133708953857,Ifelodun,29.12728398640951
2023-03-11,0.0,Ifelodun,28.31944300333663
2023-03-12,1.2541075944900513,Ifelodun,29.19693209330245
2023-03-13,0.0,Ifelodun,28.153437550862634
2023-03-14,0.0,Ifelodun,28.606555557251
2023-03-15,0.0,Ifelodun,28.90170249938967
2023-03-16,0.0,Ifelodun,28.74517402648928
2023-03-17,0.0,Ifelodun,29.106291071573935
2023-03-18,1.690204381942749,Ifelodun,28.73092931111654
2023-03-19,3.380408763885498,Ifelodun,27.78408330281576
2023-03-20,0.0,Ifelodun,27.907099024454794
2023-03-21,6.7245893478393555,Ifelodun,26.540881093343103
2023-03-22,3.3622946739196777,Ifelodun,25.64528363545736
2023-03-23,6.7245893478393555,Ifelodun,26.67099278767904
2023-03-24,10.086883544921875,Ifelodun,27.8998739878337
2023-03-25,0.0,Ifelodun,27.20079828898116
2023-03-26,11.287957191467285,Ifelodun,27.20043080647787
2023-03-27,3.762652635574341,Ifelodun,26.743126805623376
2023-03-28,0.0,Ifelodun,28.604580179850302
2023-03-29,7.525305271148682,Ifelodun,29.143117523193382
2023-03-30,0.0,Ifelodun,28.61650873819991
2023-03-31,3.762652635574341,Ifelodun,28.850589370727562
2023-04-01,0.0,Ifelodun,28.977215703328454
2023-04-02,0.0,Ifelodun,29.460356648763025
2023-04-03,0.0,Ifelodun,28.810315704345726
2023-04-04,5.872892379760742,Ifelodun,29.046049372355185
2023-04-05,0.0,Ifelodun,29.146213150024437
2023-04-06,0.0,Ifelodun,28.895971552530966
2023-04-07,3.157909393310547,Ifelodun,28.479093805948935
2023-04-08,9.47372817993164,Ifelodun,27.185542043050134
2023-04-09,9.47372817993164,Ifelodun,27.265255228678427
2023-04-10,0.0,Ifelodun,28.623537953694665
2023-04-11,10.2473783493042,Ifelodun,28.557566579182946
2023-04-12,0.0,Ifelodun,27.97511253356936
2023-04-13,0.0,Ifelodun,29.416586812337243
2023-04-14,0.0,Ifelodun,29.76615676879885
2023-04-15,10.2473783493042,Ifelodun,28.125359471639
2023-04-16,9.916790008544922,Ifelodun,28.613462066650413
2023-04-17,3.3055965900421143,Ifelodun,28.04951184590658
2023-04-18,0.0,Ifelodun,28.549818929036462
2023-04-19,9.916790008544922,Ifelodun,27.88942680358889
2023-04-20,0.0,Ifelodun,28.29096628824874
2023-04-21,0.0,Ifelodun,28.207906977335654
2023-04-22,0.0,Ifelodun,27.91394640604659
2023-04-23,4.2886552810668945,Ifelodun,26.840692138671898
2023-04-24,8.577310562133789,Ifelodun,28.038760121663415
2023-04-25,8.577310562133789,Ifelodun,29.568505859375023
2023-04-26,0.0,Ifelodun,28.024720128377282
2023-04-27,9.003446578979492,Ifelodun,24.625204340616904
2023-04-28,0.0,Ifelodun,27.151692962646507
2023-04-29,0.0,Ifelodun,26.630446370442712
2023-04-30,9.003446578979492,Ifelodun,26.434999720255576
2023-05-01,0.0,Ifelodun,26.677469507853232
2023-05-02,0.0,Ifelodun,27.062853749593103
2023-05-03,0.0,Ifelodun,27.977487818400107
2023-05-04,42.76502227783203,Ifelodun,27.11681200663253
2023-05-05,0.0,Ifelodun,26.916904703776083
2023-05-06,0.0,Ifelodun,27.43919397989913
2023-05-07,14.310013771057129,Ifelodun,27.401088968912802
2023-05-08,14.310013771057129,Ifelodun,28.006574885050497
2023-05-09,0.0,Ifelodun,28.256663894653343
2023-05-10,0.0,Ifelodun,28.322660700480185
2023-05-11,0.0,Ifelodun,28.326522445678734
2023-05-12,20.542797088623047,Ifelodun,28.351862843831384
2023-05-13,6.847599029541016,Ifelodun,28.50222295125326
2023-05-14,6.847599029541016,Ifelodun,26.87763366699221
2023-05-15,20.542797088623047,Ifelodun,27.147370910644554
2023-05-16,6.103677749633789,Ifelodun,27.577554321289085
2023-05-17,0.0,Ifelodun,28.152706400553427
2023-05-18,18.311033248901367,Ifelodun,26.993835703531943
2023-05-19,6.103677749633789,Ifelodun,27.4854726155599
2023-05-20,0.0,Ifelodun,27.030796941121423
2023-05-21,3.486314058303833,Ifelodun,26.63610102335616
2023-05-22,6.972628116607666,Ifelodun,26.995989735921228
2023-05-23,3.486314058303833,Ifelodun,26.468518829345726
2023-05-24,6.972628116607666,Ifelodun,26.822384770711267
2023-05-25,0.0,Ifelodun,27.399238840738974
2023-05-26,3.7635955810546875,Ifelodun,28.220930989583337
2023-05-27,15.05438232421875,Ifelodun,27.36449775695803
2023-05-28,0.0,Ifelodun,27.431030527750693
2023-05-29,7.527191162109375,Ifelodun,26.298661168416345
2023-05-30,0.0,Ifelodun,27.72075551350912
2023-05-31,7.527191162109375,Ifelodun,27.22397893269857
2023-06-01,15.7129487991333,Ifelodun,27.567959721883142
2023-06-02,0.0,Ifelodun,26.827008183797204
2023-06-03,23.56942367553711,Ifelodun,26.58658370971682
2023-06-04,0.0,Ifelodun,27.4216133117676
2023-06-05,0.0,Ifelodun,27.184171930948935
2023-06-06,49.36567306518555,Ifelodun,26.56081924438479
2023-06-07,19.74626922607422,Ifelodun,25.796972529093466
2023-06-08,9.87313461303711,Ifelodun,25.276120122273767
2023-06-09,9.87313461303711,Ifelodun,26.260203297932946
2023-06-10,19.74626922607422,Ifelodun,25.650297419230185
2023-06-11,0.0,Ifelodun,23.870856857299827
2023-06-12,0.0,Ifelodun,25.505357996622763
2023-06-13,0.0,Ifelodun,26.57080230712893
2023-06-14,31.577470779418945,Ifelodun,24.95972913106283
2023-06-15,31.577470779418945,Ifelodun,23.960113779703818
2023-06-16,0.0,Ifelodun,25.511889394124353
2023-06-17,10.461265563964844,Ifelodun,26.94224573771163
2023-06-18,20.922531127929688,Ifelodun,25.936456934611044
2023-06-19,0.0,Ifelodun,25.958263015747093
2023-06-20,41.845062255859375,Ifelodun,25.955452855428064
2023-06-21,9.900409698486328,Ifelodun,26.420693969726585
2023-06-22,14.850614547729492,Ifelodun,23.765768941243493
2023-06-23,9.900409698486328,Ifelodun,25.3671807607015
2023-06-24,9.900409698486328,Ifelodun,22.214015579223656
2023-06-25,0.0,Ifelodun,24.077679570515954
2023-06-26,7.59887170791626,Ifelodun,24.59907938639327
2023-06-27,7.59887170791626,Ifelodun,25.0973945617676
2023-06-28,3.79943585395813,Ifelodun,23.185320154825888
2023-06-29,0.0,Ifelodun,24.38754234313967
2023-06-30,7.59887170791626,Ifelodun,24.512435531616234
2023-07-01,3.79654598236084,Ifelodun,25.12657826741537
2023-07-02,11.38963794708252,Ifelodun,25.165445582071982
2023-07-03,0.0,Ifelodun,25.73010406494143
2023-07-04,7.59309196472168,Ifelodun,25.648427581787132
2023-07-05,3.79654598236084,Ifelodun,25.701058324178064
2023-07-06,0.0,Ifelodun,25.57628466288253
2023-07-07,5.653017520904541,Ifelodun,25.24478365580245
2023-07-08,5.653017520904541,Ifelodun,25.322405751546228
2023-07-09,5.653017520904541,Ifelodun,22.961304601033532
2023-07-10,0.0,Ifelodun,25.250950113932333
2023-07-11,14.218017578125,Ifelodun,25.438485081990564
2023-07-12,7.1090087890625,Ifelodun,24.245945231119833
2023-07-13,7.1090087890625,Ifelodun,24.437369918823265
2023-07-14,21.3270263671875,Ifelodun,24.49073435465499
2023-07-15,7.1090087890625,Ifelodun,25.055362319946312
2023-07-16,0.0,Ifelodun,25.293122227986657
2023-07-17,7.802180290222168,Ifelodun,24.901640828450525
2023-07-18,15.604360580444336,Ifelodun,24.772603607177757
2023-07-19,15.604360580444336,Ifelodun,25.320115661621116
2023-07-20,0.0,Ifelodun,24.982523218790732
2023-07-21,8.448683738708496,Ifelodun,25.08109308878585
2023-07-22,16.897367477416992,Ifelodun,24.158774312337243
2023-07-23,8.448683738708496,Ifelodun,24.337198511759482
2023-07-24,0.0,Ifelodun,23.88414090474447
2023-07-25,0.0,Ifelodun,25.474461491902673
2023-07-26,0.0,Ifelodun,25.414664840698265
2023-07-27,0.0,Ifelodun,25.676709747314476
2023-07-28,9.133476257324219,Ifelodun,25.241682306925497
2023-07-29,18.266952514648438,Ifelodun,24.21188634236654
2023-07-30,0.0,Ifelodun,24.716950352986657
2023-07-31,18.266952514648438,Ifelodun,24.744266128540062
2023-08-01,14.868692398071289,Ifelodun,22.501353836059593
2023-08-02,0.0,Ifelodun,24.336094156901083
2023-08-03,0.0,Ifelodun,24.48705635070803
2023-08-04,0.0,Ifelodun,24.924062347412132
2023-08-05,0.0,Ifelodun,25.291809336344443
2023-08-06,7.172211170196533,Ifelodun,24.672296142578148
2023-08-07,0.0,Ifelodun,23.990221277872763
2023-08-08,0.0,Ifelodun,24.29921366373702
2023-08-09,0.0,Ifelodun,23.6276845296224
2023-08-10,0.0,Ifelodun,24.565212504069052
2023-08-11,0.0,Ifelodun,23.93833440144857
2023-08-12,10.272226333618164,Ifelodun,24.0057197570801
2023-08-13,0.0,Ifelodun,22.29106992085775
2023-08-14,0.0,Ifelodun,22.481702423095726
2023-08-15,0.0,Ifelodun,24.859345372517907
2023-08-16,18.721651077270508,Ifelodun,25.20573450724288
2023-08-17,4.680412769317627,Ifelodun,24.839742279052757
2023-08-18,0.0,Ifelodun,25.04773356119796
2023-08-19,9.360825538635254,Ifelodun,25.22665367126467
2023-08-20,0.0,Ifelodun,23.544102605183923
2023-08-21,0.0,Ifelodun,25.300139363606775
2023-08-22,0.0,Ifelodun,25.763511912028036
2023-08-23,26.420429229736328,Ifelodun,24.499596532185876
2023-08-24,6.605107307434082,Ifelodun,24.428562418619833
2023-08-25,0.0,Ifelodun,25.481230036417685
2023-08-26,0.0,Ifelodun,25.764004643758142
2023-08-27,12.822088241577148,Ifelodun,24.19223556518557
2023-08-28,0.0,Ifelodun,24.871212259928427
2023-08-29,0.0,Ifelodun,25.94721120198568
2023-08-30,32.05522155761719,Ifelodun,23.590457534790062
2023-08-31,0.0,Ifelodun,24.652700042724632
2023-09-01,21.19527816772461,Ifelodun,24.868487294514978
2023-09-02,21.19527816772461,Ifelodun,24.066977437337243
2023-09-03,0.0,Ifelodun,23.51187922159835
2023-09-04,0.0,Ifelodun,23.33676427205404
2023-09-05,10.597639083862305,Ifelodun,23.52867914835616
2023-09-06,0.0,Ifelodun,25.20964647928878
2023-09-07,0.0,Ifelodun,25.55574760437014
2023-09-08,20.41822624206543,Ifelodun,24.16357256571456
2023-09-09,0.0,Ifelodun,24.268777465820335
2023-09-10,0.0,Ifelodun,24.548261896769247
2023-09-11,0.0,Ifelodun,25.719119008382165
2023-09-12,23.65030288696289,Ifelodun,24.427144622802757
2023-09-13,0.0,Ifelodun,24.58933029174807
2023-09-14,0.0,Ifelodun,25.3999960581462
2023-09-15,23.65030288696289,Ifelodun,25.344096755981468
2023-09-16,18.374086380004883,Ifelodun,24.570279057820642
2023-09-17,0.0,Ifelodun,24.122900899251306
2023-09-18,18.374086380004883,Ifelodun,24.60542259216311
2023-09-19,0.0,Ifelodun,24.9980293273926
2023-09-20,0.0,Ifelodun,24.802444712321005
2023-09-21,0.0,Ifelodun,24.60133768717452
2023-09-22,19.890899658203125,Ifelodun,25.269689814249716
2023-09-23,0.0,Ifelodun,24.23301213582357
2023-09-24,9.945449829101562,Ifelodun,24.49749081929525
2023-09-25,19.890899658203125,Ifelodun,25.76908391316732
2023-09-26,10.799546241760254,Ifelodun,26.161955769856775
2023-09-27,32.39863967895508,Ifelodun,26.402364349365257
2023-09-28,10.799546241760254,Ifelodun,25.928428904215536
2023-09-29,21.599092483520508,Ifelodun,24.480512873331747
2023-09-30,0.0,Ifelodun,26.27847506205245
2023-10-01,11.212923049926758,Ifelodun,25.469086583455407
2023-10-02,3.737640857696533,Ifelodun,25.326437250773154
2023-10-03,7.475281715393066,Ifelodun,23.75037536621096
2023-10-04,3.737640857696533,Ifelodun,25.401249821980798
2023-10-05,7.475281715393066,Ifelodun,24.431009546915732
2023-10-06,0.0,Ifelodun,25.16393305460616
2023-10-07,8.633370399475098,Ifelodun,24.57431882222494
2023-10-08,25.90011215209961,Ifelodun,25.682445144653343
2023-10-09,17.266740798950195,Ifelodun,25.3084541320801
2023-10-10,8.633370399475098,Ifelodun,26.01050402323409
2023-10-11,14.499733924865723,Ifelodun,25.30455805460616
2023-10-12,4.833244800567627,Ifelodun,25.716358439127646
2023-10-13,4.833244800567627,Ifelodun,25.627547836303734
2023-10-14,9.666489601135254,Ifelodun,25.304798380533896
2023-10-15,9.666489601135254,Ifelodun,25.858735020955407
2023-10-16,5.0669965744018555,Ifelodun,25.401033020019554
2023-10-17,5.0669965744018555,Ifelodun,24.218940353393577
2023-10-18,10.133993148803711,Ifelodun,26.175466156005882
2023-10-19,10.133993148803711,Ifelodun,26.10160090128585
2023-10-20,10.133993148803711,Ifelodun,26.035538609822595
2023-10-21,4.505769729614258,Ifelodun,26.461212412516318
2023-10-22,4.505769729614258,Ifelodun,26.69125645955404
2023-10-23,4.505769729614258,Ifelodun,26.638881301879906
2023-10-24,0.0,Ifelodun,26.888281758626306
2023-10-25,0.0,Ifelodun,26.66616274515792
2023-10-26,0.0,Ifelodun,26.440190887451195
2023-10-27,12.699182510375977,Ifelodun,26.559456761678064
2023-10-28,12.699182510375977,Ifelodun,26.428055699666345
2023-10-29,0.0,Ifelodun,26.88876304626467
2023-10-30,12.699182510375977,Ifelodun,26.575776672363304
2023-10-31,12.699182510375977,Ifelodun,26.552790578206384
2023-11-01,0.0,Ifelodun,26.845719273885095
2023-11-02,0.0,Ifelodun,26.83565165201827
2023-11-03,0.0,Ifelodun,26.489278411865257
2023-11-04,0.0,Ifelodun,26.322135543823265
2023-11-05,6.353216171264648,Ifelodun,27.033748881022177
2023-11-06,6.133077144622803,Ifelodun,26.15783271789553
2023-11-07,2.044358968734741,Ifelodun,26.42624435424807
2023-11-08,2.044358968734741,Ifelodun,27.04553820292159
2023-11-09,0.0,Ifelodun,27.112396494547568
2023-11-10,0.0,Ifelodun,27.039367294311546
2023-11-11,0.0,Ifelodun,26.74258956909182
2023-11-12,0.0,Ifelodun,26.963533020019554
2023-11-13,0.0,Ifelodun,27.421319580078148
2023-11-14,0.0,Ifelodun,27.5215838114421
2023-11-15,3.769321918487549,Ifelodun,26.10839106241866
2023-11-16,0.0,Ifelodun,27.23419850667318
2023-11-17,0.0,Ifelodun,28.14569244384768
2023-11-18,0.0,Ifelodun,28.324715550740564
2023-11-19,0.0,Ifelodun,27.3781670888265
2023-11-20,0.0,Ifelodun,27.067484156290732
2023-11-21,0.0,Ifelodun,26.90803680419924
2023-11-22,0.0,Ifelodun,26.88348223368331
2023-11-23,0.0,Ifelodun,27.193137105305993
2023-11-24,0.0,Ifelodun,27.20728200276693
2023-11-25,8.501625061035156,Ifelodun,25.67122294108077
2023-11-26,0.0,Ifelodun,23.767856216430687
2023-11-27,0.0,Ifelodun,26.771893437703454
2023-11-28,0.0,Ifelodun,26.928307469685876
2023-11-29,0.0,Ifelodun,27.07832806905111
2023-11-30,0.0,Ifelodun,27.132939910888695
2023-12-01,0.0,Ifelodun,27.36018524169924
2023-12-02,0.0,Ifelodun,27.127849833170615
2023-12-03,0.0,Ifelodun,27.057144419352255
2023-12-04,0.0,Ifelodun,27.21634699503585
2023-12-05,4.163320064544678,Ifelodun,26.872426605224632
2023-12-06,0.0,Ifelodun,27.182732518514
2023-12-07,0.0,Ifelodun,27.120376841227255
2023-12-08,0.0,Ifelodun,27.471339797973656
2023-12-09,0.0,Ifelodun,27.004609044392907
2023-12-10,0.0,Ifelodun,26.722300465901696
2023-12-11,4.801538944244385,Ifelodun,26.663351313273154
2023-12-12,0.0,Ifelodun,25.07667948404952
2023-12-13,0.0,Ifelodun,24.893501536051474
2023-12-14,0.0,Ifelodun,26.46233202616378
2023-12-15,0.0,Ifelodun,27.277061716715536
2023-12-16,0.0,Ifelodun,27.58265075683596
2023-12-17,0.0,Ifelodun,27.195383326212607
2023-12-18,0.0,Ifelodun,27.59697621663412
2023-12-19,0.0,Ifelodun,27.800988769531273
2023-12-20,0.0,Ifelodun,27.044560368855798
2023-12-21,0.0,Ifelodun,27.12887852986654
2023-12-22,0.0,Ifelodun,27.57448794047042
2023-12-23,0.0,Ifelodun,27.573052978515648
2023-12-24,0.0,Ifelodun,27.36719347635909
2023-12-25,0.0,Ifelodun,26.722043609619163
2023-12-26,0.0,Ifelodun,25.816292063395224
2023-12-27,0.0,Ifelodun,26.255790328979515
2023-12-28,0.0,Ifelodun,26.556769943237327
2023-12-29,0.0,Ifelodun,27.09178187052413
2023-12-30,0.0,Ifelodun,26.833682632446312
2023-12-31,0.0,Ifelodun,27.061984634399437
2024-01-01,0.0,Ifelodun,27.662089920043968
2024-01-02,0.0,Ifelodun,27.848893102010095
2024-01-03,0.0,Ifelodun,28.09794642130538
2024-01-04,0.0,Ifelodun,28.58562812805178
2024-01-05,0.0,Ifelodun,28.134025192260765
2024-01-06,0.0,Ifelodun,28.528612391154013
2024-01-07,0.0,Ifelodun,28.577029800415062
2024-01-08,0.0,Ifelodun,28.24934094746908
2024-01-09,0.0,Ifelodun,28.18325576782229
2024-01-10,0.0,Ifelodun,28.202263768514
2024-01-11,0.0,Ifelodun,27.578668212890648
2024-01-12,0.0,Ifelodun,27.224331792195642
2024-01-13,0.0,Ifelodun,26.91085332234701
2024-01-14,0.0,Ifelodun,26.427120463053427
2024-01-15,0.0,Ifelodun,26.507104492187523
2024-01-16,0.0,Ifelodun,26.147498703002952
2024-01-17,0.0,Ifelodun,26.019413884480798
2024-01-18,0.0,Ifelodun,26.098982111612997
2024-01-19,0.0,Ifelodun,26.571974690755212
2024-01-20,0.0,Ifelodun,27.19575462341311
2024-01-21,0.0,Ifelodun,27.90320421854659
2024-01-22,0.0,Ifelodun,27.01084988911947
2024-01-23,0.0,Ifelodun,27.637594477335654
2024-01-24,0.0,Ifelodun,28.31456082661947
2024-01-25,0.0,Ifelodun,27.59307759602865
2024-01-26,0.0,Ifelodun,26.994289016723656
2024-01-27,0.0,Ifelodun,27.347168223063193
2024-01-28,0.0,Ifelodun,27.17838312784835
2024-01-29,0.0,Ifelodun,28.16197865804037
2024-01-30,0.0,Ifelodun,28.677742894490564
2024-01-31,0.0,Ifelodun,28.88252983093264
2024-02-01,0.0,Ifelodun,28.54582875569662
2024-02-02,0.0,Ifelodun,27.911738332112634
2024-02-03,0.0,Ifelodun,28.093967056274437
2024-02-04,0.0,Ifelodun,27.822177505493187
2024-02-05,0.0,Ifelodun,27.672743097941122
2024-02-06,0.0,Ifelodun,27.667459106445335
2024-02-07,0.0,Ifelodun,28.080343500773154
2024-02-08,0.0,Ifelodun,28.565877532959007
2024-02-09,0.0,Ifelodun,28.015368398030603
2024-02-10,0.0,Ifelodun,29.080190277099632
2024-02-11,0.0,Ifelodun,30.04331995646163
2024-02-12,0.0,Ifelodun,30.577271397908532
2024-02-13,0.0,Ifelodun,30.69748458862307
2024-02-14,0.0,Ifelodun,30.492152786254906
2024-02-15,0.0,Ifelodun,30.25113957722982
2024-02-16,0.0,Ifelodun,29.47066713968917
2024-02-17,0.0,Ifelodun,29.499400075276696
2024-02-18,0.0,Ifelodun,30.551449712117517
2024-02-19,0.0,Ifelodun,30.755583699544275
2024-02-20,0.0,Ifelodun,30.67134501139327
2024-02-21,0.0,Ifelodun,30.653302129109704
2024-02-22,0.0,Ifelodun,30.1145956675212
2024-02-23,0.0,Ifelodun,28.178330993652366
2024-02-24,0.0,Ifelodun,27.469696935017907
2024-02-25,0.0,Ifelodun,29.340712483723962
2024-02-26,0.0,Ifelodun,30.151858266194665
2024-02-27,0.0,Ifelodun,30.44597969055178
2024-02-28,0.0,Ifelodun,30.588331476847372
2024-02-29,11.292980194091797,Ifelodun,30.724884923299157
2024-03-01,2.301276206970215,Ifelodun,29.122001266479515
2024-03-02,6.9038286209106445,Ifelodun,29.981158192952478
2024-03-03,0.0,Ifelodun,29.867861048380576
2024-03-04,2.301276206970215,Ifelodun,30.16661097208663
2024-03-05,0.0,Ifelodun,30.342008845011435
2024-03-06,8.216984748840332,Ifelodun,29.831821695963583
2024-03-07,2.738994836807251,Ifelodun,29.4880360921224
2024-03-08,5.477989673614502,Ifelodun,29.233359273274743
2024-03-09,2.738994836807251,Ifelodun,30.173036829630576
2024-03-10,0.0,Ifelodun,31.11757939656576
2024-03-11,0.0,Ifelodun,30.11439921061202
2024-03-12,0.0,Ifelodun,30.03594296773275
2024-03-13,0.0,Ifelodun,30.44525553385421
2024-03-14,5.686816215515137,Ifelodun,29.388430531819665
2024-03-15,0.0,Ifelodun,29.16324386596682
2024-03-16,3.7555644512176514,Ifelodun,30.763022359212243
2024-03-17,1.8777822256088257,Ifelodun,30.885013198852562
2024-03-18,0.0,Ifelodun,31.12491378784182
2024-03-19,0.0,Ifelodun,31.23685480753585
2024-03-20,0.0,Ifelodun,30.49978917439779
2024-03-21,2.135899782180786,Ifelodun,30.636338806152366
2024-03-22,3.2038497924804688,Ifelodun,30.895150121053064
2024-03-23,0.0,Ifelodun,29.02777252197268
2024-03-24,0.0,Ifelodun,30.31399752298995
2024-03-25,1.067949891090393,Ifelodun,29.646258926391624
2024-03-26,0.0,Ifelodun,29.641648864746116
2024-03-27,0.0,Ifelodun,30.722863769531273
2024-03-28,1.3740733861923218,Ifelodun,31.347366587321005
2024-03-29,1.3740733861923218,Ifelodun,31.29345283508303
2024-03-30,0.0,Ifelodun,30.67181549072268
2024-03-31,0.0,Ifelodun,30.49197667439779
2024-04-01,0.0,Ifelodun,29.555640157063806
2024-04-02,6.918927192687988,Ifelodun,30.923001225789392
2024-04-03,4.6126179695129395,Ifelodun,29.911129252115927
2024-04-04,0.0,Ifelodun,29.702177302042685
2024-04-05,0.0,Ifelodun,27.62122751871749
2024-04-06,5.600852966308594,Ifelodun,28.817339197794638
2024-04-07,8.40127944946289,Ifelodun,29.93089892069503
2024-04-08,5.600852966308594,Ifelodun,29.001268005371116
2024-04-09,2.800426483154297,Ifelodun,29.36346333821615
2024-04-10,5.600852966308594,Ifelodun,29.659275309244833
2024-04-11,0.0,Ifelodun,29.655880228678427
2024-04-12,1.0434911251068115,Ifelodun,28.408492660522484
2024-04-13,0.19073328375816345,Ifelodun,28.509648259480798
2024-04-14,13.192750930786133,Ifelodun,27.549282964070642
2024-04-15,4.521650314331055,Ifelodun,29.506121571858728
2024-04-16,4.649003505706787,Ifelodun,30.04092178344729
2024-04-17,0.0,Ifelodun,30.167496617635095
2024-04-18,0.0,Ifelodun,30.692967351277673
2024-04-19,0.0,Ifelodun,30.28111292521163
2024-04-20,0.0,Ifelodun,30.091763432820642
2024-04-21,10.615175247192383,Ifelodun,29.41995519002279
2024-04-22,2.1840081214904785,Ifelodun,30.284750239054404
2024-04-23,12.131630897521973,Ifelodun,27.6117937723796
2024-04-24,0.0,Ifelodun,29.001109695434593
2024-04-25,0.0,Ifelodun,29.128442382812523
2024-04-26,4.598627090454102,Ifelodun,29.141933695475302
2024-04-27,4.598627090454102,Ifelodun,29.919372177124046
2024-04-28,4.598627090454102,Ifelodun,30.332245127360068
2024-04-29,4.598627090454102,Ifelodun,29.3009023030599
2024-04-30,4.598627090454102,Ifelodun,30.55085398356124
2024-05-01,8.077603340148926,Ifelodun,29.033017094930017
2024-05-02,0.0,Ifelodun,28.95576947530111
2024-05-03,8.077603340148926,Ifelodun,28.696775054931663
2024-05-04,0.0,Ifelodun,29.05547167460128
2024-05-05,8.077603340148926,Ifelodun,29.321456527709984
2024-05-06,10.922853469848633,Ifelodun,28.416456476847372
2024-05-07,0.0,Ifelodun,28.315012232462607
2024-05-08,0.0,Ifelodun,28.831018066406273
2024-05-09,0.0,Ifelodun,29.279793675740564
2024-05-10,3.640950918197632,Ifelodun,29.405130640665732
2024-05-11,7.646438121795654,Ifelodun,29.200537618001306
2024-05-12,0.0,Ifelodun,28.376666641235374
2024-05-13,22.939315795898438,Ifelodun,28.031443532307946
2024-05-14,0.0,Ifelodun,28.373546218872093
2024-05-15,0.0,Ifelodun,28.136525090535486
2024-05-16,6.331841945648193,Ifelodun,26.08730532328292
2024-05-17,16.791311264038086,Ifelodun,28.366078313191736
2024-05-18,0.0,Ifelodun,29.093328094482445
2024-05-19,7.13093376159668,Ifelodun,29.075197474161826
2024-05-20,1.4980905055999756,Ifelodun,29.371652857462607
2024-05-21,3.731523275375366,Ifelodun,28.713354365030966
2024-05-22,11.194570541381836,Ifelodun,27.80101801554366
2024-05-23,0.0,Ifelodun,28.259839630126976
2024-05-24,11.194570541381836,Ifelodun,27.47691434224447
2024-05-25,7.463046550750732,Ifelodun,27.164633687337243
2024-05-26,0.0,Ifelodun,28.28293126424154
2024-05-27,7.620819568634033,Ifelodun,27.93843485514327
2024-05-28,0.0,Ifelodun,27.923384602864587
2024-05-29,0.0,Ifelodun,28.58907852172854
2024-05-30,7.620819568634033,Ifelodun,28.244891738891624
2024-05-31,0.0,Ifelodun,27.28179512023928
2024-06-01,0.0,Ifelodun,27.35043869018557
2024-06-02,26.98277473449707,Ifelodun,26.257207489013695
2024-06-03,0.0,Ifelodun,27.743920898437523
2024-06-04,0.0,Ifelodun,27.271025594075525
2024-06-05,0.0,Ifelodun,28.31952565511068
2024-06-06,12.087369918823242,Ifelodun,26.662971750895224
2024-06-07,0.0,Ifelodun,26.73475608825686
2024-06-08,0.0,Ifelodun,26.957208887736044
2024-06-09,0.0,Ifelodun,27.22015787760421
2024-06-10,0.0,Ifelodun,26.82109858194991
2024-06-11,8.181949615478516,Ifelodun,25.963567352294945
2024-06-12,9.296557426452637,Ifelodun,26.410221989949548
2024-06-13,1.0365651845932007,Ifelodun,27.284813181559286
2024-06-14,6.906548500061035,Ifelodun,26.93399899800619
2024-06-15,3.714254140853882,Ifelodun,24.989286677042685
2024-06-16,5.204607009887695,Ifelodun,25.535098012288415
2024-06-17,0.0,Ifelodun,26.414558029174827
2024-06-18,10.40921401977539,Ifelodun,26.592489496866904
2024-06-19,0.0,Ifelodun,26.76801198323568
2024-06-20,0.0,Ifelodun,26.196572875976585
2024-06-21,10.718273162841797,Ifelodun,26.231364822387718
2024-06-22,0.0,Ifelodun,27.151385879516624
2024-06-23,0.0,Ifelodun,27.063232676188193
2024-06-24,10.718273162841797,Ifelodun,26.237097040812216
2024-06-25,10.718273162841797,Ifelodun,24.059251403808616
2024-06-26,23.344057083129883,Ifelodun,25.59186960856124
2024-06-27,0.0,Ifelodun,26.026523844401083
2024-06-28,11.672028541564941,Ifelodun,26.0706503550212
2024-06-29,23.344057083129883,Ifelodun,25.354545211792015
2024-06-30,11.672028541564941,Ifelodun,25.482344563802087
2024-07-01,0.0,Ifelodun,26.621020253499353
2024-07-02,14.987985610961914,Ifelodun,25.273061370849632
2024-07-03,14.987985610961914,Ifelodun,23.76217168172201
2024-07-04,0.0,Ifelodun,24.462792332967126
2024-07-05,0.0,Ifelodun,25.029595947265648
2024-07-06,11.13570499420166,Ifelodun,24.485887145996116
2024-07-07,7.42380428314209,Ifelodun,24.86062075297042
2024-07-08,3.711902141571045,Ifelodun,23.82710990905764
2024-07-09,0.0,Ifelodun,25.068521753946982
2024-07-10,3.711902141571045,Ifelodun,25.381438191731775
2024-07-11,7.781103610992432,Ifelodun,23.909756596883142
2024-07-12,0.0,Ifelodun,24.122019704182946
2024-07-13,0.0,Ifelodun,25.40560684204104
2024-07-14,0.0,Ifelodun,24.96529350280764
2024-07-15,0.0,Ifelodun,24.876698430379236
2024-07-16,8.48642349243164,Ifelodun,24.456140136718773
2024-07-17,16.97284698486328,Ifelodun,24.632198588053427
2024-07-18,0.0,Ifelodun,25.453495915730798
2024-07-19,8.48642349243164,Ifelodun,25.2752675374349
2024-07-20,0.0,Ifelodun,23.46194674173995
2024-07-21,0.0,Ifelodun,24.87713521321615
2024-07-22,0.0,Ifelodun,25.08198191324874
2024-07-23,0.0,Ifelodun,25.412336603800497
2024-07-24,0.0,Ifelodun,24.70006459554037
2024-07-25,0.0,Ifelodun,24.955929692586267
2024-07-26,0.0,Ifelodun,25.425961430867517
2024-07-27,0.0,Ifelodun,25.27195828755697
2024-07-28,7.096856594085693,Ifelodun,23.46279360453292
2024-07-29,0.0,Ifelodun,24.79194602966311
2024-07-30,0.0,Ifelodun,25.139102554321312
2024-07-31,0.0,Ifelodun,25.06847216288253
2024-08-01,0.0,Ifelodun,24.774230575561546
2024-08-02,0.0,Ifelodun,24.767135238647484
2024-08-03,0.0,Ifelodun,25.06484756469729
2024-08-04,0.0,Ifelodun,25.079940414428734
2024-08-05,0.0,Ifelodun,25.234858449300134
2024-08-06,0.0,Ifelodun,25.4721612294515
2024-08-07,0.0,Ifelodun,24.696896489461267
2024-08-08,0.0,Ifelodun,25.29540087382003
2024-08-09,0.0,Ifelodun,25.209920501709007
2024-08-10,0.0,Ifelodun,25.46033884684249
2024-08-11,0.0,Ifelodun,25.175956344604515
2024-08-12,0.0,Ifelodun,24.68465067545577
2024-08-13,3.867249011993408,Ifelodun,24.64536374409994
2024-08-14,0.0,Ifelodun,25.3483768463135
2024-08-15,0.0,Ifelodun,25.68788553873702
2024-08-16,0.0,Ifelodun,24.203145599365257
2024-08-17,0.0,Ifelodun,25.300558344523154
2024-08-18,0.0,Ifelodun,26.121831512451195
2024-08-19,5.788388252258301,Ifelodun,24.468296305338583
2024-08-20,0.0,Ifelodun,21.909108098347986
2024-08-21,0.8472310304641724,Ifelodun,24.517174657185876
2024-08-22,4.351322650909424,Ifelodun,24.33466237386068
2024-08-23,13.453970909118652,Ifelodun,22.070195770263695
2024-08-24,2.867262363433838,Ifelodun,23.572531636555993
2024-08-25,4.114446640014648,Ifelodun,24.607924397786462
2024-08-26,4.307163715362549,Ifelodun,24.328587468465173
2024-08-27,3.792402744293213,Ifelodun,24.373460388183616
2024-08-28,1.0461524724960327,Ifelodun,25.166368103027366
2024-08-29,1.3523229360580444,Ifelodun,24.839046732584677
2024-08-30,12.648113250732422,Ifelodun,22.877175903320335
2024-08-31,3.857813596725464,Ifelodun,23.457400258382165
2024-09-01,0.0,Ifelodun,24.48285319010421
2024-09-02,0.0,Ifelodun,24.94224573771163
2024-09-03,15.263274192810059,Ifelodun,25.274069722493493
2024-09-04,0.0,Ifelodun,25.408067957560263
2024-09-05,0.0,Ifelodun,25.087293243408226
2024-09-06,0.0,Ifelodun,24.566190973917685
2024-09-07,20.51869010925293,Ifelodun,23.113830820719443
2024-09-08,0.0,Ifelodun,24.731587982177757
2024-09-09,0.0,Ifelodun,25.525647735595726
2024-09-10,20.51869010925293,Ifelodun,24.667249298095726
2024-09-11,6.140762805938721,Ifelodun,24.55171674092611
2024-09-12,0.9787882566452026,Ifelodun,24.31689287821456
2024-09-13,8.789365768432617,Ifelodun,24.415575281779013
2024-09-14,6.246558666229248,Ifelodun,23.86475842793783
2024-09-15,6.525844573974609,Ifelodun,24.717274602254236
2024-09-16,23.780487060546875,Ifelodun,25.22374560038253
2024-09-17,0.0,Ifelodun,24.885370508829794
2024-09-18,47.56097412109375,Ifelodun,23.028131103515648
2024-09-19,23.780487060546875,Ifelodun,24.266564305623376
2024-09-20,0.0,Ifelodun,24.716460164388025
2024-09-21,0.0,Ifelodun,23.63554407755538
2024-09-22,0.0,Ifelodun,24.364273961385095
2024-09-23,0.0,Ifelodun,24.881777064005576
2024-09-24,13.413846015930176,Ifelodun,24.179125722249353
2024-09-25,13.413846015930176,Ifelodun,23.94386698404952
2024-09-26,8.712425231933594,Ifelodun,24.642477289835654
2024-09-27,17.424850463867188,Ifelodun,25.432474390665732
2024-09-28,26.13727569580078,Ifelodun,24.494989013671898
2024-09-29,0.0,Ifelodun,23.975369389851892
2024-09-30,17.424850463867188,Ifelodun,24.241696929931663
2024-10-01,5.944149017333984,Ifelodun,24.209327316284202
2024-10-02,9.562566757202148,Ifelodun,25.281844075520837
2024-10-03,10.737672805786133,Ifelodun,24.301442082722986
2024-10-04,51.276222229003906,Ifelodun,23.325691477457724
2024-10-05,20.357275009155273,Ifelodun,22.84307696024581
2024-10-06,10.166349411010742,Ifelodun,23.718558883667015
2024-10-07,0.0,Ifelodun,23.695435460408532
2024-10-08,0.0,Ifelodun,24.91031926472982
2024-10-09,20.332698822021484,Ifelodun,24.70715738932296
2024-10-10,20.332698822021484,Ifelodun,24.985102589925134
2024-10-11,17.146377563476562,Ifelodun,24.864823277791345
2024-10-12,34.292755126953125,Ifelodun,24.321214930216513
2024-10-13,0.0,Ifelodun,24.72970860799154
2024-10-14,0.0,Ifelodun,24.42071431477865
2024-10-15,8.573188781738281,Ifelodun,25.179779942830407
2024-10-16,13.866771697998047,Ifelodun,24.911116536458337
2024-10-17,41.60031509399414,Ifelodun,24.39980850219729
2024-10-18,27.733543395996094,Ifelodun,24.489526367187523
2024-10-19,0.0,Ifelodun,25.475541051228845
2024-10-20,27.733543395996094,Ifelodun,25.286047236124716
2024-10-21,14.591476440429688,Ifelodun,25.10004069010421
2024-10-22,0.0,Ifelodun,24.84961090087893
2024-10-23,0.0,Ifelodun,25.80984013875326
2024-10-24,7.295738220214844,Ifelodun,26.49814122517904
2024-10-25,14.591476440429688,Ifelodun,25.608838653564476
2024-10-26,33.2440185546875,Ifelodun,26.552545166015648
2024-10-27,16.62200927734375,Ifelodun,27.22496821085616
2024-10-28,0.0,Ifelodun,26.633161799112997
2024-10-29,0.0,Ifelodun,26.51436004638674
2024-10-30,0.0,Ifelodun,26.941075261433923
2024-10-31,0.0,Ifelodun,27.367107009887718
2024-11-01,0.0,Ifelodun,26.881795501709007
2024-11-02,6.385715484619141,Ifelodun,26.95797182718917
2024-11-03,12.771430969238281,Ifelodun,26.765119806925497
2024-11-04,0.0,Ifelodun,26.956726964314782
2024-11-05,0.0,Ifelodun,26.116511281331384
2024-11-06,0.0,Ifelodun,26.0706503550212
2024-11-07,0.0,Ifelodun,27.007624562581384
2024-11-08,0.0,Ifelodun,27.63201166788741
2024-11-09,0.0,Ifelodun,27.704916890462243
2024-11-10,0.0,Ifelodun,26.919321314493857
2024-11-11,0.0,Ifelodun,26.973514175415062
2024-11-12,0.0,Ifelodun,27.269799168904626
2024-11-13,0.0,Ifelodun,28.0562517801921
2024-11-14,0.0,Ifelodun,28.021726226806663
2024-11-15,0.0,Ifelodun,27.510708745320642
2024-11-16,0.0,Ifelodun,26.750440216064476
2024-11-17,0.0,Ifelodun,25.651207224528036
2024-11-18,0.0,Ifelodun,26.726527786254906
2024-11-19,0.0,Ifelodun,26.970187759399437
2024-11-20,0.0,Ifelodun,27.12370897928878
2024-11-21,0.0,Ifelodun,26.98032468159994
2024-11-22,0.0,Ifelodun,27.048990503946982
2024-11-23,0.0,Ifelodun,26.69648132324221
2024-11-24,0.0,Ifelodun,26.314361826578818
2024-11-25,0.0,Ifelodun,26.209445571899437
2024-11-26,0.0,Ifelodun,25.906507110595726
2024-11-27,0.0,Ifelodun,26.123156483968103
2024-11-28,0.0,Ifelodun,25.763838704427087
2024-11-29,0.0,Ifelodun,25.885423278808616
2024-11-30,0.0,Ifelodun,26.383477783203148
2024-12-01,4.091824531555176,Ifelodun,27.29532076517745
2024-12-02,0.0,Ifelodun,27.349797185262048
2024-12-03,0.0,Ifelodun,26.885325368245446
2024-12-04,0.0,Ifelodun,26.83334884643557
2024-12-05,0.0,Ifelodun,26.33925336201986
2024-12-06,0.0,Ifelodun,26.664996083577478
2024-12-07,0.0,Ifelodun,26.92469495137533
2024-12-08,0.0,Ifelodun,26.63437932332357
2024-12-09,0.0,Ifelodun,27.19790929158529
2024-12-10,0.0,Ifelodun,28.100967661539755
2024-12-11,0.0,Ifelodun,28.00857060750326
2024-12-12,0.0,Ifelodun,27.830993270874046
2024-12-13,0.0,Ifelodun,27.656386311848962
2024-12-14,0.0,Ifelodun,26.882548904418968
2024-12-15,0.0,Ifelodun,26.455834325154626
2024-12-16,0.0,Ifelodun,26.965002950032556
2024-12-17,0.0,Ifelodun,27.358730570475302
2024-12-18,0.0,Ifelodun,26.760502751668298
2024-12-19,0.0,Ifelodun,25.326153055826865
2024-12-20,0.0,Ifelodun,24.52441558837893
2024-12-21,0.0,Ifelodun,25.066610590616904
2024-12-22,0.0,Ifelodun,26.246861394246423
2024-12-23,0.0,Ifelodun,26.94508768717452
2024-12-24,0.0,Ifelodun,26.97082354227706
2024-12-25,0.0,Ifelodun,27.295488611857138
2024-12-26,0.0,Ifelodun,27.405919011433923
2024-12-27,0.0,Ifelodun,27.365956878662132
2024-12-28,0.0,Ifelodun,26.868089294433616
2024-12-29,0.0,Ifelodun,27.954136149088583
2024-12-30,3.4279532432556152,Ifelodun,28.381714757283532
2024-12-31,0.0,Ifelodun,28.598524983723962
2025-01-01,0.0,Ifelodun,27.648196792602562
2025-01-02,0.0,Ifelodun,27.92949765523275
2025-01-03,0.0,Ifelodun,27.885269419352255
2025-01-04,0.0,Ifelodun,27.692867533365927
2025-01-05,0.0,Ifelodun,28.101373291015648
2025-01-06,0.0,Ifelodun,28.076893742879236
2025-01-07,0.0,Ifelodun,27.576144790649437
2025-01-08,0.0,Ifelodun,27.063097890218103
2025-01-09,0.0,Ifelodun,26.750042215983115
2025-01-10,0.0,Ifelodun,26.039825693766318
2025-01-11,0.0,Ifelodun,26.27588043212893
2025-01-12,0.0,Ifelodun,26.475673929850302
2025-01-13,0.0,Ifelodun,27.002988433837913
2025-01-14,0.0,Ifelodun,27.281534449259482
2025-01-15,0.0,Ifelodun,27.57210502624514
2025-01-16,0.0,Ifelodun,28.552564875284872
2025-01-17,0.0,Ifelodun,28.370043055216513
2025-01-18,0.0,Ifelodun,28.03458175659182
2025-01-19,0.0,Ifelodun,28.265545145670615
2025-01-20,0.0,Ifelodun,28.40853652954104
2025-01-21,0.0,Ifelodun,28.28009630839034
2025-01-22,0.0282313022762537,Ifelodun,28.561061477661156
2025-01-23,0.3816606104373932,Ifelodun,27.914897537231468
2025-01-24,1.0491467714309692,Ifelodun,28.108834203084314
2025-01-25,0.08790537714958191,Ifelodun,27.884955978393577
2025-01-26,0.0,Ifelodun,27.451202646891318
2025-01-27,0.0,Ifelodun,27.684268569946312
2025-01-28,0.0,Ifelodun,28.03754831949874
2025-01-29,0.0,Ifelodun,27.990064239501976
2025-01-30,0.0,Ifelodun,27.912225977579794
2025-01-31,0.0,Ifelodun,28.638733164469443
2025-02-01,0.0,Ifelodun,28.784511820475302
2025-02-02,0.0,Ifelodun,28.728800074259482
2025-02-03,0.0,Ifelodun,29.323464965820335
2025-02-04,0.0,Ifelodun,29.09131520589193
2025-02-05,0.0,Ifelodun,29.0412479400635
2025-02-06,1.2883117198944092,Ifelodun,29.37953338623049
2025-02-07,0.28635191917419434,Ifelodun,30.10701459248861
2025-02-08,0.0,Ifelodun,29.885959879557333
2025-02-09,0.0,Ifelodun,29.353440856933616
2025-02-10,0.2517409324645996,Ifelodun,29.607809956868493
2025-02-11,0.0,Ifelodun,29.524332300821982
2025-02-12,0.0,Ifelodun,29.658390935262048
2025-02-13,0.0,Ifelodun,29.16158256530764
2025-02-14,0.0,Ifelodun,29.1117988586426
2025-02-15,0.0,Ifelodun,28.99975420633956
2025-02-16,0.0,Ifelodun,29.15738957722982
2025-02-17,0.0,Ifelodun,29.15224100748702
2025-02-18,0.0,Ifelodun,29.267613347371423
2025-02-19,0.0,Ifelodun,29.073914464314782
2025-02-20,0.0,Ifelodun,29.624365743001306
2025-02-21,0.0,Ifelodun,29.31090888977053
2025-02-22,5.92490291595459,Ifelodun,28.077280298868857
2025-02-23,0.0,Ifelodun,27.83449198404952
2025-02-24,0.0,Ifelodun,29.712227757771814
2025-02-25,0.0,Ifelodun,29.572161610921228
2025-02-26,1.1168285608291626,Ifelodun,29.455644861857138
2025-02-27,1.1168285608291626,Ifelodun,29.958367919921898
2025-02-28,1.1168285608291626,Ifelodun,29.313320414225302
2025-03-01,0.0,Ifelodun,29.91652895609542
2025-03-02,0.0,Ifelodun,30.227440770467126
2025-03-03,0.0,Ifelodun,29.968784586588583
2025-03-04,3.2771806716918945,Ifelodun,29.364640172322595
2025-03-05,0.0,Ifelodun,28.869971211751306
2025-03-06,0.0,Ifelodun,29.451933161417685
2025-03-07,0.0,Ifelodun,30.0527225494385
2025-03-08,0.0,Ifelodun,30.430793380737327
2025-03-09,0.0,Ifelodun,30.195031102498376
2025-03-10,5.302502632141113,Ifelodun,29.658436711629236
2025-03-11,8.18441390991211,Ifelodun,29.188221232096396
2025-03-12,8.18441390991211,Ifelodun,29.839025751749716
2025-03-13,8.18441390991211,Ifelodun,29.59444707234701
2025-03-14,0.0,Ifelodun,29.836349105834984
2025-03-15,0.0,Ifelodun,29.931975301106775
2025-03-16,0.0,Ifelodun,29.894417063395224
2025-03-17,5.613651275634766,Ifelodun,30.00026092529299
2025-03-18,0.0,Ifelodun,29.985938644409202
2025-03-19,2.806825637817383,Ifelodun,29.597435887654626
2025-03-20,5.613651275634766,Ifelodun,29.20987154642745
2025-03-21,7.092841148376465,Ifelodun,29.505012766520224
2025-03-22,7.092841148376465,Ifelodun,29.189911142985068
2025-03-23,4.728560447692871,Ifelodun,28.907200113932333
2025-03-24,2.3642802238464355,Ifelodun,29.22110773722335
2025-03-25,4.728560447692871,Ifelodun,27.91874720255538
2025-03-26,3.991539478302002,Ifelodun,28.773710505167685
2025-03-27,7.983078956604004,Ifelodun,28.647501246134482
2025-03-28,3.991539478302002,Ifelodun,28.999003982543968
2025-03-29,7.983078956604004,Ifelodun,29.221127446492517
2025-03-30,7.983078956604004,Ifelodun,29.162003453572595
2025-03-31,3.991539478302002,Ifelodun,28.558975474039755
2025-04-01,0.0,Ifelodun,28.605149841308616
2025-04-02,8.955578804016113,Ifelodun,27.099808629353845
2025-04-03,0.0,Ifelodun,28.56373748779299
2025-04-04,0.0,Ifelodun,29.203703816731775
2025-04-05,0.0,Ifelodun,29.46068598429366
2025-04-06,0.0,Ifelodun,28.811812337239587
2025-04-07,4.881457805633545,Ifelodun,29.225362396240257
2025-04-08,0.0,Ifelodun,28.947761154174827
2025-04-09,7.3221869468688965,Ifelodun,28.665306981404626
2025-04-10,7.3221869468688965,Ifelodun,28.00954971313479
2025-04-11,12.123083114624023,Ifelodun,27.32809219360354
2025-04-12,4.041027545928955,Ifelodun,29.062480545043968
2025-04-13,0.0,Ifelodun,29.325598017374716
2025-04-14,0.0,Ifelodun,28.877210235595726
2025-04-15,0.0,Ifelodun,29.079485193888388
2025-04-16,2.6685938835144043,Ifelodun,28.905979410807333
2025-04-17,5.337187767028809,Ifelodun,28.854390716552757
2025-04-18,5.337187767028809,Ifelodun,29.683367029825888
2025-04-19,0.0,Ifelodun,28.69307670593264
2025-04-20,0.0,Ifelodun,28.292499160766624
2025-04-21,0.0,Ifelodun,29.170052464803064
2025-04-22,14.21006965637207,Ifelodun,28.387034988403343
2025-04-23,14.21006965637207,Ifelodun,28.385860697428427
2025-04-24,0.0,Ifelodun,28.692812856038415
2025-04-25,0.0,Ifelodun,29.604609425862634
2025-04-26,13.922298431396484,Ifelodun,27.64739252726241
2025-04-27,0.0,Ifelodun,28.005536015828454
2025-04-28,9.28153133392334,Ifelodun,28.458276367187523
2025-04-29,0.0,Ifelodun,27.585450108846032
2025-04-30,0.0,Ifelodun,27.61209640502932
2025-05-01,4.358768939971924,Ifelodun,26.69757741292318
2025-05-02,6.538153648376465,Ifelodun,26.513963953654013
2025-05-03,2.179384469985962,Ifelodun,27.43991622924807
2025-05-04,2.179384469985962,Ifelodun,27.933859761555993
2025-05-05,0.0,Ifelodun,27.518753941853845
2025-05-06,3.660064220428467,Ifelodun,27.795175806681357
2025-05-07,6.517136573791504,Ifelodun,28.71549250284835
2025-05-08,7.983093738555908,Ifelodun,28.47747128804525
2025-05-09,0.0,Ifelodun,27.25764935811361
2025-05-10,0.0,Ifelodun,27.953382110595726
2025-05-11,0.0,Ifelodun,28.01757965087893
2025-05-12,4.432018280029297,Ifelodun,28.046975708007835
2025-05-13,4.432018280029297,Ifelodun,27.1425713857015
2025-05-14,0.0,Ifelodun,27.589021301269554
2025-05-15,4.432018280029297,Ifelodun,27.837695058186853
2025-05-16,0.1438402682542801,Ifelodun,27.16324895222982
2025-05-17,8.414530754089355,Ifelodun,25.391117986043298
2025-05-18,1.3885856866836548,Ifelodun,26.019473012288415
2025-05-19,0.499589204788208,Ifelodun,27.412042236328148
2025-05-20,0.5380424857139587,Ifelodun,26.305742518107138
2025-05-21,0.0,Ifelodun,26.742601013183616
2025-05-22,0.0,Ifelodun,27.23585154215499
2025-05-23,10.96231460571289,Ifelodun,26.22281672159835
2025-05-24,0.0,Ifelodun,27.360025024414085
2025-05-25,5.481157302856445,Ifelodun,27.157898203531943
2025-05-26,0.0,Ifelodun,27.43020083109542
2025-05-27,7.036155700683594,Ifelodun,27.277490234375023
2025-05-28,3.518077850341797,Ifelodun,26.090562438964866
2025-05-29,7.036155700683594,Ifelodun,23.475529607137048
2025-05-30,0.0,Ifelodun,25.982894515991234
2025-05-31,0.0,Ifelodun,26.93961423238119
2025-06-01,7.357800483703613,Ifelodun,26.322401936848962
2025-06-02,0.0,Ifelodun,26.626990890502952
2025-06-03,14.715600967407227,Ifelodun,25.29977951049807
2025-06-04,0.0,Ifelodun,24.193770980834984
2025-06-05,7.357800483703613,Ifelodun,26.454309082031273
2025-06-06,10.085344314575195,Ifelodun,26.11768239339193
2025-06-07,5.042672157287598,Ifelodun,25.371652857462607
2025-06-08,10.085344314575195,Ifelodun,25.661751683553064
2025-06-09,10.085344314575195,Ifelodun,25.18991622924807
2025-06-10,5.042672157287598,Ifelodun,25.762233988444052
2025-06-11,15.713912963867188,Ifelodun,25.008562978108728
2025-06-12,1.0031516551971436,Ifelodun,26.227021153767907
2025-06-13,4.112543106079102,Ifelodun,26.30523007710775
2025-06-14,19.225805282592773,Ifelodun,24.770423507690452
2025-06-15,5.918006896972656,Ifelodun,25.87133051554366
2025-06-16,34.45830535888672,Ifelodun,26.391689554850302
2025-06-17,11.486101150512695,Ifelodun,26.141758219401083
2025-06-18,0.0,Ifelodun,25.701839701334677
2025-06-19,0.0,Ifelodun,25.610712941487634
2025-06-20,0.0,Ifelodun,25.142642593383812
2025-06-21,6.3960490226745605,Ifelodun,25.032629903157556
2025-06-22,0.0,Ifelodun,25.342054621378622
2025-06-23,0.0,Ifelodun,25.302792485555017
2025-06-24,12.792098045349121,Ifelodun,25.82738329569503
2025-06-25,0.0,Ifelodun,25.6110772450765
2025-06-26,16.055068969726562,Ifelodun,25.205786005655966
2025-06-27,0.0,Ifelodun,25.030695851643884
2025-06-28,0.0,Ifelodun,25.89632695515951
2025-06-29,0.0,Ifelodun,25.39582468668624
2025-06-30,8.027534484863281,Ifelodun,25.055532073974632
2025-07-01,11.924583435058594,Ifelodun,24.82788492838546
2025-07-02,26.40159034729004,Ifelodun,24.773095703125023
2025-07-03,24.75908851623535,Ifelodun,23.409946060180687
2025-07-04,3.8015596866607666,Ifelodun,22.472128168741904
2025-07-05,6.5503950119018555,Ifelodun,23.635084406534872
2025-07-06,5.0606279373168945,Ifelodun,23.604021326700888
2025-07-07,5.0606279373168945,Ifelodun,23.69139124552413
2025-07-08,20.242511749267578,Ifelodun,23.48024711608889
2025-07-09,5.0606279373168945,Ifelodun,23.406934992472372
2025-07-10,0.0,Ifelodun,24.529245630900107
2025-07-11,3.1941471099853516,Ifelodun,24.356162007649743
2025-07-12,0.0,Ifelodun,23.99285214742025
2025-07-13,0.0,Ifelodun,24.012499109904013
2025-07-14,0.0,Ifelodun,24.46033884684249
2025-07-15,0.0,Ifelodun,24.888628260294638
2025-07-16,0.0,Ifelodun,23.687822596232138
2025-07-17,0.0,Ifelodun,23.478839492797874
2025-07-18,0.0,Ifelodun,24.262859598795615
2025-07-19,0.0,Ifelodun,24.847538884480798
2025-07-20,0.0,Ifelodun,24.796482340494833
2025-07-21,0.0,Ifelodun,24.206580098470056
2025-07-22,0.0,Ifelodun,22.83176511128744
2025-07-23,0.0,Ifelodun,24.0870351155599
2025-07-24,0.0,Ifelodun,24.35592422485354
2025-07-25,0.0,Ifelodun,24.812632497151696
2025-07-26,0.0,Ifelodun,23.183419164021814
2025-07-27,0.0,Ifelodun,23.659339523315452
2025-07-28,0.0,Ifelodun,24.132133102417015
2025-07-29,0.0,Ifelodun,25.045529301961267
2025-07-30,0.0,Ifelodun,24.697588857014978
2025-07-31,0.0,Ifelodun,24.07599538167318
2025-08-01,7.9338459968566895,Ifelodun,24.02951583862307
2025-08-02,0.0,Ifelodun,24.84334843953451
2025-08-03,15.867691993713379,Ifelodun,23.872205988566122
2025-08-04,7.9338459968566895,Ifelodun,21.928188578287802
2025-08-05,0.0,Ifelodun,23.34394480387374
2025-08-06,0.0,Ifelodun,23.444392140706384
2025-08-07,8.774687767028809,Ifelodun,23.605125681559286
2025-08-08,0.0,Ifelodun,23.690620676676474
2025-08-09,0.0,Ifelodun,22.54336764017745
2025-08-10,0.0,Ifelodun,24.036961491902673
2025-08-11,0.0,Ifelodun,24.311730321248376
2025-08-12,0.0,Ifelodun,23.64434140523275
2025-08-13,0.0,Ifelodun,24.43686192830404
2025-08-14,0.0,Ifelodun,24.273252105712913
2025-08-15,12.73214054107666,Ifelodun,22.516596730550134
2025-08-16,0.0,Ifelodun,21.372574106852255
2025-08-17,11.948131561279297,Ifelodun,23.420056915283226
2025-08-18,0.0,Ifelodun,24.02735862731936
2025-08-19,0.0,Ifelodun,24.40348141988119
2025-08-20,0.0,Ifelodun,24.00947214762374
2025-08-21,0.0,Ifelodun,22.819194412231468
2025-08-22,0.0,Ifelodun,23.807848866780603
2025-08-23,0.0,Ifelodun,24.500300343831384
2025-08-24,0.0,Ifelodun,24.32989400227865
2025-08-25,0.0,Ifelodun,24.781361516316736
2025-08-26,0.0,Ifelodun,23.568718846639
2025-08-27,0.0,Ifelodun,24.418054199218773
2025-08-28,0.0,Ifelodun,24.31182696024581
2025-08-29,0.0,Ifelodun,23.81021906534835
2025-08-30,0.0,Ifelodun,23.64053624471029
2025-08-31,0.0,Ifelodun,23.943306859334314
2025-09-01,0.0,Ifelodun,24.688218688964866
2025-09-02,13.157933235168457,Ifelodun,24.829862848917685
2025-09-03,6.5789666175842285,Ifelodun,24.463920211792015
2025-09-04,0.0,Ifelodun,24.497474288940452
2025-09-05,0.0,Ifelodun,24.736688868204794
2025-09-06,0.0,Ifelodun,24.90261611938479
2025-09-07,8.562575340270996,Ifelodun,24.94134674072268
2025-09-08,17.125150680541992,Ifelodun,24.09954986572268
2025-09-09,0.0,Ifelodun,23.459725316365564
2025-09-10,0.0,Ifelodun,25.122383371988974
2025-09-11,0.0,Ifelodun,25.016129430135095
2025-09-12,16.42146873474121,Ifelodun,22.86104227701827
2025-09-13,8.210734367370605,Ifelodun,23.695033645629906
2025-09-14,0.0,Ifelodun,24.652348454793298
2025-09-15,32.84293746948242,Ifelodun,23.745975112915062
2025-09-16,12.272154808044434,Ifelodun,24.0081776936849
2025-09-17,0.0,Ifelodun,24.531724548339866
2025-09-18,24.544309616088867,Ifelodun,24.371440505981468
2025-09-19,12.272154808044434,Ifelodun,24.873101806640648
2025-09-20,36.81646728515625,Ifelodun,24.65160204569503
2025-09-21,20.304677963256836,Ifelodun,24.323770141601585
2025-09-22,10.152338981628418,Ifelodun,24.81684010823568
2025-09-23,20.304677963256836,Ifelodun,24.488918558756552
2025-09-24,10.152338981628418,Ifelodun,24.62501487731936
2025-09-25,0.0,Ifelodun,23.71286290486654
2025-09-26,0.0,Ifelodun,24.939147567749046
2025-09-27,21.272287368774414,Ifelodun,24.48448206583663
2025-09-28,42.54457473754883,Ifelodun,24.52111968994143
2025-09-29,21.272287368774414,Ifelodun,24.691355005900107
2025-09-30,0.0,Ifelodun,25.134343719482445
2025-10-01,16.62234878540039,Ifelodun,24.244965489705407
2025-10-02,0.0,Ifelodun,24.686240132649743
2025-10-03,0.0,Ifelodun,26.32495269775393
2025-10-04,16.62234878540039,Ifelodun,25.488423919677757
2025-10-05,0.0,Ifelodun,24.370015716552757
2025-10-06,1.7154632806777954,Ifelodun,24.154140090942406
2025-10-07,12.969131469726562,Ifelodun,22.44895451863607
2025-10-08,0.7619130611419678,Ifelodun,25.051532363891624
2025-10-09,0.0,Ifelodun,25.34340057373049
2025-10-10,9.282567977905273,Ifelodun,23.36080703735354
2025-10-11,8.114811897277832,Ifelodun,24.113912836710654
2025-10-12,8.114811897277832,Ifelodun,23.9815447489421
2025-10-13,8.114811897277832,Ifelodun,23.88739166259768
2025-10-14,8.114811897277832,Ifelodun,24.497812525431357
2025-10-15,24.344436645507812,Ifelodun,24.848797734578454
2025-10-16,4.280758857727051,Ifelodun,23.70478973388674
2025-10-17,4.280758857727051,Ifelodun,24.625248845418298
2025-10-18,0.0,Ifelodun,25.455943679809593
2025-10-19,0.0,Ifelodun,26.21825307210287
2025-10-20,4.280758857727051,Ifelodun,26.01527811686202
2025-10-21,0.0,Ifelodun,26.54118372599288
2025-10-22,7.621667861938477,Ifelodun,25.813343302408896
2025-10-23,7.621667861938477,Ifelodun,26.258712387084984
2025-10-24,7.621667861938477,Ifelodun,26.040766652425134
2025-10-25,7.621667861938477,Ifelodun,26.08012733459475
2025-10-26,0.0,Ifelodun,26.31791458129885
2025-10-27,0.0,Ifelodun,26.643214797973656
2025-10-28,0.0,Ifelodun,26.432860946655296
2025-10-29,5.865947246551514,Ifelodun,26.133802032470726
2025-10-30,0.0,Ifelodun,26.366858418782556
2025-10-31,0.0,Ifelodun,26.579255040486657
2025-11-01,0.0,Ifelodun,26.636904017130576
2025-11-02,0.0,Ifelodun,26.566714223225915
2025-11-03,0.0,Ifelodun,26.187954839070642
2025-11-04,7.199770450592041,Ifelodun,26.015174484252952
2025-11-05,7.199770450592041,Ifelodun,25.807999547322595
2025-11-06,10.449421882629395,Ifelodun,26.16297047932943
2025-11-07,0.0,Ifelodun,25.46190668741866
2025-11-08,0.0,Ifelodun,26.44784062703451
2025-11-09,0.0,Ifelodun,27.022304153442406
2025-11-10,0.0,Ifelodun,27.30831425984701
2025-11-11,0.0,Ifelodun,26.833358383178734
2025-11-12,4.45029878616333,Ifelodun,26.753967539469443
2025-11-13,4.45029878616333,Ifelodun,26.845957692464196
2025-11-14,0.0,Ifelodun,27.32863833109542
2025-11-15,0.0,Ifelodun,27.51869672139486
2025-11-16,0.0,Ifelodun,27.386511103312216
2025-11-17,0.0,Ifelodun,27.315803782145224
2025-11-18,0.0,Ifelodun,27.138618087768577
2025-11-19,0.0,Ifelodun,27.41840515136721
2025-11-20,0.0,Ifelodun,27.852520243326865
2025-11-21,0.5782530307769775,Ifelodun,27.774905141194665
2025-11-22,1.992386817932129,Ifelodun,28.02423693339034
2025-11-23,1.753746747970581,Ifelodun,27.706143315633142
2025-11-24,0.00019400616292841733,Ifelodun,27.74311790466311
2025-11-25,0.6726365089416504,Ifelodun,27.214819844563806
2025-11-26,0.00022728205658495426,Ifelodun,28.010790761311853
2025-11-27,0.7501125335693359,Ifelodun,28.249695714314782
2025-11-28,5.889457679586485e-05,Ifelodun,28.242944335937523
2025-11-29,0.857791543006897,Ifelodun,27.778899129231775
2025-11-30,5.844927787780762,Ifelodun,27.782017644246423
2025-12-01,0.0,Ifelodun,27.9782539367676
2025-12-02,0.0,Ifelodun,27.82941589355471
2025-12-03,0.0,Ifelodun,28.580484008789085
2025-12-04,0.0,Ifelodun,28.389178848266624
2025-12-05,0.0,Ifelodun,27.911031977335654
2025-12-06,0.0,Ifelodun,27.807218805948935
2025-12-07,0.0,Ifelodun,28.058058039347372
2025-12-08,0.0,Ifelodun,27.989129638671898
2025-12-09,0.0,Ifelodun,27.89019101460775
2025-12-10,0.0,Ifelodun,27.76203880310061
2025-12-11,0.0,Ifelodun,27.638340250651083
2025-12-12,0.0,Ifelodun,27.91350898742678
2025-12-13,0.0,Ifelodun,27.74905166625979
2025-12-14,0.0,Ifelodun,28.281533813476585
2025-12-15,0.0,Ifelodun,28.09343808492025
2025-12-16,0.0,Ifelodun,27.600031789143884
2025-12-17,0.0,Ifelodun,27.574067052205407
2025-12-18,0.0,Ifelodun,27.530528004964196
2025-12-19,0.0,Ifelodun,28.2647421518962
2025-12-20,0.0,Ifelodun,28.513638432820642
2025-12-21,0.0,Ifelodun,28.090374247233115
2025-12-22,0.0,Ifelodun,27.797978973388695
2025-12-23,0.0,Ifelodun,28.115820185343466
2025-12-24,5.317953109741211,Ifelodun,28.113352076212607
2025-12-25,0.0,Ifelodun,28.543743387858115
2025-12-26,0.0,Ifelodun,28.9946170806885
2025-12-27,5.247894287109375,Ifelodun,28.726358668009482
2025-12-28,0.0,Ifelodun,28.778447723388695
2025-12-29,0.0,Ifelodun,28.506717300415062
2025-12-30,5.247894287109375,Ifelodun,28.16887499491378
2025-12-31,0.0,Ifelodun,28.892683919270837
